observation_id,observation_type,feature_id,context_id,sample_identifier,retention_time,retention_time_units,presence_status,raw_area_or_intensity,measurement_units,technical_replicate_id,biological_replicate_id,measured_mass_value,mass_units,mass_original_token,weighed_material,mass_used_in_normalization,mass_normalization_status,other_transformation_status,source_workbook_or_publication,source_sheet,source_cell_or_range,evidence_level,conflict_status,notes
OBS-V1-00001,published_feature_presence,FEAT-BIO4,CTX-V1-011,,10.26,minutes_candidate_decimal_interpretation,reported_present,,presence_only_no_quantitative_unit,,,,,,,not_applicable,not_reported_for_published_presence,published Table S2 presence representation,source_evidence/published/insects-2378901-supplementary.pdf,Supplementary Table S2,Bio4,published_supported,false,"Presence is not concentration, abundance, behavior or ecological effect."
OBS-V1-00002,published_feature_presence,FEAT-BIO5,CTX-V1-001,,10.45,minutes_candidate_decimal_interpretation,reported_present,,presence_only_no_quantitative_unit,,,,,,,not_applicable,not_reported_for_published_presence,published Table S2 presence representation,source_evidence/published/insects-2378901-supplementary.pdf,Supplementary Table S2,Bio5,published_supported,false,"Presence is not concentration, abundance, behavior or ecological effect."
OBS-V1-00003,published_feature_presence,FEAT-BIO5,CTX-V1-012,,10.45,minutes_candidate_decimal_interpretation,reported_present,,presence_only_no_quantitative_unit,,,,,,,not_applicable,not_reported_for_published_presence,published Table S2 presence representation,source_evidence/published/insects-2378901-supplementary.pdf,Supplementary Table S2,Bio5,published_supported,false,"Presence is not concentration, abundance, behavior or ecological effect."
OBS-V1-00004,published_feature_presence,FEAT-BIO5,CTX-V1-010,,10.45,minutes_candidate_decimal_interpretation,reported_present,,presence_only_no_quantitative_unit,,,,,,,not_applicable,not_reported_for_published_presence,published Table S2 presence representation,source_evidence/published/insects-2378901-supplementary.pdf,Supplementary Table S2,Bio5,published_supported,false,"Presence is not concentration, abundance, behavior or ecological effect."
OBS-V1-00005,published_feature_presence,FEAT-BIO5,CTX-V1-009,,10.45,minutes_candidate_decimal_interpretation,reported_present,,presence_only_no_quantitative_unit,,,,,,,not_applicable,not_reported_for_published_presence,published Table S2 presence representation,source_evidence/published/insects-2378901-supplementary.pdf,Supplementary Table S2,Bio5,published_supported,false,"Presence is not concentration, abundance, behavior or ecological effect."
OBS-V1-00006,published_feature_presence,FEAT-BIO5,CTX-V1-008,,10.45,minutes_candidate_decimal_interpretation,reported_present,,presence_only_no_quantitative_unit,,,,,,,not_applicable,not_reported_for_published_presence,published Table S2 presence representation,source_evidence/published/insects-2378901-supplementary.pdf,Supplementary Table S2,Bio5,published_supported,false,"Presence is not concentration, abundance, behavior or ecological effect."
OBS-V1-00007,published_feature_presence,FEAT-BIO5,CTX-V1-005,,10.45,minutes_candidate_decimal_interpretation,reported_present,,presence_only_no_quantitative_unit,,,,,,,not_applicable,not_reported_for_published_presence,published Table S2 presence representation,source_evidence/published/insects-2378901-supplementary.pdf,Supplementary Table S2,Bio5,published_supported,false,"Presence is not concentration, abundance, behavior or ecological effect."
OBS-V1-00008,published_feature_presence,FEAT-BIO5,CTX-V1-002,,10.45,minutes_candidate_decimal_interpretation,reported_present,,presence_only_no_quantitative_unit,,,,,,,not_applicable,not_reported_for_published_presence,published Table S2 presence representation,source_evidence/published/insects-2378901-supplementary.pdf,Supplementary Table S2,Bio5,published_supported,false,"Presence is not concentration, abundance, behavior or ecological effect."
OBS-V1-00009,published_feature_presence,FEAT-BIO5,CTX-V1-007,,10.45,minutes_candidate_decimal_interpretation,reported_present,,presence_only_no_quantitative_unit,,,,,,,not_applicable,not_reported_for_published_presence,published Table S2 presence representation,source_evidence/published/insects-2378901-supplementary.pdf,Supplementary Table S2,Bio5,published_supported,false,"Presence is not concentration, abundance, behavior or ecological effect."
OBS-V1-00010,published_feature_presence,FEAT-BIO10,CTX-V1-005,,12.24,minutes_candidate_decimal_interpretation,reported_present,,presence_only_no_quantitative_unit,,,,,,,not_applicable,not_reported_for_published_presence,published Table S2 presence representation,source_evidence/published/insects-2378901-supplementary.pdf,Supplementary Table S2,Bio10,published_supported,false,"Presence is not concentration, abundance, behavior or ecological effect."
OBS-V1-00011,published_feature_presence,FEAT-BIO19,CTX-V1-001,,14.77,minutes_candidate_decimal_interpretation,reported_present,,presence_only_no_quantitative_unit,,,,,,,not_applicable,not_reported_for_published_presence,published Table S2 presence representation,source_evidence/published/insects-2378901-supplementary.pdf,Supplementary Table S2,Bio19,published_supported,false,"Presence is not concentration, abundance, behavior or ecological effect."
OBS-V1-00012,published_feature_presence,FEAT-BIO19,CTX-V1-012,,14.77,minutes_candidate_decimal_interpretation,reported_present,,presence_only_no_quantitative_unit,,,,,,,not_applicable,not_reported_for_published_presence,published Table S2 presence representation,source_evidence/published/insects-2378901-supplementary.pdf,Supplementary Table S2,Bio19,published_supported,false,"Presence is not concentration, abundance, behavior or ecological effect."
OBS-V1-00013,published_feature_presence,FEAT-BIO19,CTX-V1-008,,14.77,minutes_candidate_decimal_interpretation,reported_present,,presence_only_no_quantitative_unit,,,,,,,not_applicable,not_reported_for_published_presence,published Table S2 presence representation,source_evidence/published/insects-2378901-supplementary.pdf,Supplementary Table S2,Bio19,published_supported,false,"Presence is not concentration, abundance, behavior or ecological effect."
OBS-V1-00014,published_feature_presence,FEAT-BIO19,CTX-V1-005,,14.77,minutes_candidate_decimal_interpretation,reported_present,,presence_only_no_quantitative_unit,,,,,,,not_applicable,not_reported_for_published_presence,published Table S2 presence representation,source_evidence/published/insects-2378901-supplementary.pdf,Supplementary Table S2,Bio19,published_supported,false,"Presence is not concentration, abundance, behavior or ecological effect."
OBS-V1-00015,published_feature_presence,FEAT-BIO19,CTX-V1-006,,14.77,minutes_candidate_decimal_interpretation,reported_present,,presence_only_no_quantitative_unit,,,,,,,not_applicable,not_reported_for_published_presence,published Table S2 presence representation,source_evidence/published/insects-2378901-supplementary.pdf,Supplementary Table S2,Bio19,published_supported,false,"Presence is not concentration, abundance, behavior or ecological effect."
OBS-V1-00016,published_feature_presence,FEAT-BIO20,CTX-V1-001,,14.96,minutes_candidate_decimal_interpretation,reported_present,,presence_only_no_quantitative_unit,,,,,,,not_applicable,not_reported_for_published_presence,published Table S2 presence representation,source_evidence/published/insects-2378901-supplementary.pdf,Supplementary Table S2,Bio20,published_supported,false,"Presence is not concentration, abundance, behavior or ecological effect."
OBS-V1-00017,published_feature_presence,FEAT-BIO20,CTX-V1-011,,14.96,minutes_candidate_decimal_interpretation,reported_present,,presence_only_no_quantitative_unit,,,,,,,not_applicable,not_reported_for_published_presence,published Table S2 presence representation,source_evidence/published/insects-2378901-supplementary.pdf,Supplementary Table S2,Bio20,published_supported,false,"Presence is not concentration, abundance, behavior or ecological effect."
OBS-V1-00018,published_feature_presence,FEAT-BIO20,CTX-V1-015,,14.96,minutes_candidate_decimal_interpretation,reported_present,,presence_only_no_quantitative_unit,,,,,,,not_applicable,not_reported_for_published_presence,published Table S2 presence representation,source_evidence/published/insects-2378901-supplementary.pdf,Supplementary Table S2,Bio20,published_supported,false,"Presence is not concentration, abundance, behavior or ecological effect."
OBS-V1-00019,published_feature_presence,FEAT-BIO20,CTX-V1-012,,14.96,minutes_candidate_decimal_interpretation,reported_present,,presence_only_no_quantitative_unit,,,,,,,not_applicable,not_reported_for_published_presence,published Table S2 presence representation,source_evidence/published/insects-2378901-supplementary.pdf,Supplementary Table S2,Bio20,published_supported,false,"Presence is not concentration, abundance, behavior or ecological effect."
OBS-V1-00020,published_feature_presence,FEAT-BIO20,CTX-V1-009,,14.96,minutes_candidate_decimal_interpretation,reported_present,,presence_only_no_quantitative_unit,,,,,,,not_applicable,not_reported_for_published_presence,published Table S2 presence representation,source_evidence/published/insects-2378901-supplementary.pdf,Supplementary Table S2,Bio20,published_supported,false,"Presence is not concentration, abundance, behavior or ecological effect."
OBS-V1-00021,published_feature_presence,FEAT-BIO20,CTX-V1-014,,14.96,minutes_candidate_decimal_interpretation,reported_present,,presence_only_no_quantitative_unit,,,,,,,not_applicable,not_reported_for_published_presence,published Table S2 presence representation,source_evidence/published/insects-2378901-supplementary.pdf,Supplementary Table S2,Bio20,published_supported,false,"Presence is not concentration, abundance, behavior or ecological effect."
OBS-V1-00022,published_feature_presence,FEAT-BIO20,CTX-V1-008,,14.96,minutes_candidate_decimal_interpretation,reported_present,,presence_only_no_quantitative_unit,,,,,,,not_applicable,not_reported_for_published_presence,published Table S2 presence representation,source_evidence/published/insects-2378901-supplementary.pdf,Supplementary Table S2,Bio20,published_supported,false,"Presence is not concentration, abundance, behavior or ecological effect."
OBS-V1-00023,published_feature_presence,FEAT-BIO20,CTX-V1-004,,14.96,minutes_candidate_decimal_interpretation,reported_present,,presence_only_no_quantitative_unit,,,,,,,not_applicable,not_reported_for_published_presence,published Table S2 presence representation,source_evidence/published/insects-2378901-supplementary.pdf,Supplementary Table S2,Bio20,published_supported,false,"Presence is not concentration, abundance, behavior or ecological effect."
OBS-V1-00024,published_feature_presence,FEAT-BIO20,CTX-V1-005,,14.96,minutes_candidate_decimal_interpretation,reported_present,,presence_only_no_quantitative_unit,,,,,,,not_applicable,not_reported_for_published_presence,published Table S2 presence representation,source_evidence/published/insects-2378901-supplementary.pdf,Supplementary Table S2,Bio20,published_supported,false,"Presence is not concentration, abundance, behavior or ecological effect."
OBS-V1-00025,published_feature_presence,FEAT-BIO20,CTX-V1-003,,14.96,minutes_candidate_decimal_interpretation,reported_present,,presence_only_no_quantitative_unit,,,,,,,not_applicable,not_reported_for_published_presence,published Table S2 presence representation,source_evidence/published/insects-2378901-supplementary.pdf,Supplementary Table S2,Bio20,published_supported,false,"Presence is not concentration, abundance, behavior or ecological effect."
OBS-V1-00026,published_feature_presence,FEAT-BIO20,CTX-V1-002,,14.96,minutes_candidate_decimal_interpretation,reported_present,,presence_only_no_quantitative_unit,,,,,,,not_applicable,not_reported_for_published_presence,published Table S2 presence representation,source_evidence/published/insects-2378901-supplementary.pdf,Supplementary Table S2,Bio20,published_supported,false,"Presence is not concentration, abundance, behavior or ecological effect."
OBS-V1-00027,published_feature_presence,FEAT-BIO20,CTX-V1-007,,14.96,minutes_candidate_decimal_interpretation,reported_present,,presence_only_no_quantitative_unit,,,,,,,not_applicable,not_reported_for_published_presence,published Table S2 presence representation,source_evidence/published/insects-2378901-supplementary.pdf,Supplementary Table S2,Bio20,published_supported,false,"Presence is not concentration, abundance, behavior or ecological effect."
OBS-V1-00028,published_feature_presence,FEAT-BIO21,CTX-V1-011,,15.08,minutes_candidate_decimal_interpretation,reported_present,,presence_only_no_quantitative_unit,,,,,,,not_applicable,not_reported_for_published_presence,published Table S2 presence representation,source_evidence/published/insects-2378901-supplementary.pdf,Supplementary Table S2,Bio21,published_supported,false,"Presence is not concentration, abundance, behavior or ecological effect."
OBS-V1-00029,published_feature_presence,FEAT-BIO22,CTX-V1-012,,15.87,minutes_candidate_decimal_interpretation,reported_present,,presence_only_no_quantitative_unit,,,,,,,not_applicable,not_reported_for_published_presence,published Table S2 presence representation,source_evidence/published/insects-2378901-supplementary.pdf,Supplementary Table S2,Bio22,published_supported,false,"Presence is not concentration, abundance, behavior or ecological effect."
OBS-V1-00030,published_feature_presence,FEAT-BIO33,CTX-V1-012,,19.45,minutes_candidate_decimal_interpretation,reported_present,,presence_only_no_quantitative_unit,,,,,,,not_applicable,not_reported_for_published_presence,published Table S2 presence representation,source_evidence/published/insects-2378901-supplementary.pdf,Supplementary Table S2,Bio33,published_supported,false,"Presence is not concentration, abundance, behavior or ecological effect."
OBS-V1-00031,published_feature_presence,FEAT-BIO33,CTX-V1-005,,19.45,minutes_candidate_decimal_interpretation,reported_present,,presence_only_no_quantitative_unit,,,,,,,not_applicable,not_reported_for_published_presence,published Table S2 presence representation,source_evidence/published/insects-2378901-supplementary.pdf,Supplementary Table S2,Bio33,published_supported,false,"Presence is not concentration, abundance, behavior or ecological effect."
OBS-V1-00032,published_feature_presence,FEAT-BIO33,CTX-V1-007,,19.45,minutes_candidate_decimal_interpretation,reported_present,,presence_only_no_quantitative_unit,,,,,,,not_applicable,not_reported_for_published_presence,published Table S2 presence representation,source_evidence/published/insects-2378901-supplementary.pdf,Supplementary Table S2,Bio33,published_supported,false,"Presence is not concentration, abundance, behavior or ecological effect."
OBS-V1-00033,published_feature_presence,FEAT-BIO36,CTX-V1-011,,21.43,minutes_candidate_decimal_interpretation,reported_present,,presence_only_no_quantitative_unit,,,,,,,not_applicable,not_reported_for_published_presence,published Table S2 presence representation,source_evidence/published/insects-2378901-supplementary.pdf,Supplementary Table S2,Bio36,published_supported,false,"Presence is not concentration, abundance, behavior or ecological effect."
OBS-V1-00034,published_feature_presence,FEAT-BIO36,CTX-V1-006,,21.43,minutes_candidate_decimal_interpretation,reported_present,,presence_only_no_quantitative_unit,,,,,,,not_applicable,not_reported_for_published_presence,published Table S2 presence representation,source_evidence/published/insects-2378901-supplementary.pdf,Supplementary Table S2,Bio36,published_supported,false,"Presence is not concentration, abundance, behavior or ecological effect."
OBS-V1-00035,published_feature_presence,FEAT-BIO37,CTX-V1-011,,21.78,minutes_candidate_decimal_interpretation,reported_present,,presence_only_no_quantitative_unit,,,,,,,not_applicable,not_reported_for_published_presence,published Table S2 presence representation,source_evidence/published/insects-2378901-supplementary.pdf,Supplementary Table S2,Bio37,published_supported,false,"Presence is not concentration, abundance, behavior or ecological effect."
OBS-V1-00036,published_feature_presence,FEAT-BIO52,CTX-V1-001,,33.72,minutes_candidate_decimal_interpretation,reported_present,,presence_only_no_quantitative_unit,,,,,,,not_applicable,not_reported_for_published_presence,published Table S2 presence representation,source_evidence/published/insects-2378901-supplementary.pdf,Supplementary Table S2,Bio52,published_supported,false,"Presence is not concentration, abundance, behavior or ecological effect."
OBS-V1-00037,published_feature_presence,FEAT-BIO52,CTX-V1-011,,33.72,minutes_candidate_decimal_interpretation,reported_present,,presence_only_no_quantitative_unit,,,,,,,not_applicable,not_reported_for_published_presence,published Table S2 presence representation,source_evidence/published/insects-2378901-supplementary.pdf,Supplementary Table S2,Bio52,published_supported,false,"Presence is not concentration, abundance, behavior or ecological effect."
OBS-V1-00038,published_feature_presence,FEAT-BIO52,CTX-V1-015,,33.72,minutes_candidate_decimal_interpretation,reported_present,,presence_only_no_quantitative_unit,,,,,,,not_applicable,not_reported_for_published_presence,published Table S2 presence representation,source_evidence/published/insects-2378901-supplementary.pdf,Supplementary Table S2,Bio52,published_supported,false,"Presence is not concentration, abundance, behavior or ecological effect."
OBS-V1-00039,published_feature_presence,FEAT-BIO52,CTX-V1-012,,33.72,minutes_candidate_decimal_interpretation,reported_present,,presence_only_no_quantitative_unit,,,,,,,not_applicable,not_reported_for_published_presence,published Table S2 presence representation,source_evidence/published/insects-2378901-supplementary.pdf,Supplementary Table S2,Bio52,published_supported,false,"Presence is not concentration, abundance, behavior or ecological effect."
OBS-V1-00040,published_feature_presence,FEAT-BIO52,CTX-V1-010,,33.72,minutes_candidate_decimal_interpretation,reported_present,,presence_only_no_quantitative_unit,,,,,,,not_applicable,not_reported_for_published_presence,published Table S2 presence representation,source_evidence/published/insects-2378901-supplementary.pdf,Supplementary Table S2,Bio52,published_supported,false,"Presence is not concentration, abundance, behavior or ecological effect."
OBS-V1-00041,published_feature_presence,FEAT-BIO52,CTX-V1-009,,33.72,minutes_candidate_decimal_interpretation,reported_present,,presence_only_no_quantitative_unit,,,,,,,not_applicable,not_reported_for_published_presence,published Table S2 presence representation,source_evidence/published/insects-2378901-supplementary.pdf,Supplementary Table S2,Bio52,published_supported,false,"Presence is not concentration, abundance, behavior or ecological effect."
OBS-V1-00042,published_feature_presence,FEAT-BIO52,CTX-V1-008,,33.72,minutes_candidate_decimal_interpretation,reported_present,,presence_only_no_quantitative_unit,,,,,,,not_applicable,not_reported_for_published_presence,published Table S2 presence representation,source_evidence/published/insects-2378901-supplementary.pdf,Supplementary Table S2,Bio52,published_supported,false,"Presence is not concentration, abundance, behavior or ecological effect."
OBS-V1-00043,published_feature_presence,FEAT-BIO53,CTX-V1-010,,34.47,minutes_candidate_decimal_interpretation,reported_present,,presence_only_no_quantitative_unit,,,,,,,not_applicable,not_reported_for_published_presence,published Table S2 presence representation,source_evidence/published/insects-2378901-supplementary.pdf,Supplementary Table S2,Bio53,published_supported,false,"Presence is not concentration, abundance, behavior or ecological effect."
OBS-V1-00044,published_feature_presence,FEAT-BIO53,CTX-V1-008,,34.47,minutes_candidate_decimal_interpretation,reported_present,,presence_only_no_quantitative_unit,,,,,,,not_applicable,not_reported_for_published_presence,published Table S2 presence representation,source_evidence/published/insects-2378901-supplementary.pdf,Supplementary Table S2,Bio53,published_supported,false,"Presence is not concentration, abundance, behavior or ecological effect."
OBS-V1-00045,published_feature_presence,FEAT-BIO55,CTX-V1-001,,35.3,minutes_candidate_decimal_interpretation,reported_present,,presence_only_no_quantitative_unit,,,,,,,not_applicable,not_reported_for_published_presence,published Table S2 presence representation,source_evidence/published/insects-2378901-supplementary.pdf,Supplementary Table S2,Bio55,published_supported,false,"Presence is not concentration, abundance, behavior or ecological effect."
OBS-V1-00046,published_feature_presence,FEAT-BIO55,CTX-V1-011,,35.3,minutes_candidate_decimal_interpretation,reported_present,,presence_only_no_quantitative_unit,,,,,,,not_applicable,not_reported_for_published_presence,published Table S2 presence representation,source_evidence/published/insects-2378901-supplementary.pdf,Supplementary Table S2,Bio55,published_supported,false,"Presence is not concentration, abundance, behavior or ecological effect."
OBS-V1-00047,published_feature_presence,FEAT-BIO55,CTX-V1-015,,35.3,minutes_candidate_decimal_interpretation,reported_present,,presence_only_no_quantitative_unit,,,,,,,not_applicable,not_reported_for_published_presence,published Table S2 presence representation,source_evidence/published/insects-2378901-supplementary.pdf,Supplementary Table S2,Bio55,published_supported,false,"Presence is not concentration, abundance, behavior or ecological effect."
OBS-V1-00048,published_feature_presence,FEAT-BIO55,CTX-V1-012,,35.3,minutes_candidate_decimal_interpretation,reported_present,,presence_only_no_quantitative_unit,,,,,,,not_applicable,not_reported_for_published_presence,published Table S2 presence representation,source_evidence/published/insects-2378901-supplementary.pdf,Supplementary Table S2,Bio55,published_supported,false,"Presence is not concentration, abundance, behavior or ecological effect."
OBS-V1-00049,published_feature_presence,FEAT-BIO55,CTX-V1-010,,35.3,minutes_candidate_decimal_interpretation,reported_present,,presence_only_no_quantitative_unit,,,,,,,not_applicable,not_reported_for_published_presence,published Table S2 presence representation,source_evidence/published/insects-2378901-supplementary.pdf,Supplementary Table S2,Bio55,published_supported,false,"Presence is not concentration, abundance, behavior or ecological effect."
OBS-V1-00050,published_feature_presence,FEAT-BIO55,CTX-V1-009,,35.3,minutes_candidate_decimal_interpretation,reported_present,,presence_only_no_quantitative_unit,,,,,,,not_applicable,not_reported_for_published_presence,published Table S2 presence representation,source_evidence/published/insects-2378901-supplementary.pdf,Supplementary Table S2,Bio55,published_supported,false,"Presence is not concentration, abundance, behavior or ecological effect."
OBS-V1-00051,published_feature_presence,FEAT-BIO55,CTX-V1-008,,35.3,minutes_candidate_decimal_interpretation,reported_present,,presence_only_no_quantitative_unit,,,,,,,not_applicable,not_reported_for_published_presence,published Table S2 presence representation,source_evidence/published/insects-2378901-supplementary.pdf,Supplementary Table S2,Bio55,published_supported,false,"Presence is not concentration, abundance, behavior or ecological effect."
OBS-V1-00052,published_feature_presence,FEAT-BIO55,CTX-V1-004,,35.3,minutes_candidate_decimal_interpretation,reported_present,,presence_only_no_quantitative_unit,,,,,,,not_applicable,not_reported_for_published_presence,published Table S2 presence representation,source_evidence/published/insects-2378901-supplementary.pdf,Supplementary Table S2,Bio55,published_supported,false,"Presence is not concentration, abundance, behavior or ecological effect."
OBS-V1-00053,published_feature_presence,FEAT-BIO56,CTX-V1-001,,35.46,minutes_candidate_decimal_interpretation,reported_present,,presence_only_no_quantitative_unit,,,,,,,not_applicable,not_reported_for_published_presence,published Table S2 presence representation,source_evidence/published/insects-2378901-supplementary.pdf,Supplementary Table S2,Bio56,published_supported,false,"Presence is not concentration, abundance, behavior or ecological effect."
OBS-V1-00054,published_feature_presence,FEAT-BIO56,CTX-V1-011,,35.46,minutes_candidate_decimal_interpretation,reported_present,,presence_only_no_quantitative_unit,,,,,,,not_applicable,not_reported_for_published_presence,published Table S2 presence representation,source_evidence/published/insects-2378901-supplementary.pdf,Supplementary Table S2,Bio56,published_supported,false,"Presence is not concentration, abundance, behavior or ecological effect."
OBS-V1-00055,published_feature_presence,FEAT-BIO56,CTX-V1-015,,35.46,minutes_candidate_decimal_interpretation,reported_present,,presence_only_no_quantitative_unit,,,,,,,not_applicable,not_reported_for_published_presence,published Table S2 presence representation,source_evidence/published/insects-2378901-supplementary.pdf,Supplementary Table S2,Bio56,published_supported,false,"Presence is not concentration, abundance, behavior or ecological effect."
OBS-V1-00056,published_feature_presence,FEAT-BIO56,CTX-V1-012,,35.46,minutes_candidate_decimal_interpretation,reported_present,,presence_only_no_quantitative_unit,,,,,,,not_applicable,not_reported_for_published_presence,published Table S2 presence representation,source_evidence/published/insects-2378901-supplementary.pdf,Supplementary Table S2,Bio56,published_supported,false,"Presence is not concentration, abundance, behavior or ecological effect."
OBS-V1-00057,published_feature_presence,FEAT-BIO56,CTX-V1-010,,35.46,minutes_candidate_decimal_interpretation,reported_present,,presence_only_no_quantitative_unit,,,,,,,not_applicable,not_reported_for_published_presence,published Table S2 presence representation,source_evidence/published/insects-2378901-supplementary.pdf,Supplementary Table S2,Bio56,published_supported,false,"Presence is not concentration, abundance, behavior or ecological effect."
OBS-V1-00058,published_feature_presence,FEAT-BIO56,CTX-V1-009,,35.46,minutes_candidate_decimal_interpretation,reported_present,,presence_only_no_quantitative_unit,,,,,,,not_applicable,not_reported_for_published_presence,published Table S2 presence representation,source_evidence/published/insects-2378901-supplementary.pdf,Supplementary Table S2,Bio56,published_supported,false,"Presence is not concentration, abundance, behavior or ecological effect."
OBS-V1-00059,published_feature_presence,FEAT-BIO56,CTX-V1-008,,35.46,minutes_candidate_decimal_interpretation,reported_present,,presence_only_no_quantitative_unit,,,,,,,not_applicable,not_reported_for_published_presence,published Table S2 presence representation,source_evidence/published/insects-2378901-supplementary.pdf,Supplementary Table S2,Bio56,published_supported,false,"Presence is not concentration, abundance, behavior or ecological effect."
OBS-V1-00060,published_feature_presence,FEAT-BIO56,CTX-V1-004,,35.46,minutes_candidate_decimal_interpretation,reported_present,,presence_only_no_quantitative_unit,,,,,,,not_applicable,not_reported_for_published_presence,published Table S2 presence representation,source_evidence/published/insects-2378901-supplementary.pdf,Supplementary Table S2,Bio56,published_supported,false,"Presence is not concentration, abundance, behavior or ecological effect."
OBS-V1-00061,published_feature_presence,FEAT-BIO56,CTX-V1-005,,35.46,minutes_candidate_decimal_interpretation,reported_present,,presence_only_no_quantitative_unit,,,,,,,not_applicable,not_reported_for_published_presence,published Table S2 presence representation,source_evidence/published/insects-2378901-supplementary.pdf,Supplementary Table S2,Bio56,published_supported,false,"Presence is not concentration, abundance, behavior or ecological effect."
OBS-V1-00062,published_feature_presence,FEAT-BIO56,CTX-V1-003,,35.46,minutes_candidate_decimal_interpretation,reported_present,,presence_only_no_quantitative_unit,,,,,,,not_applicable,not_reported_for_published_presence,published Table S2 presence representation,source_evidence/published/insects-2378901-supplementary.pdf,Supplementary Table S2,Bio56,published_supported,false,"Presence is not concentration, abundance, behavior or ecological effect."
OBS-V1-00063,published_feature_presence,FEAT-BIO56,CTX-V1-006,,35.46,minutes_candidate_decimal_interpretation,reported_present,,presence_only_no_quantitative_unit,,,,,,,not_applicable,not_reported_for_published_presence,published Table S2 presence representation,source_evidence/published/insects-2378901-supplementary.pdf,Supplementary Table S2,Bio56,published_supported,false,"Presence is not concentration, abundance, behavior or ecological effect."
OBS-V1-00064,published_feature_presence,FEAT-BIO56,CTX-V1-002,,35.46,minutes_candidate_decimal_interpretation,reported_present,,presence_only_no_quantitative_unit,,,,,,,not_applicable,not_reported_for_published_presence,published Table S2 presence representation,source_evidence/published/insects-2378901-supplementary.pdf,Supplementary Table S2,Bio56,published_supported,false,"Presence is not concentration, abundance, behavior or ecological effect."
OBS-V1-00065,published_feature_presence,FEAT-BIO56,CTX-V1-007,,35.46,minutes_candidate_decimal_interpretation,reported_present,,presence_only_no_quantitative_unit,,,,,,,not_applicable,not_reported_for_published_presence,published Table S2 presence representation,source_evidence/published/insects-2378901-supplementary.pdf,Supplementary Table S2,Bio56,published_supported,false,"Presence is not concentration, abundance, behavior or ecological effect."
OBS-V1-00066,published_feature_presence,FEAT-BIO59,CTX-V1-008,,36.75,minutes_candidate_decimal_interpretation,reported_present,,presence_only_no_quantitative_unit,,,,,,,not_applicable,not_reported_for_published_presence,published Table S2 presence representation,source_evidence/published/insects-2378901-supplementary.pdf,Supplementary Table S2,Bio59,published_supported,false,"Presence is not concentration, abundance, behavior or ecological effect."
OBS-V1-00067,published_feature_presence,FEAT-BIO61,CTX-V1-010,,37.14,minutes_candidate_decimal_interpretation,reported_present,,presence_only_no_quantitative_unit,,,,,,,not_applicable,not_reported_for_published_presence,published Table S2 presence representation,source_evidence/published/insects-2378901-supplementary.pdf,Supplementary Table S2,Bio61,published_supported,false,"Presence is not concentration, abundance, behavior or ecological effect."
OBS-V1-00068,published_feature_presence,FEAT-BIO61,CTX-V1-009,,37.14,minutes_candidate_decimal_interpretation,reported_present,,presence_only_no_quantitative_unit,,,,,,,not_applicable,not_reported_for_published_presence,published Table S2 presence representation,source_evidence/published/insects-2378901-supplementary.pdf,Supplementary Table S2,Bio61,published_supported,false,"Presence is not concentration, abundance, behavior or ecological effect."
OBS-V1-00069,published_feature_presence,FEAT-BIO62,CTX-V1-008,,37.41,minutes_candidate_decimal_interpretation,reported_present,,presence_only_no_quantitative_unit,,,,,,,not_applicable,not_reported_for_published_presence,published Table S2 presence representation,source_evidence/published/insects-2378901-supplementary.pdf,Supplementary Table S2,Bio62,published_supported,false,"Presence is not concentration, abundance, behavior or ecological effect."
OBS-V1-00070,published_feature_presence,FEAT-BIO3,CTX-V1-001,,10.09,minutes_candidate_decimal_interpretation,reported_present,,presence_only_no_quantitative_unit,,,,,,,not_applicable,not_reported_for_published_presence,published Table S2 presence representation,source_evidence/published/insects-2378901-supplementary.pdf,Supplementary Table S2,Bio3,published_supported,false,"Presence is not concentration, abundance, behavior or ecological effect."
OBS-V1-00071,published_feature_presence,FEAT-BIO3,CTX-V1-011,,10.09,minutes_candidate_decimal_interpretation,reported_present,,presence_only_no_quantitative_unit,,,,,,,not_applicable,not_reported_for_published_presence,published Table S2 presence representation,source_evidence/published/insects-2378901-supplementary.pdf,Supplementary Table S2,Bio3,published_supported,false,"Presence is not concentration, abundance, behavior or ecological effect."
OBS-V1-00072,published_feature_presence,FEAT-BIO3,CTX-V1-015,,10.09,minutes_candidate_decimal_interpretation,reported_present,,presence_only_no_quantitative_unit,,,,,,,not_applicable,not_reported_for_published_presence,published Table S2 presence representation,source_evidence/published/insects-2378901-supplementary.pdf,Supplementary Table S2,Bio3,published_supported,false,"Presence is not concentration, abundance, behavior or ecological effect."
OBS-V1-00073,published_feature_presence,FEAT-BIO3,CTX-V1-009,,10.09,minutes_candidate_decimal_interpretation,reported_present,,presence_only_no_quantitative_unit,,,,,,,not_applicable,not_reported_for_published_presence,published Table S2 presence representation,source_evidence/published/insects-2378901-supplementary.pdf,Supplementary Table S2,Bio3,published_supported,false,"Presence is not concentration, abundance, behavior or ecological effect."
OBS-V1-00074,published_feature_presence,FEAT-BIO3,CTX-V1-008,,10.09,minutes_candidate_decimal_interpretation,reported_present,,presence_only_no_quantitative_unit,,,,,,,not_applicable,not_reported_for_published_presence,published Table S2 presence representation,source_evidence/published/insects-2378901-supplementary.pdf,Supplementary Table S2,Bio3,published_supported,false,"Presence is not concentration, abundance, behavior or ecological effect."
OBS-V1-00075,published_feature_presence,FEAT-BIO13,CTX-V1-001,,13.07,minutes_candidate_decimal_interpretation,reported_present,,presence_only_no_quantitative_unit,,,,,,,not_applicable,not_reported_for_published_presence,published Table S2 presence representation,source_evidence/published/insects-2378901-supplementary.pdf,Supplementary Table S2,Bio13,published_supported,false,"Presence is not concentration, abundance, behavior or ecological effect."
OBS-V1-00076,published_feature_presence,FEAT-BIO13,CTX-V1-011,,13.07,minutes_candidate_decimal_interpretation,reported_present,,presence_only_no_quantitative_unit,,,,,,,not_applicable,not_reported_for_published_presence,published Table S2 presence representation,source_evidence/published/insects-2378901-supplementary.pdf,Supplementary Table S2,Bio13,published_supported,false,"Presence is not concentration, abundance, behavior or ecological effect."
OBS-V1-00077,published_feature_presence,FEAT-BIO13,CTX-V1-015,,13.07,minutes_candidate_decimal_interpretation,reported_present,,presence_only_no_quantitative_unit,,,,,,,not_applicable,not_reported_for_published_presence,published Table S2 presence representation,source_evidence/published/insects-2378901-supplementary.pdf,Supplementary Table S2,Bio13,published_supported,false,"Presence is not concentration, abundance, behavior or ecological effect."
OBS-V1-00078,published_feature_presence,FEAT-BIO13,CTX-V1-012,,13.07,minutes_candidate_decimal_interpretation,reported_present,,presence_only_no_quantitative_unit,,,,,,,not_applicable,not_reported_for_published_presence,published Table S2 presence representation,source_evidence/published/insects-2378901-supplementary.pdf,Supplementary Table S2,Bio13,published_supported,false,"Presence is not concentration, abundance, behavior or ecological effect."
OBS-V1-00079,published_feature_presence,FEAT-BIO13,CTX-V1-009,,13.07,minutes_candidate_decimal_interpretation,reported_present,,presence_only_no_quantitative_unit,,,,,,,not_applicable,not_reported_for_published_presence,published Table S2 presence representation,source_evidence/published/insects-2378901-supplementary.pdf,Supplementary Table S2,Bio13,published_supported,false,"Presence is not concentration, abundance, behavior or ecological effect."
OBS-V1-00080,published_feature_presence,FEAT-BIO13,CTX-V1-014,,13.07,minutes_candidate_decimal_interpretation,reported_present,,presence_only_no_quantitative_unit,,,,,,,not_applicable,not_reported_for_published_presence,published Table S2 presence representation,source_evidence/published/insects-2378901-supplementary.pdf,Supplementary Table S2,Bio13,published_supported,false,"Presence is not concentration, abundance, behavior or ecological effect."
OBS-V1-00081,published_feature_presence,FEAT-BIO13,CTX-V1-008,,13.07,minutes_candidate_decimal_interpretation,reported_present,,presence_only_no_quantitative_unit,,,,,,,not_applicable,not_reported_for_published_presence,published Table S2 presence representation,source_evidence/published/insects-2378901-supplementary.pdf,Supplementary Table S2,Bio13,published_supported,false,"Presence is not concentration, abundance, behavior or ecological effect."
OBS-V1-00082,published_feature_presence,FEAT-BIO13,CTX-V1-004,,13.07,minutes_candidate_decimal_interpretation,reported_present,,presence_only_no_quantitative_unit,,,,,,,not_applicable,not_reported_for_published_presence,published Table S2 presence representation,source_evidence/published/insects-2378901-supplementary.pdf,Supplementary Table S2,Bio13,published_supported,false,"Presence is not concentration, abundance, behavior or ecological effect."
OBS-V1-00083,published_feature_presence,FEAT-BIO13,CTX-V1-013,,13.07,minutes_candidate_decimal_interpretation,reported_present,,presence_only_no_quantitative_unit,,,,,,,not_applicable,not_reported_for_published_presence,published Table S2 presence representation,source_evidence/published/insects-2378901-supplementary.pdf,Supplementary Table S2,Bio13,published_supported,false,"Presence is not concentration, abundance, behavior or ecological effect."
OBS-V1-00084,published_feature_presence,FEAT-BIO57,CTX-V1-015,,35.65,minutes_candidate_decimal_interpretation,reported_present,,presence_only_no_quantitative_unit,,,,,,,not_applicable,not_reported_for_published_presence,published Table S2 presence representation,source_evidence/published/insects-2378901-supplementary.pdf,Supplementary Table S2,Bio57,published_supported,false,"Presence is not concentration, abundance, behavior or ecological effect."
OBS-V1-00085,published_feature_presence,FEAT-BIO57,CTX-V1-012,,35.65,minutes_candidate_decimal_interpretation,reported_present,,presence_only_no_quantitative_unit,,,,,,,not_applicable,not_reported_for_published_presence,published Table S2 presence representation,source_evidence/published/insects-2378901-supplementary.pdf,Supplementary Table S2,Bio57,published_supported,false,"Presence is not concentration, abundance, behavior or ecological effect."
OBS-V1-00086,published_feature_presence,FEAT-BIO8,CTX-V1-001,,11.91,minutes_candidate_decimal_interpretation,reported_present,,presence_only_no_quantitative_unit,,,,,,,not_applicable,not_reported_for_published_presence,published Table S2 presence representation,source_evidence/published/insects-2378901-supplementary.pdf,Supplementary Table S2,Bio8,published_supported,false,"Presence is not concentration, abundance, behavior or ecological effect."
OBS-V1-00087,published_feature_presence,FEAT-BIO8,CTX-V1-011,,11.91,minutes_candidate_decimal_interpretation,reported_present,,presence_only_no_quantitative_unit,,,,,,,not_applicable,not_reported_for_published_presence,published Table S2 presence representation,source_evidence/published/insects-2378901-supplementary.pdf,Supplementary Table S2,Bio8,published_supported,false,"Presence is not concentration, abundance, behavior or ecological effect."
OBS-V1-00088,published_feature_presence,FEAT-BIO8,CTX-V1-015,,11.91,minutes_candidate_decimal_interpretation,reported_present,,presence_only_no_quantitative_unit,,,,,,,not_applicable,not_reported_for_published_presence,published Table S2 presence representation,source_evidence/published/insects-2378901-supplementary.pdf,Supplementary Table S2,Bio8,published_supported,false,"Presence is not concentration, abundance, behavior or ecological effect."
OBS-V1-00089,published_feature_presence,FEAT-BIO8,CTX-V1-012,,11.91,minutes_candidate_decimal_interpretation,reported_present,,presence_only_no_quantitative_unit,,,,,,,not_applicable,not_reported_for_published_presence,published Table S2 presence representation,source_evidence/published/insects-2378901-supplementary.pdf,Supplementary Table S2,Bio8,published_supported,false,"Presence is not concentration, abundance, behavior or ecological effect."
OBS-V1-00090,published_feature_presence,FEAT-BIO8,CTX-V1-009,,11.91,minutes_candidate_decimal_interpretation,reported_present,,presence_only_no_quantitative_unit,,,,,,,not_applicable,not_reported_for_published_presence,published Table S2 presence representation,source_evidence/published/insects-2378901-supplementary.pdf,Supplementary Table S2,Bio8,published_supported,false,"Presence is not concentration, abundance, behavior or ecological effect."
OBS-V1-00091,published_feature_presence,FEAT-BIO8,CTX-V1-008,,11.91,minutes_candidate_decimal_interpretation,reported_present,,presence_only_no_quantitative_unit,,,,,,,not_applicable,not_reported_for_published_presence,published Table S2 presence representation,source_evidence/published/insects-2378901-supplementary.pdf,Supplementary Table S2,Bio8,published_supported,false,"Presence is not concentration, abundance, behavior or ecological effect."
OBS-V1-00092,published_feature_presence,FEAT-BIO8,CTX-V1-004,,11.91,minutes_candidate_decimal_interpretation,reported_present,,presence_only_no_quantitative_unit,,,,,,,not_applicable,not_reported_for_published_presence,published Table S2 presence representation,source_evidence/published/insects-2378901-supplementary.pdf,Supplementary Table S2,Bio8,published_supported,false,"Presence is not concentration, abundance, behavior or ecological effect."
OBS-V1-00093,published_feature_presence,FEAT-BIO17,CTX-V1-001,,14.03,minutes_candidate_decimal_interpretation,reported_present,,presence_only_no_quantitative_unit,,,,,,,not_applicable,not_reported_for_published_presence,published Table S2 presence representation,source_evidence/published/insects-2378901-supplementary.pdf,Supplementary Table S2,Bio17,published_supported,false,"Presence is not concentration, abundance, behavior or ecological effect."
OBS-V1-00094,published_feature_presence,FEAT-BIO17,CTX-V1-011,,14.03,minutes_candidate_decimal_interpretation,reported_present,,presence_only_no_quantitative_unit,,,,,,,not_applicable,not_reported_for_published_presence,published Table S2 presence representation,source_evidence/published/insects-2378901-supplementary.pdf,Supplementary Table S2,Bio17,published_supported,false,"Presence is not concentration, abundance, behavior or ecological effect."
OBS-V1-00095,published_feature_presence,FEAT-BIO17,CTX-V1-012,,14.03,minutes_candidate_decimal_interpretation,reported_present,,presence_only_no_quantitative_unit,,,,,,,not_applicable,not_reported_for_published_presence,published Table S2 presence representation,source_evidence/published/insects-2378901-supplementary.pdf,Supplementary Table S2,Bio17,published_supported,false,"Presence is not concentration, abundance, behavior or ecological effect."
OBS-V1-00096,published_feature_presence,FEAT-BIO17,CTX-V1-009,,14.03,minutes_candidate_decimal_interpretation,reported_present,,presence_only_no_quantitative_unit,,,,,,,not_applicable,not_reported_for_published_presence,published Table S2 presence representation,source_evidence/published/insects-2378901-supplementary.pdf,Supplementary Table S2,Bio17,published_supported,false,"Presence is not concentration, abundance, behavior or ecological effect."
OBS-V1-00097,published_feature_presence,FEAT-BIO17,CTX-V1-014,,14.03,minutes_candidate_decimal_interpretation,reported_present,,presence_only_no_quantitative_unit,,,,,,,not_applicable,not_reported_for_published_presence,published Table S2 presence representation,source_evidence/published/insects-2378901-supplementary.pdf,Supplementary Table S2,Bio17,published_supported,false,"Presence is not concentration, abundance, behavior or ecological effect."
OBS-V1-00098,published_feature_presence,FEAT-BIO17,CTX-V1-004,,14.03,minutes_candidate_decimal_interpretation,reported_present,,presence_only_no_quantitative_unit,,,,,,,not_applicable,not_reported_for_published_presence,published Table S2 presence representation,source_evidence/published/insects-2378901-supplementary.pdf,Supplementary Table S2,Bio17,published_supported,false,"Presence is not concentration, abundance, behavior or ecological effect."
OBS-V1-00099,published_feature_presence,FEAT-BIO17,CTX-V1-005,,14.03,minutes_candidate_decimal_interpretation,reported_present,,presence_only_no_quantitative_unit,,,,,,,not_applicable,not_reported_for_published_presence,published Table S2 presence representation,source_evidence/published/insects-2378901-supplementary.pdf,Supplementary Table S2,Bio17,published_supported,false,"Presence is not concentration, abundance, behavior or ecological effect."
OBS-V1-00100,published_feature_presence,FEAT-BIO17,CTX-V1-006,,14.03,minutes_candidate_decimal_interpretation,reported_present,,presence_only_no_quantitative_unit,,,,,,,not_applicable,not_reported_for_published_presence,published Table S2 presence representation,source_evidence/published/insects-2378901-supplementary.pdf,Supplementary Table S2,Bio17,published_supported,false,"Presence is not concentration, abundance, behavior or ecological effect."
OBS-V1-00101,published_feature_presence,FEAT-BIO17,CTX-V1-002,,14.03,minutes_candidate_decimal_interpretation,reported_present,,presence_only_no_quantitative_unit,,,,,,,not_applicable,not_reported_for_published_presence,published Table S2 presence representation,source_evidence/published/insects-2378901-supplementary.pdf,Supplementary Table S2,Bio17,published_supported,false,"Presence is not concentration, abundance, behavior or ecological effect."
OBS-V1-00102,published_feature_presence,FEAT-BIO17,CTX-V1-007,,14.03,minutes_candidate_decimal_interpretation,reported_present,,presence_only_no_quantitative_unit,,,,,,,not_applicable,not_reported_for_published_presence,published Table S2 presence representation,source_evidence/published/insects-2378901-supplementary.pdf,Supplementary Table S2,Bio17,published_supported,false,"Presence is not concentration, abundance, behavior or ecological effect."
OBS-V1-00103,published_feature_presence,FEAT-BIO31,CTX-V1-001,,18.95,minutes_candidate_decimal_interpretation,reported_present,,presence_only_no_quantitative_unit,,,,,,,not_applicable,not_reported_for_published_presence,published Table S2 presence representation,source_evidence/published/insects-2378901-supplementary.pdf,Supplementary Table S2,Bio31,published_supported,false,"Presence is not concentration, abundance, behavior or ecological effect."
OBS-V1-00104,published_feature_presence,FEAT-BIO31,CTX-V1-011,,18.95,minutes_candidate_decimal_interpretation,reported_present,,presence_only_no_quantitative_unit,,,,,,,not_applicable,not_reported_for_published_presence,published Table S2 presence representation,source_evidence/published/insects-2378901-supplementary.pdf,Supplementary Table S2,Bio31,published_supported,false,"Presence is not concentration, abundance, behavior or ecological effect."
OBS-V1-00105,published_feature_presence,FEAT-BIO31,CTX-V1-012,,18.95,minutes_candidate_decimal_interpretation,reported_present,,presence_only_no_quantitative_unit,,,,,,,not_applicable,not_reported_for_published_presence,published Table S2 presence representation,source_evidence/published/insects-2378901-supplementary.pdf,Supplementary Table S2,Bio31,published_supported,false,"Presence is not concentration, abundance, behavior or ecological effect."
OBS-V1-00106,published_feature_presence,FEAT-BIO31,CTX-V1-009,,18.95,minutes_candidate_decimal_interpretation,reported_present,,presence_only_no_quantitative_unit,,,,,,,not_applicable,not_reported_for_published_presence,published Table S2 presence representation,source_evidence/published/insects-2378901-supplementary.pdf,Supplementary Table S2,Bio31,published_supported,false,"Presence is not concentration, abundance, behavior or ecological effect."
OBS-V1-00107,published_feature_presence,FEAT-BIO31,CTX-V1-014,,18.95,minutes_candidate_decimal_interpretation,reported_present,,presence_only_no_quantitative_unit,,,,,,,not_applicable,not_reported_for_published_presence,published Table S2 presence representation,source_evidence/published/insects-2378901-supplementary.pdf,Supplementary Table S2,Bio31,published_supported,false,"Presence is not concentration, abundance, behavior or ecological effect."
OBS-V1-00108,published_feature_presence,FEAT-BIO31,CTX-V1-008,,18.95,minutes_candidate_decimal_interpretation,reported_present,,presence_only_no_quantitative_unit,,,,,,,not_applicable,not_reported_for_published_presence,published Table S2 presence representation,source_evidence/published/insects-2378901-supplementary.pdf,Supplementary Table S2,Bio31,published_supported,false,"Presence is not concentration, abundance, behavior or ecological effect."
OBS-V1-00109,published_feature_presence,FEAT-BIO31,CTX-V1-004,,18.95,minutes_candidate_decimal_interpretation,reported_present,,presence_only_no_quantitative_unit,,,,,,,not_applicable,not_reported_for_published_presence,published Table S2 presence representation,source_evidence/published/insects-2378901-supplementary.pdf,Supplementary Table S2,Bio31,published_supported,false,"Presence is not concentration, abundance, behavior or ecological effect."
OBS-V1-00110,published_feature_presence,FEAT-BIO31,CTX-V1-005,,18.95,minutes_candidate_decimal_interpretation,reported_present,,presence_only_no_quantitative_unit,,,,,,,not_applicable,not_reported_for_published_presence,published Table S2 presence representation,source_evidence/published/insects-2378901-supplementary.pdf,Supplementary Table S2,Bio31,published_supported,false,"Presence is not concentration, abundance, behavior or ecological effect."
OBS-V1-00111,published_feature_presence,FEAT-BIO31,CTX-V1-002,,18.95,minutes_candidate_decimal_interpretation,reported_present,,presence_only_no_quantitative_unit,,,,,,,not_applicable,not_reported_for_published_presence,published Table S2 presence representation,source_evidence/published/insects-2378901-supplementary.pdf,Supplementary Table S2,Bio31,published_supported,false,"Presence is not concentration, abundance, behavior or ecological effect."
OBS-V1-00112,published_feature_presence,FEAT-BIO31,CTX-V1-007,,18.95,minutes_candidate_decimal_interpretation,reported_present,,presence_only_no_quantitative_unit,,,,,,,not_applicable,not_reported_for_published_presence,published Table S2 presence representation,source_evidence/published/insects-2378901-supplementary.pdf,Supplementary Table S2,Bio31,published_supported,false,"Presence is not concentration, abundance, behavior or ecological effect."
OBS-V1-00113,published_feature_presence,FEAT-BIO2,CTX-V1-001,,9.63,minutes_candidate_decimal_interpretation,reported_present,,presence_only_no_quantitative_unit,,,,,,,not_applicable,not_reported_for_published_presence,published Table S2 presence representation,source_evidence/published/insects-2378901-supplementary.pdf,Supplementary Table S2,Bio2,published_supported,false,"Presence is not concentration, abundance, behavior or ecological effect."
OBS-V1-00114,published_feature_presence,FEAT-BIO39,CTX-V1-011,,23.25,minutes_candidate_decimal_interpretation,reported_present,,presence_only_no_quantitative_unit,,,,,,,not_applicable,not_reported_for_published_presence,published Table S2 presence representation,source_evidence/published/insects-2378901-supplementary.pdf,Supplementary Table S2,Bio39,published_supported,false,"Presence is not concentration, abundance, behavior or ecological effect."
OBS-V1-00115,published_feature_presence,FEAT-BIO39,CTX-V1-012,,23.25,minutes_candidate_decimal_interpretation,reported_present,,presence_only_no_quantitative_unit,,,,,,,not_applicable,not_reported_for_published_presence,published Table S2 presence representation,source_evidence/published/insects-2378901-supplementary.pdf,Supplementary Table S2,Bio39,published_supported,false,"Presence is not concentration, abundance, behavior or ecological effect."
OBS-V1-00116,published_feature_presence,FEAT-BIO39,CTX-V1-004,,23.25,minutes_candidate_decimal_interpretation,reported_present,,presence_only_no_quantitative_unit,,,,,,,not_applicable,not_reported_for_published_presence,published Table S2 presence representation,source_evidence/published/insects-2378901-supplementary.pdf,Supplementary Table S2,Bio39,published_supported,false,"Presence is not concentration, abundance, behavior or ecological effect."
OBS-V1-00117,published_feature_presence,FEAT-BIO39,CTX-V1-013,,23.25,minutes_candidate_decimal_interpretation,reported_present,,presence_only_no_quantitative_unit,,,,,,,not_applicable,not_reported_for_published_presence,published Table S2 presence representation,source_evidence/published/insects-2378901-supplementary.pdf,Supplementary Table S2,Bio39,published_supported,false,"Presence is not concentration, abundance, behavior or ecological effect."
OBS-V1-00118,published_feature_presence,FEAT-BIO66,CTX-V1-001,,41.32,minutes_candidate_decimal_interpretation,reported_present,,presence_only_no_quantitative_unit,,,,,,,not_applicable,not_reported_for_published_presence,published Table S2 presence representation,source_evidence/published/insects-2378901-supplementary.pdf,Supplementary Table S2,Bio66,published_supported,false,"Presence is not concentration, abundance, behavior or ecological effect."
OBS-V1-00119,published_feature_presence,FEAT-BIO66,CTX-V1-011,,41.32,minutes_candidate_decimal_interpretation,reported_present,,presence_only_no_quantitative_unit,,,,,,,not_applicable,not_reported_for_published_presence,published Table S2 presence representation,source_evidence/published/insects-2378901-supplementary.pdf,Supplementary Table S2,Bio66,published_supported,false,"Presence is not concentration, abundance, behavior or ecological effect."
OBS-V1-00120,published_feature_presence,FEAT-BIO66,CTX-V1-002,,41.32,minutes_candidate_decimal_interpretation,reported_present,,presence_only_no_quantitative_unit,,,,,,,not_applicable,not_reported_for_published_presence,published Table S2 presence representation,source_evidence/published/insects-2378901-supplementary.pdf,Supplementary Table S2,Bio66,published_supported,false,"Presence is not concentration, abundance, behavior or ecological effect."
OBS-V1-00121,published_feature_presence,FEAT-BIO66,CTX-V1-007,,41.32,minutes_candidate_decimal_interpretation,reported_present,,presence_only_no_quantitative_unit,,,,,,,not_applicable,not_reported_for_published_presence,published Table S2 presence representation,source_evidence/published/insects-2378901-supplementary.pdf,Supplementary Table S2,Bio66,published_supported,false,"Presence is not concentration, abundance, behavior or ecological effect."
OBS-V1-00122,published_feature_presence,FEAT-BIO77,CTX-V1-001,,55.6,minutes_candidate_decimal_interpretation,reported_present,,presence_only_no_quantitative_unit,,,,,,,not_applicable,not_reported_for_published_presence,published Table S2 presence representation,source_evidence/published/insects-2378901-supplementary.pdf,Supplementary Table S2,Bio77,published_supported,false,"Presence is not concentration, abundance, behavior or ecological effect."
OBS-V1-00123,published_feature_presence,FEAT-BIO77,CTX-V1-012,,55.6,minutes_candidate_decimal_interpretation,reported_present,,presence_only_no_quantitative_unit,,,,,,,not_applicable,not_reported_for_published_presence,published Table S2 presence representation,source_evidence/published/insects-2378901-supplementary.pdf,Supplementary Table S2,Bio77,published_supported,false,"Presence is not concentration, abundance, behavior or ecological effect."
OBS-V1-00124,published_feature_presence,FEAT-BIO78,CTX-V1-011,,55.89,minutes_candidate_decimal_interpretation,reported_present,,presence_only_no_quantitative_unit,,,,,,,not_applicable,not_reported_for_published_presence,published Table S2 presence representation,source_evidence/published/insects-2378901-supplementary.pdf,Supplementary Table S2,Bio78,published_supported,false,"Presence is not concentration, abundance, behavior or ecological effect."
OBS-V1-00125,published_feature_presence,FEAT-BIO81,CTX-V1-011,,58.84,minutes_candidate_decimal_interpretation,reported_present,,presence_only_no_quantitative_unit,,,,,,,not_applicable,not_reported_for_published_presence,published Table S2 presence representation,source_evidence/published/insects-2378901-supplementary.pdf,Supplementary Table S2,Bio81,published_supported,false,"Presence is not concentration, abundance, behavior or ecological effect."
OBS-V1-00126,published_feature_presence,FEAT-BIO15,CTX-V1-001,,13.64,minutes_candidate_decimal_interpretation,reported_present,,presence_only_no_quantitative_unit,,,,,,,not_applicable,not_reported_for_published_presence,published Table S2 presence representation,source_evidence/published/insects-2378901-supplementary.pdf,Supplementary Table S2,Bio15,published_supported,false,"Presence is not concentration, abundance, behavior or ecological effect."
OBS-V1-00127,published_feature_presence,FEAT-BIO15,CTX-V1-013,,13.64,minutes_candidate_decimal_interpretation,reported_present,,presence_only_no_quantitative_unit,,,,,,,not_applicable,not_reported_for_published_presence,published Table S2 presence representation,source_evidence/published/insects-2378901-supplementary.pdf,Supplementary Table S2,Bio15,published_supported,false,"Presence is not concentration, abundance, behavior or ecological effect."
OBS-V1-00128,published_feature_presence,FEAT-BIO30,CTX-V1-001,,18.62,minutes_candidate_decimal_interpretation,reported_present,,presence_only_no_quantitative_unit,,,,,,,not_applicable,not_reported_for_published_presence,published Table S2 presence representation,source_evidence/published/insects-2378901-supplementary.pdf,Supplementary Table S2,Bio30,published_supported,false,"Presence is not concentration, abundance, behavior or ecological effect."
OBS-V1-00129,published_feature_presence,FEAT-BIO30,CTX-V1-011,,18.62,minutes_candidate_decimal_interpretation,reported_present,,presence_only_no_quantitative_unit,,,,,,,not_applicable,not_reported_for_published_presence,published Table S2 presence representation,source_evidence/published/insects-2378901-supplementary.pdf,Supplementary Table S2,Bio30,published_supported,false,"Presence is not concentration, abundance, behavior or ecological effect."
OBS-V1-00130,published_feature_presence,FEAT-BIO30,CTX-V1-015,,18.62,minutes_candidate_decimal_interpretation,reported_present,,presence_only_no_quantitative_unit,,,,,,,not_applicable,not_reported_for_published_presence,published Table S2 presence representation,source_evidence/published/insects-2378901-supplementary.pdf,Supplementary Table S2,Bio30,published_supported,false,"Presence is not concentration, abundance, behavior or ecological effect."
OBS-V1-00131,published_feature_presence,FEAT-BIO30,CTX-V1-012,,18.62,minutes_candidate_decimal_interpretation,reported_present,,presence_only_no_quantitative_unit,,,,,,,not_applicable,not_reported_for_published_presence,published Table S2 presence representation,source_evidence/published/insects-2378901-supplementary.pdf,Supplementary Table S2,Bio30,published_supported,false,"Presence is not concentration, abundance, behavior or ecological effect."
OBS-V1-00132,published_feature_presence,FEAT-BIO30,CTX-V1-010,,18.62,minutes_candidate_decimal_interpretation,reported_present,,presence_only_no_quantitative_unit,,,,,,,not_applicable,not_reported_for_published_presence,published Table S2 presence representation,source_evidence/published/insects-2378901-supplementary.pdf,Supplementary Table S2,Bio30,published_supported,false,"Presence is not concentration, abundance, behavior or ecological effect."
OBS-V1-00133,published_feature_presence,FEAT-BIO30,CTX-V1-009,,18.62,minutes_candidate_decimal_interpretation,reported_present,,presence_only_no_quantitative_unit,,,,,,,not_applicable,not_reported_for_published_presence,published Table S2 presence representation,source_evidence/published/insects-2378901-supplementary.pdf,Supplementary Table S2,Bio30,published_supported,false,"Presence is not concentration, abundance, behavior or ecological effect."
OBS-V1-00134,published_feature_presence,FEAT-BIO30,CTX-V1-014,,18.62,minutes_candidate_decimal_interpretation,reported_present,,presence_only_no_quantitative_unit,,,,,,,not_applicable,not_reported_for_published_presence,published Table S2 presence representation,source_evidence/published/insects-2378901-supplementary.pdf,Supplementary Table S2,Bio30,published_supported,false,"Presence is not concentration, abundance, behavior or ecological effect."
OBS-V1-00135,published_feature_presence,FEAT-BIO30,CTX-V1-008,,18.62,minutes_candidate_decimal_interpretation,reported_present,,presence_only_no_quantitative_unit,,,,,,,not_applicable,not_reported_for_published_presence,published Table S2 presence representation,source_evidence/published/insects-2378901-supplementary.pdf,Supplementary Table S2,Bio30,published_supported,false,"Presence is not concentration, abundance, behavior or ecological effect."
OBS-V1-00136,published_feature_presence,FEAT-BIO30,CTX-V1-004,,18.62,minutes_candidate_decimal_interpretation,reported_present,,presence_only_no_quantitative_unit,,,,,,,not_applicable,not_reported_for_published_presence,published Table S2 presence representation,source_evidence/published/insects-2378901-supplementary.pdf,Supplementary Table S2,Bio30,published_supported,false,"Presence is not concentration, abundance, behavior or ecological effect."
OBS-V1-00137,published_feature_presence,FEAT-BIO30,CTX-V1-005,,18.62,minutes_candidate_decimal_interpretation,reported_present,,presence_only_no_quantitative_unit,,,,,,,not_applicable,not_reported_for_published_presence,published Table S2 presence representation,source_evidence/published/insects-2378901-supplementary.pdf,Supplementary Table S2,Bio30,published_supported,false,"Presence is not concentration, abundance, behavior or ecological effect."
OBS-V1-00138,published_feature_presence,FEAT-BIO30,CTX-V1-003,,18.62,minutes_candidate_decimal_interpretation,reported_present,,presence_only_no_quantitative_unit,,,,,,,not_applicable,not_reported_for_published_presence,published Table S2 presence representation,source_evidence/published/insects-2378901-supplementary.pdf,Supplementary Table S2,Bio30,published_supported,false,"Presence is not concentration, abundance, behavior or ecological effect."
OBS-V1-00139,published_feature_presence,FEAT-BIO30,CTX-V1-006,,18.62,minutes_candidate_decimal_interpretation,reported_present,,presence_only_no_quantitative_unit,,,,,,,not_applicable,not_reported_for_published_presence,published Table S2 presence representation,source_evidence/published/insects-2378901-supplementary.pdf,Supplementary Table S2,Bio30,published_supported,false,"Presence is not concentration, abundance, behavior or ecological effect."
OBS-V1-00140,published_feature_presence,FEAT-BIO30,CTX-V1-002,,18.62,minutes_candidate_decimal_interpretation,reported_present,,presence_only_no_quantitative_unit,,,,,,,not_applicable,not_reported_for_published_presence,published Table S2 presence representation,source_evidence/published/insects-2378901-supplementary.pdf,Supplementary Table S2,Bio30,published_supported,false,"Presence is not concentration, abundance, behavior or ecological effect."
OBS-V1-00141,published_feature_presence,FEAT-BIO30,CTX-V1-007,,18.62,minutes_candidate_decimal_interpretation,reported_present,,presence_only_no_quantitative_unit,,,,,,,not_applicable,not_reported_for_published_presence,published Table S2 presence representation,source_evidence/published/insects-2378901-supplementary.pdf,Supplementary Table S2,Bio30,published_supported,false,"Presence is not concentration, abundance, behavior or ecological effect."
OBS-V1-00142,published_feature_presence,FEAT-BIO40,CTX-V1-001,,23.69,minutes_candidate_decimal_interpretation,reported_present,,presence_only_no_quantitative_unit,,,,,,,not_applicable,not_reported_for_published_presence,published Table S2 presence representation,source_evidence/published/insects-2378901-supplementary.pdf,Supplementary Table S2,Bio40,published_supported,false,"Presence is not concentration, abundance, behavior or ecological effect."
OBS-V1-00143,published_feature_presence,FEAT-BIO40,CTX-V1-011,,23.69,minutes_candidate_decimal_interpretation,reported_present,,presence_only_no_quantitative_unit,,,,,,,not_applicable,not_reported_for_published_presence,published Table S2 presence representation,source_evidence/published/insects-2378901-supplementary.pdf,Supplementary Table S2,Bio40,published_supported,false,"Presence is not concentration, abundance, behavior or ecological effect."
OBS-V1-00144,published_feature_presence,FEAT-BIO40,CTX-V1-015,,23.69,minutes_candidate_decimal_interpretation,reported_present,,presence_only_no_quantitative_unit,,,,,,,not_applicable,not_reported_for_published_presence,published Table S2 presence representation,source_evidence/published/insects-2378901-supplementary.pdf,Supplementary Table S2,Bio40,published_supported,false,"Presence is not concentration, abundance, behavior or ecological effect."
OBS-V1-00145,published_feature_presence,FEAT-BIO40,CTX-V1-012,,23.69,minutes_candidate_decimal_interpretation,reported_present,,presence_only_no_quantitative_unit,,,,,,,not_applicable,not_reported_for_published_presence,published Table S2 presence representation,source_evidence/published/insects-2378901-supplementary.pdf,Supplementary Table S2,Bio40,published_supported,false,"Presence is not concentration, abundance, behavior or ecological effect."
OBS-V1-00146,published_feature_presence,FEAT-BIO40,CTX-V1-009,,23.69,minutes_candidate_decimal_interpretation,reported_present,,presence_only_no_quantitative_unit,,,,,,,not_applicable,not_reported_for_published_presence,published Table S2 presence representation,source_evidence/published/insects-2378901-supplementary.pdf,Supplementary Table S2,Bio40,published_supported,false,"Presence is not concentration, abundance, behavior or ecological effect."
OBS-V1-00147,published_feature_presence,FEAT-BIO40,CTX-V1-008,,23.69,minutes_candidate_decimal_interpretation,reported_present,,presence_only_no_quantitative_unit,,,,,,,not_applicable,not_reported_for_published_presence,published Table S2 presence representation,source_evidence/published/insects-2378901-supplementary.pdf,Supplementary Table S2,Bio40,published_supported,false,"Presence is not concentration, abundance, behavior or ecological effect."
OBS-V1-00148,published_feature_presence,FEAT-BIO40,CTX-V1-004,,23.69,minutes_candidate_decimal_interpretation,reported_present,,presence_only_no_quantitative_unit,,,,,,,not_applicable,not_reported_for_published_presence,published Table S2 presence representation,source_evidence/published/insects-2378901-supplementary.pdf,Supplementary Table S2,Bio40,published_supported,false,"Presence is not concentration, abundance, behavior or ecological effect."
OBS-V1-00149,published_feature_presence,FEAT-BIO40,CTX-V1-003,,23.69,minutes_candidate_decimal_interpretation,reported_present,,presence_only_no_quantitative_unit,,,,,,,not_applicable,not_reported_for_published_presence,published Table S2 presence representation,source_evidence/published/insects-2378901-supplementary.pdf,Supplementary Table S2,Bio40,published_supported,false,"Presence is not concentration, abundance, behavior or ecological effect."
OBS-V1-00150,published_feature_presence,FEAT-BIO40,CTX-V1-002,,23.69,minutes_candidate_decimal_interpretation,reported_present,,presence_only_no_quantitative_unit,,,,,,,not_applicable,not_reported_for_published_presence,published Table S2 presence representation,source_evidence/published/insects-2378901-supplementary.pdf,Supplementary Table S2,Bio40,published_supported,false,"Presence is not concentration, abundance, behavior or ecological effect."
OBS-V1-00151,published_feature_presence,FEAT-BIO40,CTX-V1-007,,23.69,minutes_candidate_decimal_interpretation,reported_present,,presence_only_no_quantitative_unit,,,,,,,not_applicable,not_reported_for_published_presence,published Table S2 presence representation,source_evidence/published/insects-2378901-supplementary.pdf,Supplementary Table S2,Bio40,published_supported,false,"Presence is not concentration, abundance, behavior or ecological effect."
OBS-V1-00152,published_feature_presence,FEAT-BIO40,CTX-V1-013,,23.69,minutes_candidate_decimal_interpretation,reported_present,,presence_only_no_quantitative_unit,,,,,,,not_applicable,not_reported_for_published_presence,published Table S2 presence representation,source_evidence/published/insects-2378901-supplementary.pdf,Supplementary Table S2,Bio40,published_supported,false,"Presence is not concentration, abundance, behavior or ecological effect."
OBS-V1-00153,published_feature_presence,FEAT-BIO43,CTX-V1-001,,26.88,minutes_candidate_decimal_interpretation,reported_present,,presence_only_no_quantitative_unit,,,,,,,not_applicable,not_reported_for_published_presence,published Table S2 presence representation,source_evidence/published/insects-2378901-supplementary.pdf,Supplementary Table S2,Bio43,published_supported,false,"Presence is not concentration, abundance, behavior or ecological effect."
OBS-V1-00154,published_feature_presence,FEAT-BIO43,CTX-V1-011,,26.88,minutes_candidate_decimal_interpretation,reported_present,,presence_only_no_quantitative_unit,,,,,,,not_applicable,not_reported_for_published_presence,published Table S2 presence representation,source_evidence/published/insects-2378901-supplementary.pdf,Supplementary Table S2,Bio43,published_supported,false,"Presence is not concentration, abundance, behavior or ecological effect."
OBS-V1-00155,published_feature_presence,FEAT-BIO43,CTX-V1-010,,26.88,minutes_candidate_decimal_interpretation,reported_present,,presence_only_no_quantitative_unit,,,,,,,not_applicable,not_reported_for_published_presence,published Table S2 presence representation,source_evidence/published/insects-2378901-supplementary.pdf,Supplementary Table S2,Bio43,published_supported,false,"Presence is not concentration, abundance, behavior or ecological effect."
OBS-V1-00156,published_feature_presence,FEAT-BIO43,CTX-V1-009,,26.88,minutes_candidate_decimal_interpretation,reported_present,,presence_only_no_quantitative_unit,,,,,,,not_applicable,not_reported_for_published_presence,published Table S2 presence representation,source_evidence/published/insects-2378901-supplementary.pdf,Supplementary Table S2,Bio43,published_supported,false,"Presence is not concentration, abundance, behavior or ecological effect."
OBS-V1-00157,published_feature_presence,FEAT-BIO43,CTX-V1-008,,26.88,minutes_candidate_decimal_interpretation,reported_present,,presence_only_no_quantitative_unit,,,,,,,not_applicable,not_reported_for_published_presence,published Table S2 presence representation,source_evidence/published/insects-2378901-supplementary.pdf,Supplementary Table S2,Bio43,published_supported,false,"Presence is not concentration, abundance, behavior or ecological effect."
OBS-V1-00158,published_feature_presence,FEAT-BIO44,CTX-V1-001,,27.26,minutes_candidate_decimal_interpretation,reported_present,,presence_only_no_quantitative_unit,,,,,,,not_applicable,not_reported_for_published_presence,published Table S2 presence representation,source_evidence/published/insects-2378901-supplementary.pdf,Supplementary Table S2,Bio44,published_supported,false,"Presence is not concentration, abundance, behavior or ecological effect."
OBS-V1-00159,published_feature_presence,FEAT-BIO44,CTX-V1-013,,27.26,minutes_candidate_decimal_interpretation,reported_present,,presence_only_no_quantitative_unit,,,,,,,not_applicable,not_reported_for_published_presence,published Table S2 presence representation,source_evidence/published/insects-2378901-supplementary.pdf,Supplementary Table S2,Bio44,published_supported,false,"Presence is not concentration, abundance, behavior or ecological effect."
OBS-V1-00160,published_feature_presence,FEAT-BIO45,CTX-V1-001,,28.55,minutes_candidate_decimal_interpretation,reported_present,,presence_only_no_quantitative_unit,,,,,,,not_applicable,not_reported_for_published_presence,published Table S2 presence representation,source_evidence/published/insects-2378901-supplementary.pdf,Supplementary Table S2,Bio45,published_supported,false,"Presence is not concentration, abundance, behavior or ecological effect."
OBS-V1-00161,published_feature_presence,FEAT-BIO45,CTX-V1-011,,28.55,minutes_candidate_decimal_interpretation,reported_present,,presence_only_no_quantitative_unit,,,,,,,not_applicable,not_reported_for_published_presence,published Table S2 presence representation,source_evidence/published/insects-2378901-supplementary.pdf,Supplementary Table S2,Bio45,published_supported,false,"Presence is not concentration, abundance, behavior or ecological effect."
OBS-V1-00162,published_feature_presence,FEAT-BIO45,CTX-V1-015,,28.55,minutes_candidate_decimal_interpretation,reported_present,,presence_only_no_quantitative_unit,,,,,,,not_applicable,not_reported_for_published_presence,published Table S2 presence representation,source_evidence/published/insects-2378901-supplementary.pdf,Supplementary Table S2,Bio45,published_supported,false,"Presence is not concentration, abundance, behavior or ecological effect."
OBS-V1-00163,published_feature_presence,FEAT-BIO45,CTX-V1-012,,28.55,minutes_candidate_decimal_interpretation,reported_present,,presence_only_no_quantitative_unit,,,,,,,not_applicable,not_reported_for_published_presence,published Table S2 presence representation,source_evidence/published/insects-2378901-supplementary.pdf,Supplementary Table S2,Bio45,published_supported,false,"Presence is not concentration, abundance, behavior or ecological effect."
OBS-V1-00164,published_feature_presence,FEAT-BIO45,CTX-V1-009,,28.55,minutes_candidate_decimal_interpretation,reported_present,,presence_only_no_quantitative_unit,,,,,,,not_applicable,not_reported_for_published_presence,published Table S2 presence representation,source_evidence/published/insects-2378901-supplementary.pdf,Supplementary Table S2,Bio45,published_supported,false,"Presence is not concentration, abundance, behavior or ecological effect."
OBS-V1-00165,published_feature_presence,FEAT-BIO45,CTX-V1-008,,28.55,minutes_candidate_decimal_interpretation,reported_present,,presence_only_no_quantitative_unit,,,,,,,not_applicable,not_reported_for_published_presence,published Table S2 presence representation,source_evidence/published/insects-2378901-supplementary.pdf,Supplementary Table S2,Bio45,published_supported,false,"Presence is not concentration, abundance, behavior or ecological effect."
OBS-V1-00166,published_feature_presence,FEAT-BIO45,CTX-V1-007,,28.55,minutes_candidate_decimal_interpretation,reported_present,,presence_only_no_quantitative_unit,,,,,,,not_applicable,not_reported_for_published_presence,published Table S2 presence representation,source_evidence/published/insects-2378901-supplementary.pdf,Supplementary Table S2,Bio45,published_supported,false,"Presence is not concentration, abundance, behavior or ecological effect."
OBS-V1-00167,published_feature_presence,FEAT-BIO47,CTX-V1-013,,29.41,minutes_candidate_decimal_interpretation,reported_present,,presence_only_no_quantitative_unit,,,,,,,not_applicable,not_reported_for_published_presence,published Table S2 presence representation,source_evidence/published/insects-2378901-supplementary.pdf,Supplementary Table S2,Bio47,published_supported,false,"Presence is not concentration, abundance, behavior or ecological effect."
OBS-V1-00168,published_feature_presence,FEAT-BIO48,CTX-V1-001,,29.52,minutes_candidate_decimal_interpretation,reported_present,,presence_only_no_quantitative_unit,,,,,,,not_applicable,not_reported_for_published_presence,published Table S2 presence representation,source_evidence/published/insects-2378901-supplementary.pdf,Supplementary Table S2,Bio48,published_supported,false,"Presence is not concentration, abundance, behavior or ecological effect."
OBS-V1-00169,published_feature_presence,FEAT-BIO50,CTX-V1-001,,33.15,minutes_candidate_decimal_interpretation,reported_present,,presence_only_no_quantitative_unit,,,,,,,not_applicable,not_reported_for_published_presence,published Table S2 presence representation,source_evidence/published/insects-2378901-supplementary.pdf,Supplementary Table S2,Bio50,published_supported,false,"Presence is not concentration, abundance, behavior or ecological effect."
OBS-V1-00170,published_feature_presence,FEAT-BIO50,CTX-V1-011,,33.15,minutes_candidate_decimal_interpretation,reported_present,,presence_only_no_quantitative_unit,,,,,,,not_applicable,not_reported_for_published_presence,published Table S2 presence representation,source_evidence/published/insects-2378901-supplementary.pdf,Supplementary Table S2,Bio50,published_supported,false,"Presence is not concentration, abundance, behavior or ecological effect."
OBS-V1-00171,published_feature_presence,FEAT-BIO50,CTX-V1-015,,33.15,minutes_candidate_decimal_interpretation,reported_present,,presence_only_no_quantitative_unit,,,,,,,not_applicable,not_reported_for_published_presence,published Table S2 presence representation,source_evidence/published/insects-2378901-supplementary.pdf,Supplementary Table S2,Bio50,published_supported,false,"Presence is not concentration, abundance, behavior or ecological effect."
OBS-V1-00172,published_feature_presence,FEAT-BIO50,CTX-V1-012,,33.15,minutes_candidate_decimal_interpretation,reported_present,,presence_only_no_quantitative_unit,,,,,,,not_applicable,not_reported_for_published_presence,published Table S2 presence representation,source_evidence/published/insects-2378901-supplementary.pdf,Supplementary Table S2,Bio50,published_supported,false,"Presence is not concentration, abundance, behavior or ecological effect."
OBS-V1-00173,published_feature_presence,FEAT-BIO50,CTX-V1-009,,33.15,minutes_candidate_decimal_interpretation,reported_present,,presence_only_no_quantitative_unit,,,,,,,not_applicable,not_reported_for_published_presence,published Table S2 presence representation,source_evidence/published/insects-2378901-supplementary.pdf,Supplementary Table S2,Bio50,published_supported,false,"Presence is not concentration, abundance, behavior or ecological effect."
OBS-V1-00174,published_feature_presence,FEAT-BIO50,CTX-V1-008,,33.15,minutes_candidate_decimal_interpretation,reported_present,,presence_only_no_quantitative_unit,,,,,,,not_applicable,not_reported_for_published_presence,published Table S2 presence representation,source_evidence/published/insects-2378901-supplementary.pdf,Supplementary Table S2,Bio50,published_supported,false,"Presence is not concentration, abundance, behavior or ecological effect."
OBS-V1-00175,published_feature_presence,FEAT-BIO50,CTX-V1-004,,33.15,minutes_candidate_decimal_interpretation,reported_present,,presence_only_no_quantitative_unit,,,,,,,not_applicable,not_reported_for_published_presence,published Table S2 presence representation,source_evidence/published/insects-2378901-supplementary.pdf,Supplementary Table S2,Bio50,published_supported,false,"Presence is not concentration, abundance, behavior or ecological effect."
OBS-V1-00176,published_feature_presence,FEAT-BIO50,CTX-V1-005,,33.15,minutes_candidate_decimal_interpretation,reported_present,,presence_only_no_quantitative_unit,,,,,,,not_applicable,not_reported_for_published_presence,published Table S2 presence representation,source_evidence/published/insects-2378901-supplementary.pdf,Supplementary Table S2,Bio50,published_supported,false,"Presence is not concentration, abundance, behavior or ecological effect."
OBS-V1-00177,published_feature_presence,FEAT-BIO50,CTX-V1-003,,33.15,minutes_candidate_decimal_interpretation,reported_present,,presence_only_no_quantitative_unit,,,,,,,not_applicable,not_reported_for_published_presence,published Table S2 presence representation,source_evidence/published/insects-2378901-supplementary.pdf,Supplementary Table S2,Bio50,published_supported,false,"Presence is not concentration, abundance, behavior or ecological effect."
OBS-V1-00178,published_feature_presence,FEAT-BIO50,CTX-V1-006,,33.15,minutes_candidate_decimal_interpretation,reported_present,,presence_only_no_quantitative_unit,,,,,,,not_applicable,not_reported_for_published_presence,published Table S2 presence representation,source_evidence/published/insects-2378901-supplementary.pdf,Supplementary Table S2,Bio50,published_supported,false,"Presence is not concentration, abundance, behavior or ecological effect."
OBS-V1-00179,published_feature_presence,FEAT-BIO50,CTX-V1-002,,33.15,minutes_candidate_decimal_interpretation,reported_present,,presence_only_no_quantitative_unit,,,,,,,not_applicable,not_reported_for_published_presence,published Table S2 presence representation,source_evidence/published/insects-2378901-supplementary.pdf,Supplementary Table S2,Bio50,published_supported,false,"Presence is not concentration, abundance, behavior or ecological effect."
OBS-V1-00180,published_feature_presence,FEAT-BIO50,CTX-V1-007,,33.15,minutes_candidate_decimal_interpretation,reported_present,,presence_only_no_quantitative_unit,,,,,,,not_applicable,not_reported_for_published_presence,published Table S2 presence representation,source_evidence/published/insects-2378901-supplementary.pdf,Supplementary Table S2,Bio50,published_supported,false,"Presence is not concentration, abundance, behavior or ecological effect."
OBS-V1-00181,published_feature_presence,FEAT-BIO50,CTX-V1-013,,33.15,minutes_candidate_decimal_interpretation,reported_present,,presence_only_no_quantitative_unit,,,,,,,not_applicable,not_reported_for_published_presence,published Table S2 presence representation,source_evidence/published/insects-2378901-supplementary.pdf,Supplementary Table S2,Bio50,published_supported,false,"Presence is not concentration, abundance, behavior or ecological effect."
OBS-V1-00182,published_feature_presence,FEAT-BIO60,CTX-V1-001,,36.97,minutes_candidate_decimal_interpretation,reported_present,,presence_only_no_quantitative_unit,,,,,,,not_applicable,not_reported_for_published_presence,published Table S2 presence representation,source_evidence/published/insects-2378901-supplementary.pdf,Supplementary Table S2,Bio60,published_supported,false,"Presence is not concentration, abundance, behavior or ecological effect."
OBS-V1-00183,published_feature_presence,FEAT-BIO60,CTX-V1-008,,36.97,minutes_candidate_decimal_interpretation,reported_present,,presence_only_no_quantitative_unit,,,,,,,not_applicable,not_reported_for_published_presence,published Table S2 presence representation,source_evidence/published/insects-2378901-supplementary.pdf,Supplementary Table S2,Bio60,published_supported,false,"Presence is not concentration, abundance, behavior or ecological effect."
OBS-V1-00184,published_feature_presence,FEAT-BIO63,CTX-V1-001,,37.58,minutes_candidate_decimal_interpretation,reported_present,,presence_only_no_quantitative_unit,,,,,,,not_applicable,not_reported_for_published_presence,published Table S2 presence representation,source_evidence/published/insects-2378901-supplementary.pdf,Supplementary Table S2,Bio63,published_supported,false,"Presence is not concentration, abundance, behavior or ecological effect."
OBS-V1-00185,published_feature_presence,FEAT-BIO63,CTX-V1-011,,37.58,minutes_candidate_decimal_interpretation,reported_present,,presence_only_no_quantitative_unit,,,,,,,not_applicable,not_reported_for_published_presence,published Table S2 presence representation,source_evidence/published/insects-2378901-supplementary.pdf,Supplementary Table S2,Bio63,published_supported,false,"Presence is not concentration, abundance, behavior or ecological effect."
OBS-V1-00186,published_feature_presence,FEAT-BIO63,CTX-V1-015,,37.58,minutes_candidate_decimal_interpretation,reported_present,,presence_only_no_quantitative_unit,,,,,,,not_applicable,not_reported_for_published_presence,published Table S2 presence representation,source_evidence/published/insects-2378901-supplementary.pdf,Supplementary Table S2,Bio63,published_supported,false,"Presence is not concentration, abundance, behavior or ecological effect."
OBS-V1-00187,published_feature_presence,FEAT-BIO63,CTX-V1-012,,37.58,minutes_candidate_decimal_interpretation,reported_present,,presence_only_no_quantitative_unit,,,,,,,not_applicable,not_reported_for_published_presence,published Table S2 presence representation,source_evidence/published/insects-2378901-supplementary.pdf,Supplementary Table S2,Bio63,published_supported,false,"Presence is not concentration, abundance, behavior or ecological effect."
OBS-V1-00188,published_feature_presence,FEAT-BIO63,CTX-V1-009,,37.58,minutes_candidate_decimal_interpretation,reported_present,,presence_only_no_quantitative_unit,,,,,,,not_applicable,not_reported_for_published_presence,published Table S2 presence representation,source_evidence/published/insects-2378901-supplementary.pdf,Supplementary Table S2,Bio63,published_supported,false,"Presence is not concentration, abundance, behavior or ecological effect."
OBS-V1-00189,published_feature_presence,FEAT-BIO63,CTX-V1-008,,37.58,minutes_candidate_decimal_interpretation,reported_present,,presence_only_no_quantitative_unit,,,,,,,not_applicable,not_reported_for_published_presence,published Table S2 presence representation,source_evidence/published/insects-2378901-supplementary.pdf,Supplementary Table S2,Bio63,published_supported,false,"Presence is not concentration, abundance, behavior or ecological effect."
OBS-V1-00190,published_feature_presence,FEAT-BIO63,CTX-V1-003,,37.58,minutes_candidate_decimal_interpretation,reported_present,,presence_only_no_quantitative_unit,,,,,,,not_applicable,not_reported_for_published_presence,published Table S2 presence representation,source_evidence/published/insects-2378901-supplementary.pdf,Supplementary Table S2,Bio63,published_supported,false,"Presence is not concentration, abundance, behavior or ecological effect."
OBS-V1-00191,published_feature_presence,FEAT-BIO63,CTX-V1-002,,37.58,minutes_candidate_decimal_interpretation,reported_present,,presence_only_no_quantitative_unit,,,,,,,not_applicable,not_reported_for_published_presence,published Table S2 presence representation,source_evidence/published/insects-2378901-supplementary.pdf,Supplementary Table S2,Bio63,published_supported,false,"Presence is not concentration, abundance, behavior or ecological effect."
OBS-V1-00192,published_feature_presence,FEAT-BIO63,CTX-V1-007,,37.58,minutes_candidate_decimal_interpretation,reported_present,,presence_only_no_quantitative_unit,,,,,,,not_applicable,not_reported_for_published_presence,published Table S2 presence representation,source_evidence/published/insects-2378901-supplementary.pdf,Supplementary Table S2,Bio63,published_supported,false,"Presence is not concentration, abundance, behavior or ecological effect."
OBS-V1-00193,published_feature_presence,FEAT-BIO65,CTX-V1-001,,38.98,minutes_candidate_decimal_interpretation,reported_present,,presence_only_no_quantitative_unit,,,,,,,not_applicable,not_reported_for_published_presence,published Table S2 presence representation,source_evidence/published/insects-2378901-supplementary.pdf,Supplementary Table S2,Bio65,published_supported,false,"Presence is not concentration, abundance, behavior or ecological effect."
OBS-V1-00194,published_feature_presence,FEAT-BIO65,CTX-V1-012,,38.98,minutes_candidate_decimal_interpretation,reported_present,,presence_only_no_quantitative_unit,,,,,,,not_applicable,not_reported_for_published_presence,published Table S2 presence representation,source_evidence/published/insects-2378901-supplementary.pdf,Supplementary Table S2,Bio65,published_supported,false,"Presence is not concentration, abundance, behavior or ecological effect."
OBS-V1-00195,published_feature_presence,FEAT-BIO68,CTX-V1-001,,41.95,minutes_candidate_decimal_interpretation,reported_present,,presence_only_no_quantitative_unit,,,,,,,not_applicable,not_reported_for_published_presence,published Table S2 presence representation,source_evidence/published/insects-2378901-supplementary.pdf,Supplementary Table S2,Bio68,published_supported,false,"Presence is not concentration, abundance, behavior or ecological effect."
OBS-V1-00196,published_feature_presence,FEAT-BIO68,CTX-V1-011,,41.95,minutes_candidate_decimal_interpretation,reported_present,,presence_only_no_quantitative_unit,,,,,,,not_applicable,not_reported_for_published_presence,published Table S2 presence representation,source_evidence/published/insects-2378901-supplementary.pdf,Supplementary Table S2,Bio68,published_supported,false,"Presence is not concentration, abundance, behavior or ecological effect."
OBS-V1-00197,published_feature_presence,FEAT-BIO68,CTX-V1-015,,41.95,minutes_candidate_decimal_interpretation,reported_present,,presence_only_no_quantitative_unit,,,,,,,not_applicable,not_reported_for_published_presence,published Table S2 presence representation,source_evidence/published/insects-2378901-supplementary.pdf,Supplementary Table S2,Bio68,published_supported,false,"Presence is not concentration, abundance, behavior or ecological effect."
OBS-V1-00198,published_feature_presence,FEAT-BIO68,CTX-V1-012,,41.95,minutes_candidate_decimal_interpretation,reported_present,,presence_only_no_quantitative_unit,,,,,,,not_applicable,not_reported_for_published_presence,published Table S2 presence representation,source_evidence/published/insects-2378901-supplementary.pdf,Supplementary Table S2,Bio68,published_supported,false,"Presence is not concentration, abundance, behavior or ecological effect."
OBS-V1-00199,published_feature_presence,FEAT-BIO68,CTX-V1-009,,41.95,minutes_candidate_decimal_interpretation,reported_present,,presence_only_no_quantitative_unit,,,,,,,not_applicable,not_reported_for_published_presence,published Table S2 presence representation,source_evidence/published/insects-2378901-supplementary.pdf,Supplementary Table S2,Bio68,published_supported,false,"Presence is not concentration, abundance, behavior or ecological effect."
OBS-V1-00200,published_feature_presence,FEAT-BIO68,CTX-V1-008,,41.95,minutes_candidate_decimal_interpretation,reported_present,,presence_only_no_quantitative_unit,,,,,,,not_applicable,not_reported_for_published_presence,published Table S2 presence representation,source_evidence/published/insects-2378901-supplementary.pdf,Supplementary Table S2,Bio68,published_supported,false,"Presence is not concentration, abundance, behavior or ecological effect."
OBS-V1-00201,published_feature_presence,FEAT-BIO68,CTX-V1-004,,41.95,minutes_candidate_decimal_interpretation,reported_present,,presence_only_no_quantitative_unit,,,,,,,not_applicable,not_reported_for_published_presence,published Table S2 presence representation,source_evidence/published/insects-2378901-supplementary.pdf,Supplementary Table S2,Bio68,published_supported,false,"Presence is not concentration, abundance, behavior or ecological effect."
OBS-V1-00202,published_feature_presence,FEAT-BIO68,CTX-V1-005,,41.95,minutes_candidate_decimal_interpretation,reported_present,,presence_only_no_quantitative_unit,,,,,,,not_applicable,not_reported_for_published_presence,published Table S2 presence representation,source_evidence/published/insects-2378901-supplementary.pdf,Supplementary Table S2,Bio68,published_supported,false,"Presence is not concentration, abundance, behavior or ecological effect."
OBS-V1-00203,published_feature_presence,FEAT-BIO68,CTX-V1-003,,41.95,minutes_candidate_decimal_interpretation,reported_present,,presence_only_no_quantitative_unit,,,,,,,not_applicable,not_reported_for_published_presence,published Table S2 presence representation,source_evidence/published/insects-2378901-supplementary.pdf,Supplementary Table S2,Bio68,published_supported,false,"Presence is not concentration, abundance, behavior or ecological effect."
OBS-V1-00204,published_feature_presence,FEAT-BIO68,CTX-V1-006,,41.95,minutes_candidate_decimal_interpretation,reported_present,,presence_only_no_quantitative_unit,,,,,,,not_applicable,not_reported_for_published_presence,published Table S2 presence representation,source_evidence/published/insects-2378901-supplementary.pdf,Supplementary Table S2,Bio68,published_supported,false,"Presence is not concentration, abundance, behavior or ecological effect."
OBS-V1-00205,published_feature_presence,FEAT-BIO68,CTX-V1-002,,41.95,minutes_candidate_decimal_interpretation,reported_present,,presence_only_no_quantitative_unit,,,,,,,not_applicable,not_reported_for_published_presence,published Table S2 presence representation,source_evidence/published/insects-2378901-supplementary.pdf,Supplementary Table S2,Bio68,published_supported,false,"Presence is not concentration, abundance, behavior or ecological effect."
OBS-V1-00206,published_feature_presence,FEAT-BIO68,CTX-V1-007,,41.95,minutes_candidate_decimal_interpretation,reported_present,,presence_only_no_quantitative_unit,,,,,,,not_applicable,not_reported_for_published_presence,published Table S2 presence representation,source_evidence/published/insects-2378901-supplementary.pdf,Supplementary Table S2,Bio68,published_supported,false,"Presence is not concentration, abundance, behavior or ecological effect."
OBS-V1-00207,published_feature_presence,FEAT-BIO68,CTX-V1-013,,41.95,minutes_candidate_decimal_interpretation,reported_present,,presence_only_no_quantitative_unit,,,,,,,not_applicable,not_reported_for_published_presence,published Table S2 presence representation,source_evidence/published/insects-2378901-supplementary.pdf,Supplementary Table S2,Bio68,published_supported,false,"Presence is not concentration, abundance, behavior or ecological effect."
OBS-V1-00208,published_feature_presence,FEAT-BIO71,CTX-V1-001,,46.27,minutes_candidate_decimal_interpretation,reported_present,,presence_only_no_quantitative_unit,,,,,,,not_applicable,not_reported_for_published_presence,published Table S2 presence representation,source_evidence/published/insects-2378901-supplementary.pdf,Supplementary Table S2,Bio71,published_supported,false,"Presence is not concentration, abundance, behavior or ecological effect."
OBS-V1-00209,published_feature_presence,FEAT-BIO71,CTX-V1-011,,46.27,minutes_candidate_decimal_interpretation,reported_present,,presence_only_no_quantitative_unit,,,,,,,not_applicable,not_reported_for_published_presence,published Table S2 presence representation,source_evidence/published/insects-2378901-supplementary.pdf,Supplementary Table S2,Bio71,published_supported,false,"Presence is not concentration, abundance, behavior or ecological effect."
OBS-V1-00210,published_feature_presence,FEAT-BIO71,CTX-V1-015,,46.27,minutes_candidate_decimal_interpretation,reported_present,,presence_only_no_quantitative_unit,,,,,,,not_applicable,not_reported_for_published_presence,published Table S2 presence representation,source_evidence/published/insects-2378901-supplementary.pdf,Supplementary Table S2,Bio71,published_supported,false,"Presence is not concentration, abundance, behavior or ecological effect."
OBS-V1-00211,published_feature_presence,FEAT-BIO71,CTX-V1-012,,46.27,minutes_candidate_decimal_interpretation,reported_present,,presence_only_no_quantitative_unit,,,,,,,not_applicable,not_reported_for_published_presence,published Table S2 presence representation,source_evidence/published/insects-2378901-supplementary.pdf,Supplementary Table S2,Bio71,published_supported,false,"Presence is not concentration, abundance, behavior or ecological effect."
OBS-V1-00212,published_feature_presence,FEAT-BIO71,CTX-V1-009,,46.27,minutes_candidate_decimal_interpretation,reported_present,,presence_only_no_quantitative_unit,,,,,,,not_applicable,not_reported_for_published_presence,published Table S2 presence representation,source_evidence/published/insects-2378901-supplementary.pdf,Supplementary Table S2,Bio71,published_supported,false,"Presence is not concentration, abundance, behavior or ecological effect."
OBS-V1-00213,published_feature_presence,FEAT-BIO71,CTX-V1-008,,46.27,minutes_candidate_decimal_interpretation,reported_present,,presence_only_no_quantitative_unit,,,,,,,not_applicable,not_reported_for_published_presence,published Table S2 presence representation,source_evidence/published/insects-2378901-supplementary.pdf,Supplementary Table S2,Bio71,published_supported,false,"Presence is not concentration, abundance, behavior or ecological effect."
OBS-V1-00214,published_feature_presence,FEAT-BIO71,CTX-V1-004,,46.27,minutes_candidate_decimal_interpretation,reported_present,,presence_only_no_quantitative_unit,,,,,,,not_applicable,not_reported_for_published_presence,published Table S2 presence representation,source_evidence/published/insects-2378901-supplementary.pdf,Supplementary Table S2,Bio71,published_supported,false,"Presence is not concentration, abundance, behavior or ecological effect."
OBS-V1-00215,published_feature_presence,FEAT-BIO71,CTX-V1-005,,46.27,minutes_candidate_decimal_interpretation,reported_present,,presence_only_no_quantitative_unit,,,,,,,not_applicable,not_reported_for_published_presence,published Table S2 presence representation,source_evidence/published/insects-2378901-supplementary.pdf,Supplementary Table S2,Bio71,published_supported,false,"Presence is not concentration, abundance, behavior or ecological effect."
OBS-V1-00216,published_feature_presence,FEAT-BIO71,CTX-V1-003,,46.27,minutes_candidate_decimal_interpretation,reported_present,,presence_only_no_quantitative_unit,,,,,,,not_applicable,not_reported_for_published_presence,published Table S2 presence representation,source_evidence/published/insects-2378901-supplementary.pdf,Supplementary Table S2,Bio71,published_supported,false,"Presence is not concentration, abundance, behavior or ecological effect."
OBS-V1-00217,published_feature_presence,FEAT-BIO71,CTX-V1-006,,46.27,minutes_candidate_decimal_interpretation,reported_present,,presence_only_no_quantitative_unit,,,,,,,not_applicable,not_reported_for_published_presence,published Table S2 presence representation,source_evidence/published/insects-2378901-supplementary.pdf,Supplementary Table S2,Bio71,published_supported,false,"Presence is not concentration, abundance, behavior or ecological effect."
OBS-V1-00218,published_feature_presence,FEAT-BIO71,CTX-V1-002,,46.27,minutes_candidate_decimal_interpretation,reported_present,,presence_only_no_quantitative_unit,,,,,,,not_applicable,not_reported_for_published_presence,published Table S2 presence representation,source_evidence/published/insects-2378901-supplementary.pdf,Supplementary Table S2,Bio71,published_supported,false,"Presence is not concentration, abundance, behavior or ecological effect."
OBS-V1-00219,published_feature_presence,FEAT-BIO71,CTX-V1-007,,46.27,minutes_candidate_decimal_interpretation,reported_present,,presence_only_no_quantitative_unit,,,,,,,not_applicable,not_reported_for_published_presence,published Table S2 presence representation,source_evidence/published/insects-2378901-supplementary.pdf,Supplementary Table S2,Bio71,published_supported,false,"Presence is not concentration, abundance, behavior or ecological effect."
OBS-V1-00220,published_feature_presence,FEAT-BIO72,CTX-V1-001,,48.03,minutes_candidate_decimal_interpretation,reported_present,,presence_only_no_quantitative_unit,,,,,,,not_applicable,not_reported_for_published_presence,published Table S2 presence representation,source_evidence/published/insects-2378901-supplementary.pdf,Supplementary Table S2,Bio72,published_supported,false,"Presence is not concentration, abundance, behavior or ecological effect."
OBS-V1-00221,published_feature_presence,FEAT-BIO74,CTX-V1-013,,50.35,minutes_candidate_decimal_interpretation,reported_present,,presence_only_no_quantitative_unit,,,,,,,not_applicable,not_reported_for_published_presence,published Table S2 presence representation,source_evidence/published/insects-2378901-supplementary.pdf,Supplementary Table S2,Bio74,published_supported,false,"Presence is not concentration, abundance, behavior or ecological effect."
OBS-V1-00222,published_feature_presence,FEAT-BIO75,CTX-V1-001,,50.48,minutes_candidate_decimal_interpretation,reported_present,,presence_only_no_quantitative_unit,,,,,,,not_applicable,not_reported_for_published_presence,published Table S2 presence representation,source_evidence/published/insects-2378901-supplementary.pdf,Supplementary Table S2,Bio75,published_supported,false,"Presence is not concentration, abundance, behavior or ecological effect."
OBS-V1-00223,published_feature_presence,FEAT-BIO75,CTX-V1-011,,50.48,minutes_candidate_decimal_interpretation,reported_present,,presence_only_no_quantitative_unit,,,,,,,not_applicable,not_reported_for_published_presence,published Table S2 presence representation,source_evidence/published/insects-2378901-supplementary.pdf,Supplementary Table S2,Bio75,published_supported,false,"Presence is not concentration, abundance, behavior or ecological effect."
OBS-V1-00224,published_feature_presence,FEAT-BIO75,CTX-V1-015,,50.48,minutes_candidate_decimal_interpretation,reported_present,,presence_only_no_quantitative_unit,,,,,,,not_applicable,not_reported_for_published_presence,published Table S2 presence representation,source_evidence/published/insects-2378901-supplementary.pdf,Supplementary Table S2,Bio75,published_supported,false,"Presence is not concentration, abundance, behavior or ecological effect."
OBS-V1-00225,published_feature_presence,FEAT-BIO75,CTX-V1-012,,50.48,minutes_candidate_decimal_interpretation,reported_present,,presence_only_no_quantitative_unit,,,,,,,not_applicable,not_reported_for_published_presence,published Table S2 presence representation,source_evidence/published/insects-2378901-supplementary.pdf,Supplementary Table S2,Bio75,published_supported,false,"Presence is not concentration, abundance, behavior or ecological effect."
OBS-V1-00226,published_feature_presence,FEAT-BIO75,CTX-V1-009,,50.48,minutes_candidate_decimal_interpretation,reported_present,,presence_only_no_quantitative_unit,,,,,,,not_applicable,not_reported_for_published_presence,published Table S2 presence representation,source_evidence/published/insects-2378901-supplementary.pdf,Supplementary Table S2,Bio75,published_supported,false,"Presence is not concentration, abundance, behavior or ecological effect."
OBS-V1-00227,published_feature_presence,FEAT-BIO75,CTX-V1-008,,50.48,minutes_candidate_decimal_interpretation,reported_present,,presence_only_no_quantitative_unit,,,,,,,not_applicable,not_reported_for_published_presence,published Table S2 presence representation,source_evidence/published/insects-2378901-supplementary.pdf,Supplementary Table S2,Bio75,published_supported,false,"Presence is not concentration, abundance, behavior or ecological effect."
OBS-V1-00228,published_feature_presence,FEAT-BIO75,CTX-V1-004,,50.48,minutes_candidate_decimal_interpretation,reported_present,,presence_only_no_quantitative_unit,,,,,,,not_applicable,not_reported_for_published_presence,published Table S2 presence representation,source_evidence/published/insects-2378901-supplementary.pdf,Supplementary Table S2,Bio75,published_supported,false,"Presence is not concentration, abundance, behavior or ecological effect."
OBS-V1-00229,published_feature_presence,FEAT-BIO75,CTX-V1-005,,50.48,minutes_candidate_decimal_interpretation,reported_present,,presence_only_no_quantitative_unit,,,,,,,not_applicable,not_reported_for_published_presence,published Table S2 presence representation,source_evidence/published/insects-2378901-supplementary.pdf,Supplementary Table S2,Bio75,published_supported,false,"Presence is not concentration, abundance, behavior or ecological effect."
OBS-V1-00230,published_feature_presence,FEAT-BIO75,CTX-V1-003,,50.48,minutes_candidate_decimal_interpretation,reported_present,,presence_only_no_quantitative_unit,,,,,,,not_applicable,not_reported_for_published_presence,published Table S2 presence representation,source_evidence/published/insects-2378901-supplementary.pdf,Supplementary Table S2,Bio75,published_supported,false,"Presence is not concentration, abundance, behavior or ecological effect."
OBS-V1-00231,published_feature_presence,FEAT-BIO75,CTX-V1-006,,50.48,minutes_candidate_decimal_interpretation,reported_present,,presence_only_no_quantitative_unit,,,,,,,not_applicable,not_reported_for_published_presence,published Table S2 presence representation,source_evidence/published/insects-2378901-supplementary.pdf,Supplementary Table S2,Bio75,published_supported,false,"Presence is not concentration, abundance, behavior or ecological effect."
OBS-V1-00232,published_feature_presence,FEAT-BIO75,CTX-V1-002,,50.48,minutes_candidate_decimal_interpretation,reported_present,,presence_only_no_quantitative_unit,,,,,,,not_applicable,not_reported_for_published_presence,published Table S2 presence representation,source_evidence/published/insects-2378901-supplementary.pdf,Supplementary Table S2,Bio75,published_supported,false,"Presence is not concentration, abundance, behavior or ecological effect."
OBS-V1-00233,published_feature_presence,FEAT-BIO75,CTX-V1-007,,50.48,minutes_candidate_decimal_interpretation,reported_present,,presence_only_no_quantitative_unit,,,,,,,not_applicable,not_reported_for_published_presence,published Table S2 presence representation,source_evidence/published/insects-2378901-supplementary.pdf,Supplementary Table S2,Bio75,published_supported,false,"Presence is not concentration, abundance, behavior or ecological effect."
OBS-V1-00234,published_feature_presence,FEAT-BIO80,CTX-V1-001,,58.15,minutes_candidate_decimal_interpretation,reported_present,,presence_only_no_quantitative_unit,,,,,,,not_applicable,not_reported_for_published_presence,published Table S2 presence representation,source_evidence/published/insects-2378901-supplementary.pdf,Supplementary Table S2,Bio80,published_supported,false,"Presence is not concentration, abundance, behavior or ecological effect."
OBS-V1-00235,published_feature_presence,FEAT-BIO80,CTX-V1-011,,58.15,minutes_candidate_decimal_interpretation,reported_present,,presence_only_no_quantitative_unit,,,,,,,not_applicable,not_reported_for_published_presence,published Table S2 presence representation,source_evidence/published/insects-2378901-supplementary.pdf,Supplementary Table S2,Bio80,published_supported,false,"Presence is not concentration, abundance, behavior or ecological effect."
OBS-V1-00236,published_feature_presence,FEAT-BIO80,CTX-V1-012,,58.15,minutes_candidate_decimal_interpretation,reported_present,,presence_only_no_quantitative_unit,,,,,,,not_applicable,not_reported_for_published_presence,published Table S2 presence representation,source_evidence/published/insects-2378901-supplementary.pdf,Supplementary Table S2,Bio80,published_supported,false,"Presence is not concentration, abundance, behavior or ecological effect."
OBS-V1-00237,published_feature_presence,FEAT-BIO67,CTX-V1-013,,41.5,minutes_candidate_decimal_interpretation,reported_present,,presence_only_no_quantitative_unit,,,,,,,not_applicable,not_reported_for_published_presence,published Table S2 presence representation,source_evidence/published/insects-2378901-supplementary.pdf,Supplementary Table S2,Bio67,published_supported,false,"Presence is not concentration, abundance, behavior or ecological effect."
OBS-V1-00238,published_feature_presence,FEAT-BIO73,CTX-V1-013,,50.05,minutes_candidate_decimal_interpretation,reported_present,,presence_only_no_quantitative_unit,,,,,,,not_applicable,not_reported_for_published_presence,published Table S2 presence representation,source_evidence/published/insects-2378901-supplementary.pdf,Supplementary Table S2,Bio73,published_supported,false,"Presence is not concentration, abundance, behavior or ecological effect."
OBS-V1-00239,published_feature_presence,FEAT-BIO1,CTX-V1-001,,8.8,minutes_candidate_decimal_interpretation,reported_present,,presence_only_no_quantitative_unit,,,,,,,not_applicable,not_reported_for_published_presence,published Table S2 presence representation,source_evidence/published/insects-2378901-supplementary.pdf,Supplementary Table S2,Bio1,published_supported,false,"Presence is not concentration, abundance, behavior or ecological effect."
OBS-V1-00240,published_feature_presence,FEAT-BIO38,CTX-V1-011,,22.59,minutes_candidate_decimal_interpretation,reported_present,,presence_only_no_quantitative_unit,,,,,,,not_applicable,not_reported_for_published_presence,published Table S2 presence representation,source_evidence/published/insects-2378901-supplementary.pdf,Supplementary Table S2,Bio38,published_supported,false,"Presence is not concentration, abundance, behavior or ecological effect."
OBS-V1-00241,published_feature_presence,FEAT-BIO38,CTX-V1-012,,22.59,minutes_candidate_decimal_interpretation,reported_present,,presence_only_no_quantitative_unit,,,,,,,not_applicable,not_reported_for_published_presence,published Table S2 presence representation,source_evidence/published/insects-2378901-supplementary.pdf,Supplementary Table S2,Bio38,published_supported,false,"Presence is not concentration, abundance, behavior or ecological effect."
OBS-V1-00242,published_feature_presence,FEAT-BIO38,CTX-V1-010,,22.59,minutes_candidate_decimal_interpretation,reported_present,,presence_only_no_quantitative_unit,,,,,,,not_applicable,not_reported_for_published_presence,published Table S2 presence representation,source_evidence/published/insects-2378901-supplementary.pdf,Supplementary Table S2,Bio38,published_supported,false,"Presence is not concentration, abundance, behavior or ecological effect."
OBS-V1-00243,published_feature_presence,FEAT-BIO38,CTX-V1-009,,22.59,minutes_candidate_decimal_interpretation,reported_present,,presence_only_no_quantitative_unit,,,,,,,not_applicable,not_reported_for_published_presence,published Table S2 presence representation,source_evidence/published/insects-2378901-supplementary.pdf,Supplementary Table S2,Bio38,published_supported,false,"Presence is not concentration, abundance, behavior or ecological effect."
OBS-V1-00244,published_feature_presence,FEAT-BIO38,CTX-V1-008,,22.59,minutes_candidate_decimal_interpretation,reported_present,,presence_only_no_quantitative_unit,,,,,,,not_applicable,not_reported_for_published_presence,published Table S2 presence representation,source_evidence/published/insects-2378901-supplementary.pdf,Supplementary Table S2,Bio38,published_supported,false,"Presence is not concentration, abundance, behavior or ecological effect."
OBS-V1-00245,published_feature_presence,FEAT-BIO38,CTX-V1-004,,22.59,minutes_candidate_decimal_interpretation,reported_present,,presence_only_no_quantitative_unit,,,,,,,not_applicable,not_reported_for_published_presence,published Table S2 presence representation,source_evidence/published/insects-2378901-supplementary.pdf,Supplementary Table S2,Bio38,published_supported,false,"Presence is not concentration, abundance, behavior or ecological effect."
OBS-V1-00246,published_feature_presence,FEAT-BIO38,CTX-V1-013,,22.59,minutes_candidate_decimal_interpretation,reported_present,,presence_only_no_quantitative_unit,,,,,,,not_applicable,not_reported_for_published_presence,published Table S2 presence representation,source_evidence/published/insects-2378901-supplementary.pdf,Supplementary Table S2,Bio38,published_supported,false,"Presence is not concentration, abundance, behavior or ecological effect."
OBS-V1-00247,published_feature_presence,FEAT-BIO41,CTX-V1-012,,24.73,minutes_candidate_decimal_interpretation,reported_present,,presence_only_no_quantitative_unit,,,,,,,not_applicable,not_reported_for_published_presence,published Table S2 presence representation,source_evidence/published/insects-2378901-supplementary.pdf,Supplementary Table S2,Bio41,published_supported,false,"Presence is not concentration, abundance, behavior or ecological effect."
OBS-V1-00248,published_feature_presence,FEAT-BIO41,CTX-V1-004,,24.73,minutes_candidate_decimal_interpretation,reported_present,,presence_only_no_quantitative_unit,,,,,,,not_applicable,not_reported_for_published_presence,published Table S2 presence representation,source_evidence/published/insects-2378901-supplementary.pdf,Supplementary Table S2,Bio41,published_supported,false,"Presence is not concentration, abundance, behavior or ecological effect."
OBS-V1-00249,published_feature_presence,FEAT-BIO42,CTX-V1-001,,26.71,minutes_candidate_decimal_interpretation,reported_present,,presence_only_no_quantitative_unit,,,,,,,not_applicable,not_reported_for_published_presence,published Table S2 presence representation,source_evidence/published/insects-2378901-supplementary.pdf,Supplementary Table S2,Bio42,published_supported,false,"Presence is not concentration, abundance, behavior or ecological effect."
OBS-V1-00250,published_feature_presence,FEAT-BIO42,CTX-V1-015,,26.71,minutes_candidate_decimal_interpretation,reported_present,,presence_only_no_quantitative_unit,,,,,,,not_applicable,not_reported_for_published_presence,published Table S2 presence representation,source_evidence/published/insects-2378901-supplementary.pdf,Supplementary Table S2,Bio42,published_supported,false,"Presence is not concentration, abundance, behavior or ecological effect."
OBS-V1-00251,published_feature_presence,FEAT-BIO42,CTX-V1-004,,26.71,minutes_candidate_decimal_interpretation,reported_present,,presence_only_no_quantitative_unit,,,,,,,not_applicable,not_reported_for_published_presence,published Table S2 presence representation,source_evidence/published/insects-2378901-supplementary.pdf,Supplementary Table S2,Bio42,published_supported,false,"Presence is not concentration, abundance, behavior or ecological effect."
OBS-V1-00252,published_feature_presence,FEAT-BIO49,CTX-V1-013,,32.68,minutes_candidate_decimal_interpretation,reported_present,,presence_only_no_quantitative_unit,,,,,,,not_applicable,not_reported_for_published_presence,published Table S2 presence representation,source_evidence/published/insects-2378901-supplementary.pdf,Supplementary Table S2,Bio49,published_supported,false,"Presence is not concentration, abundance, behavior or ecological effect."
OBS-V1-00253,published_feature_presence,FEAT-BIO51,CTX-V1-014,,33.67,minutes_candidate_decimal_interpretation,reported_present,,presence_only_no_quantitative_unit,,,,,,,not_applicable,not_reported_for_published_presence,published Table S2 presence representation,source_evidence/published/insects-2378901-supplementary.pdf,Supplementary Table S2,Bio51,published_supported,false,"Presence is not concentration, abundance, behavior or ecological effect."
OBS-V1-00254,published_feature_presence,FEAT-BIO54,CTX-V1-014,,34.69,minutes_candidate_decimal_interpretation,reported_present,,presence_only_no_quantitative_unit,,,,,,,not_applicable,not_reported_for_published_presence,published Table S2 presence representation,source_evidence/published/insects-2378901-supplementary.pdf,Supplementary Table S2,Bio54,published_supported,false,"Presence is not concentration, abundance, behavior or ecological effect."
OBS-V1-00255,published_feature_presence,FEAT-BIO6,CTX-V1-001,,11.39,minutes_candidate_decimal_interpretation,reported_present,,presence_only_no_quantitative_unit,,,,,,,not_applicable,not_reported_for_published_presence,published Table S2 presence representation,source_evidence/published/insects-2378901-supplementary.pdf,Supplementary Table S2,Bio6,published_supported,false,"Presence is not concentration, abundance, behavior or ecological effect."
OBS-V1-00256,published_feature_presence,FEAT-BIO7,CTX-V1-001,,11.72,minutes_candidate_decimal_interpretation,reported_present,,presence_only_no_quantitative_unit,,,,,,,not_applicable,not_reported_for_published_presence,published Table S2 presence representation,source_evidence/published/insects-2378901-supplementary.pdf,Supplementary Table S2,Bio7,published_supported,false,"Presence is not concentration, abundance, behavior or ecological effect."
OBS-V1-00257,published_feature_presence,FEAT-BIO7,CTX-V1-012,,11.72,minutes_candidate_decimal_interpretation,reported_present,,presence_only_no_quantitative_unit,,,,,,,not_applicable,not_reported_for_published_presence,published Table S2 presence representation,source_evidence/published/insects-2378901-supplementary.pdf,Supplementary Table S2,Bio7,published_supported,false,"Presence is not concentration, abundance, behavior or ecological effect."
OBS-V1-00258,published_feature_presence,FEAT-BIO7,CTX-V1-007,,11.72,minutes_candidate_decimal_interpretation,reported_present,,presence_only_no_quantitative_unit,,,,,,,not_applicable,not_reported_for_published_presence,published Table S2 presence representation,source_evidence/published/insects-2378901-supplementary.pdf,Supplementary Table S2,Bio7,published_supported,false,"Presence is not concentration, abundance, behavior or ecological effect."
OBS-V1-00259,published_feature_presence,FEAT-BIO9,CTX-V1-001,,12.13,minutes_candidate_decimal_interpretation,reported_present,,presence_only_no_quantitative_unit,,,,,,,not_applicable,not_reported_for_published_presence,published Table S2 presence representation,source_evidence/published/insects-2378901-supplementary.pdf,Supplementary Table S2,Bio9,published_supported,false,"Presence is not concentration, abundance, behavior or ecological effect."
OBS-V1-00260,published_feature_presence,FEAT-BIO9,CTX-V1-011,,12.13,minutes_candidate_decimal_interpretation,reported_present,,presence_only_no_quantitative_unit,,,,,,,not_applicable,not_reported_for_published_presence,published Table S2 presence representation,source_evidence/published/insects-2378901-supplementary.pdf,Supplementary Table S2,Bio9,published_supported,false,"Presence is not concentration, abundance, behavior or ecological effect."
OBS-V1-00261,published_feature_presence,FEAT-BIO9,CTX-V1-012,,12.13,minutes_candidate_decimal_interpretation,reported_present,,presence_only_no_quantitative_unit,,,,,,,not_applicable,not_reported_for_published_presence,published Table S2 presence representation,source_evidence/published/insects-2378901-supplementary.pdf,Supplementary Table S2,Bio9,published_supported,false,"Presence is not concentration, abundance, behavior or ecological effect."
OBS-V1-00262,published_feature_presence,FEAT-BIO9,CTX-V1-005,,12.13,minutes_candidate_decimal_interpretation,reported_present,,presence_only_no_quantitative_unit,,,,,,,not_applicable,not_reported_for_published_presence,published Table S2 presence representation,source_evidence/published/insects-2378901-supplementary.pdf,Supplementary Table S2,Bio9,published_supported,false,"Presence is not concentration, abundance, behavior or ecological effect."
OBS-V1-00263,published_feature_presence,FEAT-BIO9,CTX-V1-006,,12.13,minutes_candidate_decimal_interpretation,reported_present,,presence_only_no_quantitative_unit,,,,,,,not_applicable,not_reported_for_published_presence,published Table S2 presence representation,source_evidence/published/insects-2378901-supplementary.pdf,Supplementary Table S2,Bio9,published_supported,false,"Presence is not concentration, abundance, behavior or ecological effect."
OBS-V1-00264,published_feature_presence,FEAT-BIO9,CTX-V1-002,,12.13,minutes_candidate_decimal_interpretation,reported_present,,presence_only_no_quantitative_unit,,,,,,,not_applicable,not_reported_for_published_presence,published Table S2 presence representation,source_evidence/published/insects-2378901-supplementary.pdf,Supplementary Table S2,Bio9,published_supported,false,"Presence is not concentration, abundance, behavior or ecological effect."
OBS-V1-00265,published_feature_presence,FEAT-BIO9,CTX-V1-007,,12.13,minutes_candidate_decimal_interpretation,reported_present,,presence_only_no_quantitative_unit,,,,,,,not_applicable,not_reported_for_published_presence,published Table S2 presence representation,source_evidence/published/insects-2378901-supplementary.pdf,Supplementary Table S2,Bio9,published_supported,false,"Presence is not concentration, abundance, behavior or ecological effect."
OBS-V1-00266,published_feature_presence,FEAT-BIO11,CTX-V1-001,,12.49,minutes_candidate_decimal_interpretation,reported_present,,presence_only_no_quantitative_unit,,,,,,,not_applicable,not_reported_for_published_presence,published Table S2 presence representation,source_evidence/published/insects-2378901-supplementary.pdf,Supplementary Table S2,Bio11,published_supported,false,"Presence is not concentration, abundance, behavior or ecological effect."
OBS-V1-00267,published_feature_presence,FEAT-BIO11,CTX-V1-011,,12.49,minutes_candidate_decimal_interpretation,reported_present,,presence_only_no_quantitative_unit,,,,,,,not_applicable,not_reported_for_published_presence,published Table S2 presence representation,source_evidence/published/insects-2378901-supplementary.pdf,Supplementary Table S2,Bio11,published_supported,false,"Presence is not concentration, abundance, behavior or ecological effect."
OBS-V1-00268,published_feature_presence,FEAT-BIO11,CTX-V1-012,,12.49,minutes_candidate_decimal_interpretation,reported_present,,presence_only_no_quantitative_unit,,,,,,,not_applicable,not_reported_for_published_presence,published Table S2 presence representation,source_evidence/published/insects-2378901-supplementary.pdf,Supplementary Table S2,Bio11,published_supported,false,"Presence is not concentration, abundance, behavior or ecological effect."
OBS-V1-00269,published_feature_presence,FEAT-BIO11,CTX-V1-009,,12.49,minutes_candidate_decimal_interpretation,reported_present,,presence_only_no_quantitative_unit,,,,,,,not_applicable,not_reported_for_published_presence,published Table S2 presence representation,source_evidence/published/insects-2378901-supplementary.pdf,Supplementary Table S2,Bio11,published_supported,false,"Presence is not concentration, abundance, behavior or ecological effect."
OBS-V1-00270,published_feature_presence,FEAT-BIO11,CTX-V1-008,,12.49,minutes_candidate_decimal_interpretation,reported_present,,presence_only_no_quantitative_unit,,,,,,,not_applicable,not_reported_for_published_presence,published Table S2 presence representation,source_evidence/published/insects-2378901-supplementary.pdf,Supplementary Table S2,Bio11,published_supported,false,"Presence is not concentration, abundance, behavior or ecological effect."
OBS-V1-00271,published_feature_presence,FEAT-BIO11,CTX-V1-005,,12.49,minutes_candidate_decimal_interpretation,reported_present,,presence_only_no_quantitative_unit,,,,,,,not_applicable,not_reported_for_published_presence,published Table S2 presence representation,source_evidence/published/insects-2378901-supplementary.pdf,Supplementary Table S2,Bio11,published_supported,false,"Presence is not concentration, abundance, behavior or ecological effect."
OBS-V1-00272,published_feature_presence,FEAT-BIO11,CTX-V1-006,,12.49,minutes_candidate_decimal_interpretation,reported_present,,presence_only_no_quantitative_unit,,,,,,,not_applicable,not_reported_for_published_presence,published Table S2 presence representation,source_evidence/published/insects-2378901-supplementary.pdf,Supplementary Table S2,Bio11,published_supported,false,"Presence is not concentration, abundance, behavior or ecological effect."
OBS-V1-00273,published_feature_presence,FEAT-BIO11,CTX-V1-002,,12.49,minutes_candidate_decimal_interpretation,reported_present,,presence_only_no_quantitative_unit,,,,,,,not_applicable,not_reported_for_published_presence,published Table S2 presence representation,source_evidence/published/insects-2378901-supplementary.pdf,Supplementary Table S2,Bio11,published_supported,false,"Presence is not concentration, abundance, behavior or ecological effect."
OBS-V1-00274,published_feature_presence,FEAT-BIO11,CTX-V1-007,,12.49,minutes_candidate_decimal_interpretation,reported_present,,presence_only_no_quantitative_unit,,,,,,,not_applicable,not_reported_for_published_presence,published Table S2 presence representation,source_evidence/published/insects-2378901-supplementary.pdf,Supplementary Table S2,Bio11,published_supported,false,"Presence is not concentration, abundance, behavior or ecological effect."
OBS-V1-00275,published_feature_presence,FEAT-BIO11,CTX-V1-013,,12.49,minutes_candidate_decimal_interpretation,reported_present,,presence_only_no_quantitative_unit,,,,,,,not_applicable,not_reported_for_published_presence,published Table S2 presence representation,source_evidence/published/insects-2378901-supplementary.pdf,Supplementary Table S2,Bio11,published_supported,false,"Presence is not concentration, abundance, behavior or ecological effect."
OBS-V1-00276,published_feature_presence,FEAT-BIO14,CTX-V1-001,,13.26,minutes_candidate_decimal_interpretation,reported_present,,presence_only_no_quantitative_unit,,,,,,,not_applicable,not_reported_for_published_presence,published Table S2 presence representation,source_evidence/published/insects-2378901-supplementary.pdf,Supplementary Table S2,Bio14,published_supported,false,"Presence is not concentration, abundance, behavior or ecological effect."
OBS-V1-00277,published_feature_presence,FEAT-BIO14,CTX-V1-011,,13.26,minutes_candidate_decimal_interpretation,reported_present,,presence_only_no_quantitative_unit,,,,,,,not_applicable,not_reported_for_published_presence,published Table S2 presence representation,source_evidence/published/insects-2378901-supplementary.pdf,Supplementary Table S2,Bio14,published_supported,false,"Presence is not concentration, abundance, behavior or ecological effect."
OBS-V1-00278,published_feature_presence,FEAT-BIO14,CTX-V1-015,,13.26,minutes_candidate_decimal_interpretation,reported_present,,presence_only_no_quantitative_unit,,,,,,,not_applicable,not_reported_for_published_presence,published Table S2 presence representation,source_evidence/published/insects-2378901-supplementary.pdf,Supplementary Table S2,Bio14,published_supported,false,"Presence is not concentration, abundance, behavior or ecological effect."
OBS-V1-00279,published_feature_presence,FEAT-BIO14,CTX-V1-012,,13.26,minutes_candidate_decimal_interpretation,reported_present,,presence_only_no_quantitative_unit,,,,,,,not_applicable,not_reported_for_published_presence,published Table S2 presence representation,source_evidence/published/insects-2378901-supplementary.pdf,Supplementary Table S2,Bio14,published_supported,false,"Presence is not concentration, abundance, behavior or ecological effect."
OBS-V1-00280,published_feature_presence,FEAT-BIO14,CTX-V1-009,,13.26,minutes_candidate_decimal_interpretation,reported_present,,presence_only_no_quantitative_unit,,,,,,,not_applicable,not_reported_for_published_presence,published Table S2 presence representation,source_evidence/published/insects-2378901-supplementary.pdf,Supplementary Table S2,Bio14,published_supported,false,"Presence is not concentration, abundance, behavior or ecological effect."
OBS-V1-00281,published_feature_presence,FEAT-BIO14,CTX-V1-014,,13.26,minutes_candidate_decimal_interpretation,reported_present,,presence_only_no_quantitative_unit,,,,,,,not_applicable,not_reported_for_published_presence,published Table S2 presence representation,source_evidence/published/insects-2378901-supplementary.pdf,Supplementary Table S2,Bio14,published_supported,false,"Presence is not concentration, abundance, behavior or ecological effect."
OBS-V1-00282,published_feature_presence,FEAT-BIO14,CTX-V1-008,,13.26,minutes_candidate_decimal_interpretation,reported_present,,presence_only_no_quantitative_unit,,,,,,,not_applicable,not_reported_for_published_presence,published Table S2 presence representation,source_evidence/published/insects-2378901-supplementary.pdf,Supplementary Table S2,Bio14,published_supported,false,"Presence is not concentration, abundance, behavior or ecological effect."
OBS-V1-00283,published_feature_presence,FEAT-BIO14,CTX-V1-004,,13.26,minutes_candidate_decimal_interpretation,reported_present,,presence_only_no_quantitative_unit,,,,,,,not_applicable,not_reported_for_published_presence,published Table S2 presence representation,source_evidence/published/insects-2378901-supplementary.pdf,Supplementary Table S2,Bio14,published_supported,false,"Presence is not concentration, abundance, behavior or ecological effect."
OBS-V1-00284,published_feature_presence,FEAT-BIO14,CTX-V1-005,,13.26,minutes_candidate_decimal_interpretation,reported_present,,presence_only_no_quantitative_unit,,,,,,,not_applicable,not_reported_for_published_presence,published Table S2 presence representation,source_evidence/published/insects-2378901-supplementary.pdf,Supplementary Table S2,Bio14,published_supported,false,"Presence is not concentration, abundance, behavior or ecological effect."
OBS-V1-00285,published_feature_presence,FEAT-BIO14,CTX-V1-006,,13.26,minutes_candidate_decimal_interpretation,reported_present,,presence_only_no_quantitative_unit,,,,,,,not_applicable,not_reported_for_published_presence,published Table S2 presence representation,source_evidence/published/insects-2378901-supplementary.pdf,Supplementary Table S2,Bio14,published_supported,false,"Presence is not concentration, abundance, behavior or ecological effect."
OBS-V1-00286,published_feature_presence,FEAT-BIO14,CTX-V1-002,,13.26,minutes_candidate_decimal_interpretation,reported_present,,presence_only_no_quantitative_unit,,,,,,,not_applicable,not_reported_for_published_presence,published Table S2 presence representation,source_evidence/published/insects-2378901-supplementary.pdf,Supplementary Table S2,Bio14,published_supported,false,"Presence is not concentration, abundance, behavior or ecological effect."
OBS-V1-00287,published_feature_presence,FEAT-BIO14,CTX-V1-007,,13.26,minutes_candidate_decimal_interpretation,reported_present,,presence_only_no_quantitative_unit,,,,,,,not_applicable,not_reported_for_published_presence,published Table S2 presence representation,source_evidence/published/insects-2378901-supplementary.pdf,Supplementary Table S2,Bio14,published_supported,false,"Presence is not concentration, abundance, behavior or ecological effect."
OBS-V1-00288,published_feature_presence,FEAT-BIO14,CTX-V1-013,,13.26,minutes_candidate_decimal_interpretation,reported_present,,presence_only_no_quantitative_unit,,,,,,,not_applicable,not_reported_for_published_presence,published Table S2 presence representation,source_evidence/published/insects-2378901-supplementary.pdf,Supplementary Table S2,Bio14,published_supported,false,"Presence is not concentration, abundance, behavior or ecological effect."
OBS-V1-00289,published_feature_presence,FEAT-BIO16,CTX-V1-012,,13.9,minutes_candidate_decimal_interpretation,reported_present,,presence_only_no_quantitative_unit,,,,,,,not_applicable,not_reported_for_published_presence,published Table S2 presence representation,source_evidence/published/insects-2378901-supplementary.pdf,Supplementary Table S2,Bio16,published_supported,false,"Presence is not concentration, abundance, behavior or ecological effect."
OBS-V1-00290,published_feature_presence,FEAT-BIO16,CTX-V1-005,,13.9,minutes_candidate_decimal_interpretation,reported_present,,presence_only_no_quantitative_unit,,,,,,,not_applicable,not_reported_for_published_presence,published Table S2 presence representation,source_evidence/published/insects-2378901-supplementary.pdf,Supplementary Table S2,Bio16,published_supported,false,"Presence is not concentration, abundance, behavior or ecological effect."
OBS-V1-00291,published_feature_presence,FEAT-BIO16,CTX-V1-002,,13.9,minutes_candidate_decimal_interpretation,reported_present,,presence_only_no_quantitative_unit,,,,,,,not_applicable,not_reported_for_published_presence,published Table S2 presence representation,source_evidence/published/insects-2378901-supplementary.pdf,Supplementary Table S2,Bio16,published_supported,false,"Presence is not concentration, abundance, behavior or ecological effect."
OBS-V1-00292,published_feature_presence,FEAT-BIO16,CTX-V1-007,,13.9,minutes_candidate_decimal_interpretation,reported_present,,presence_only_no_quantitative_unit,,,,,,,not_applicable,not_reported_for_published_presence,published Table S2 presence representation,source_evidence/published/insects-2378901-supplementary.pdf,Supplementary Table S2,Bio16,published_supported,false,"Presence is not concentration, abundance, behavior or ecological effect."
OBS-V1-00293,published_feature_presence,FEAT-BIO18,CTX-V1-001,,14.55,minutes_candidate_decimal_interpretation,reported_present,,presence_only_no_quantitative_unit,,,,,,,not_applicable,not_reported_for_published_presence,published Table S2 presence representation,source_evidence/published/insects-2378901-supplementary.pdf,Supplementary Table S2,Bio18,published_supported,false,"Presence is not concentration, abundance, behavior or ecological effect."
OBS-V1-00294,published_feature_presence,FEAT-BIO18,CTX-V1-011,,14.55,minutes_candidate_decimal_interpretation,reported_present,,presence_only_no_quantitative_unit,,,,,,,not_applicable,not_reported_for_published_presence,published Table S2 presence representation,source_evidence/published/insects-2378901-supplementary.pdf,Supplementary Table S2,Bio18,published_supported,false,"Presence is not concentration, abundance, behavior or ecological effect."
OBS-V1-00295,published_feature_presence,FEAT-BIO18,CTX-V1-012,,14.55,minutes_candidate_decimal_interpretation,reported_present,,presence_only_no_quantitative_unit,,,,,,,not_applicable,not_reported_for_published_presence,published Table S2 presence representation,source_evidence/published/insects-2378901-supplementary.pdf,Supplementary Table S2,Bio18,published_supported,false,"Presence is not concentration, abundance, behavior or ecological effect."
OBS-V1-00296,published_feature_presence,FEAT-BIO18,CTX-V1-009,,14.55,minutes_candidate_decimal_interpretation,reported_present,,presence_only_no_quantitative_unit,,,,,,,not_applicable,not_reported_for_published_presence,published Table S2 presence representation,source_evidence/published/insects-2378901-supplementary.pdf,Supplementary Table S2,Bio18,published_supported,false,"Presence is not concentration, abundance, behavior or ecological effect."
OBS-V1-00297,published_feature_presence,FEAT-BIO18,CTX-V1-006,,14.55,minutes_candidate_decimal_interpretation,reported_present,,presence_only_no_quantitative_unit,,,,,,,not_applicable,not_reported_for_published_presence,published Table S2 presence representation,source_evidence/published/insects-2378901-supplementary.pdf,Supplementary Table S2,Bio18,published_supported,false,"Presence is not concentration, abundance, behavior or ecological effect."
OBS-V1-00298,published_feature_presence,FEAT-BIO18,CTX-V1-002,,14.55,minutes_candidate_decimal_interpretation,reported_present,,presence_only_no_quantitative_unit,,,,,,,not_applicable,not_reported_for_published_presence,published Table S2 presence representation,source_evidence/published/insects-2378901-supplementary.pdf,Supplementary Table S2,Bio18,published_supported,false,"Presence is not concentration, abundance, behavior or ecological effect."
OBS-V1-00299,published_feature_presence,FEAT-BIO18,CTX-V1-007,,14.55,minutes_candidate_decimal_interpretation,reported_present,,presence_only_no_quantitative_unit,,,,,,,not_applicable,not_reported_for_published_presence,published Table S2 presence representation,source_evidence/published/insects-2378901-supplementary.pdf,Supplementary Table S2,Bio18,published_supported,false,"Presence is not concentration, abundance, behavior or ecological effect."
OBS-V1-00300,published_feature_presence,FEAT-BIO18,CTX-V1-013,,14.55,minutes_candidate_decimal_interpretation,reported_present,,presence_only_no_quantitative_unit,,,,,,,not_applicable,not_reported_for_published_presence,published Table S2 presence representation,source_evidence/published/insects-2378901-supplementary.pdf,Supplementary Table S2,Bio18,published_supported,false,"Presence is not concentration, abundance, behavior or ecological effect."
OBS-V1-00301,published_feature_presence,FEAT-BIO23,CTX-V1-012,,16.04,minutes_candidate_decimal_interpretation,reported_present,,presence_only_no_quantitative_unit,,,,,,,not_applicable,not_reported_for_published_presence,published Table S2 presence representation,source_evidence/published/insects-2378901-supplementary.pdf,Supplementary Table S2,Bio23,published_supported,false,"Presence is not concentration, abundance, behavior or ecological effect."
OBS-V1-00302,published_feature_presence,FEAT-BIO23,CTX-V1-006,,16.04,minutes_candidate_decimal_interpretation,reported_present,,presence_only_no_quantitative_unit,,,,,,,not_applicable,not_reported_for_published_presence,published Table S2 presence representation,source_evidence/published/insects-2378901-supplementary.pdf,Supplementary Table S2,Bio23,published_supported,false,"Presence is not concentration, abundance, behavior or ecological effect."
OBS-V1-00303,published_feature_presence,FEAT-BIO23,CTX-V1-002,,16.04,minutes_candidate_decimal_interpretation,reported_present,,presence_only_no_quantitative_unit,,,,,,,not_applicable,not_reported_for_published_presence,published Table S2 presence representation,source_evidence/published/insects-2378901-supplementary.pdf,Supplementary Table S2,Bio23,published_supported,false,"Presence is not concentration, abundance, behavior or ecological effect."
OBS-V1-00304,published_feature_presence,FEAT-BIO23,CTX-V1-007,,16.04,minutes_candidate_decimal_interpretation,reported_present,,presence_only_no_quantitative_unit,,,,,,,not_applicable,not_reported_for_published_presence,published Table S2 presence representation,source_evidence/published/insects-2378901-supplementary.pdf,Supplementary Table S2,Bio23,published_supported,false,"Presence is not concentration, abundance, behavior or ecological effect."
OBS-V1-00305,published_feature_presence,FEAT-BIO24,CTX-V1-001,,16.37,minutes_candidate_decimal_interpretation,reported_present,,presence_only_no_quantitative_unit,,,,,,,not_applicable,not_reported_for_published_presence,published Table S2 presence representation,source_evidence/published/insects-2378901-supplementary.pdf,Supplementary Table S2,Bio24,published_supported,false,"Presence is not concentration, abundance, behavior or ecological effect."
OBS-V1-00306,published_feature_presence,FEAT-BIO24,CTX-V1-011,,16.37,minutes_candidate_decimal_interpretation,reported_present,,presence_only_no_quantitative_unit,,,,,,,not_applicable,not_reported_for_published_presence,published Table S2 presence representation,source_evidence/published/insects-2378901-supplementary.pdf,Supplementary Table S2,Bio24,published_supported,false,"Presence is not concentration, abundance, behavior or ecological effect."
OBS-V1-00307,published_feature_presence,FEAT-BIO24,CTX-V1-012,,16.37,minutes_candidate_decimal_interpretation,reported_present,,presence_only_no_quantitative_unit,,,,,,,not_applicable,not_reported_for_published_presence,published Table S2 presence representation,source_evidence/published/insects-2378901-supplementary.pdf,Supplementary Table S2,Bio24,published_supported,false,"Presence is not concentration, abundance, behavior or ecological effect."
OBS-V1-00308,published_feature_presence,FEAT-BIO24,CTX-V1-009,,16.37,minutes_candidate_decimal_interpretation,reported_present,,presence_only_no_quantitative_unit,,,,,,,not_applicable,not_reported_for_published_presence,published Table S2 presence representation,source_evidence/published/insects-2378901-supplementary.pdf,Supplementary Table S2,Bio24,published_supported,false,"Presence is not concentration, abundance, behavior or ecological effect."
OBS-V1-00309,published_feature_presence,FEAT-BIO24,CTX-V1-005,,16.37,minutes_candidate_decimal_interpretation,reported_present,,presence_only_no_quantitative_unit,,,,,,,not_applicable,not_reported_for_published_presence,published Table S2 presence representation,source_evidence/published/insects-2378901-supplementary.pdf,Supplementary Table S2,Bio24,published_supported,false,"Presence is not concentration, abundance, behavior or ecological effect."
OBS-V1-00310,published_feature_presence,FEAT-BIO24,CTX-V1-006,,16.37,minutes_candidate_decimal_interpretation,reported_present,,presence_only_no_quantitative_unit,,,,,,,not_applicable,not_reported_for_published_presence,published Table S2 presence representation,source_evidence/published/insects-2378901-supplementary.pdf,Supplementary Table S2,Bio24,published_supported,false,"Presence is not concentration, abundance, behavior or ecological effect."
OBS-V1-00311,published_feature_presence,FEAT-BIO24,CTX-V1-002,,16.37,minutes_candidate_decimal_interpretation,reported_present,,presence_only_no_quantitative_unit,,,,,,,not_applicable,not_reported_for_published_presence,published Table S2 presence representation,source_evidence/published/insects-2378901-supplementary.pdf,Supplementary Table S2,Bio24,published_supported,false,"Presence is not concentration, abundance, behavior or ecological effect."
OBS-V1-00312,published_feature_presence,FEAT-BIO24,CTX-V1-007,,16.37,minutes_candidate_decimal_interpretation,reported_present,,presence_only_no_quantitative_unit,,,,,,,not_applicable,not_reported_for_published_presence,published Table S2 presence representation,source_evidence/published/insects-2378901-supplementary.pdf,Supplementary Table S2,Bio24,published_supported,false,"Presence is not concentration, abundance, behavior or ecological effect."
OBS-V1-00313,published_feature_presence,FEAT-BIO24,CTX-V1-013,,16.37,minutes_candidate_decimal_interpretation,reported_present,,presence_only_no_quantitative_unit,,,,,,,not_applicable,not_reported_for_published_presence,published Table S2 presence representation,source_evidence/published/insects-2378901-supplementary.pdf,Supplementary Table S2,Bio24,published_supported,false,"Presence is not concentration, abundance, behavior or ecological effect."
OBS-V1-00314,published_feature_presence,FEAT-BIO26,CTX-V1-001,,16.8,minutes_candidate_decimal_interpretation,reported_present,,presence_only_no_quantitative_unit,,,,,,,not_applicable,not_reported_for_published_presence,published Table S2 presence representation,source_evidence/published/insects-2378901-supplementary.pdf,Supplementary Table S2,Bio26,published_supported,false,"Presence is not concentration, abundance, behavior or ecological effect."
OBS-V1-00315,published_feature_presence,FEAT-BIO26,CTX-V1-009,,16.8,minutes_candidate_decimal_interpretation,reported_present,,presence_only_no_quantitative_unit,,,,,,,not_applicable,not_reported_for_published_presence,published Table S2 presence representation,source_evidence/published/insects-2378901-supplementary.pdf,Supplementary Table S2,Bio26,published_supported,false,"Presence is not concentration, abundance, behavior or ecological effect."
OBS-V1-00316,published_feature_presence,FEAT-BIO26,CTX-V1-002,,16.8,minutes_candidate_decimal_interpretation,reported_present,,presence_only_no_quantitative_unit,,,,,,,not_applicable,not_reported_for_published_presence,published Table S2 presence representation,source_evidence/published/insects-2378901-supplementary.pdf,Supplementary Table S2,Bio26,published_supported,false,"Presence is not concentration, abundance, behavior or ecological effect."
OBS-V1-00317,published_feature_presence,FEAT-BIO27,CTX-V1-011,,17.24,minutes_candidate_decimal_interpretation,reported_present,,presence_only_no_quantitative_unit,,,,,,,not_applicable,not_reported_for_published_presence,published Table S2 presence representation,source_evidence/published/insects-2378901-supplementary.pdf,Supplementary Table S2,Bio27,published_supported,false,"Presence is not concentration, abundance, behavior or ecological effect."
OBS-V1-00318,published_feature_presence,FEAT-BIO27,CTX-V1-012,,17.24,minutes_candidate_decimal_interpretation,reported_present,,presence_only_no_quantitative_unit,,,,,,,not_applicable,not_reported_for_published_presence,published Table S2 presence representation,source_evidence/published/insects-2378901-supplementary.pdf,Supplementary Table S2,Bio27,published_supported,false,"Presence is not concentration, abundance, behavior or ecological effect."
OBS-V1-00319,published_feature_presence,FEAT-BIO27,CTX-V1-009,,17.24,minutes_candidate_decimal_interpretation,reported_present,,presence_only_no_quantitative_unit,,,,,,,not_applicable,not_reported_for_published_presence,published Table S2 presence representation,source_evidence/published/insects-2378901-supplementary.pdf,Supplementary Table S2,Bio27,published_supported,false,"Presence is not concentration, abundance, behavior or ecological effect."
OBS-V1-00320,published_feature_presence,FEAT-BIO27,CTX-V1-005,,17.24,minutes_candidate_decimal_interpretation,reported_present,,presence_only_no_quantitative_unit,,,,,,,not_applicable,not_reported_for_published_presence,published Table S2 presence representation,source_evidence/published/insects-2378901-supplementary.pdf,Supplementary Table S2,Bio27,published_supported,false,"Presence is not concentration, abundance, behavior or ecological effect."
OBS-V1-00321,published_feature_presence,FEAT-BIO27,CTX-V1-006,,17.24,minutes_candidate_decimal_interpretation,reported_present,,presence_only_no_quantitative_unit,,,,,,,not_applicable,not_reported_for_published_presence,published Table S2 presence representation,source_evidence/published/insects-2378901-supplementary.pdf,Supplementary Table S2,Bio27,published_supported,false,"Presence is not concentration, abundance, behavior or ecological effect."
OBS-V1-00322,published_feature_presence,FEAT-BIO27,CTX-V1-002,,17.24,minutes_candidate_decimal_interpretation,reported_present,,presence_only_no_quantitative_unit,,,,,,,not_applicable,not_reported_for_published_presence,published Table S2 presence representation,source_evidence/published/insects-2378901-supplementary.pdf,Supplementary Table S2,Bio27,published_supported,false,"Presence is not concentration, abundance, behavior or ecological effect."
OBS-V1-00323,published_feature_presence,FEAT-BIO27,CTX-V1-007,,17.24,minutes_candidate_decimal_interpretation,reported_present,,presence_only_no_quantitative_unit,,,,,,,not_applicable,not_reported_for_published_presence,published Table S2 presence representation,source_evidence/published/insects-2378901-supplementary.pdf,Supplementary Table S2,Bio27,published_supported,false,"Presence is not concentration, abundance, behavior or ecological effect."
OBS-V1-00324,published_feature_presence,FEAT-BIO28,CTX-V1-011,,17.38,minutes_candidate_decimal_interpretation,reported_present,,presence_only_no_quantitative_unit,,,,,,,not_applicable,not_reported_for_published_presence,published Table S2 presence representation,source_evidence/published/insects-2378901-supplementary.pdf,Supplementary Table S2,Bio28,published_supported,false,"Presence is not concentration, abundance, behavior or ecological effect."
OBS-V1-00325,published_feature_presence,FEAT-BIO28,CTX-V1-012,,17.38,minutes_candidate_decimal_interpretation,reported_present,,presence_only_no_quantitative_unit,,,,,,,not_applicable,not_reported_for_published_presence,published Table S2 presence representation,source_evidence/published/insects-2378901-supplementary.pdf,Supplementary Table S2,Bio28,published_supported,false,"Presence is not concentration, abundance, behavior or ecological effect."
OBS-V1-00326,published_feature_presence,FEAT-BIO28,CTX-V1-009,,17.38,minutes_candidate_decimal_interpretation,reported_present,,presence_only_no_quantitative_unit,,,,,,,not_applicable,not_reported_for_published_presence,published Table S2 presence representation,source_evidence/published/insects-2378901-supplementary.pdf,Supplementary Table S2,Bio28,published_supported,false,"Presence is not concentration, abundance, behavior or ecological effect."
OBS-V1-00327,published_feature_presence,FEAT-BIO28,CTX-V1-002,,17.38,minutes_candidate_decimal_interpretation,reported_present,,presence_only_no_quantitative_unit,,,,,,,not_applicable,not_reported_for_published_presence,published Table S2 presence representation,source_evidence/published/insects-2378901-supplementary.pdf,Supplementary Table S2,Bio28,published_supported,false,"Presence is not concentration, abundance, behavior or ecological effect."
OBS-V1-00328,published_feature_presence,FEAT-BIO28,CTX-V1-007,,17.38,minutes_candidate_decimal_interpretation,reported_present,,presence_only_no_quantitative_unit,,,,,,,not_applicable,not_reported_for_published_presence,published Table S2 presence representation,source_evidence/published/insects-2378901-supplementary.pdf,Supplementary Table S2,Bio28,published_supported,false,"Presence is not concentration, abundance, behavior or ecological effect."
OBS-V1-00329,published_feature_presence,FEAT-BIO29,CTX-V1-011,,17.69,minutes_candidate_decimal_interpretation,reported_present,,presence_only_no_quantitative_unit,,,,,,,not_applicable,not_reported_for_published_presence,published Table S2 presence representation,source_evidence/published/insects-2378901-supplementary.pdf,Supplementary Table S2,Bio29,published_supported,false,"Presence is not concentration, abundance, behavior or ecological effect."
OBS-V1-00330,published_feature_presence,FEAT-BIO29,CTX-V1-012,,17.69,minutes_candidate_decimal_interpretation,reported_present,,presence_only_no_quantitative_unit,,,,,,,not_applicable,not_reported_for_published_presence,published Table S2 presence representation,source_evidence/published/insects-2378901-supplementary.pdf,Supplementary Table S2,Bio29,published_supported,false,"Presence is not concentration, abundance, behavior or ecological effect."
OBS-V1-00331,published_feature_presence,FEAT-BIO29,CTX-V1-009,,17.69,minutes_candidate_decimal_interpretation,reported_present,,presence_only_no_quantitative_unit,,,,,,,not_applicable,not_reported_for_published_presence,published Table S2 presence representation,source_evidence/published/insects-2378901-supplementary.pdf,Supplementary Table S2,Bio29,published_supported,false,"Presence is not concentration, abundance, behavior or ecological effect."
OBS-V1-00332,published_feature_presence,FEAT-BIO29,CTX-V1-002,,17.69,minutes_candidate_decimal_interpretation,reported_present,,presence_only_no_quantitative_unit,,,,,,,not_applicable,not_reported_for_published_presence,published Table S2 presence representation,source_evidence/published/insects-2378901-supplementary.pdf,Supplementary Table S2,Bio29,published_supported,false,"Presence is not concentration, abundance, behavior or ecological effect."
OBS-V1-00333,published_feature_presence,FEAT-BIO29,CTX-V1-007,,17.69,minutes_candidate_decimal_interpretation,reported_present,,presence_only_no_quantitative_unit,,,,,,,not_applicable,not_reported_for_published_presence,published Table S2 presence representation,source_evidence/published/insects-2378901-supplementary.pdf,Supplementary Table S2,Bio29,published_supported,false,"Presence is not concentration, abundance, behavior or ecological effect."
OBS-V1-00334,published_feature_presence,FEAT-BIO32,CTX-V1-011,,19.28,minutes_candidate_decimal_interpretation,reported_present,,presence_only_no_quantitative_unit,,,,,,,not_applicable,not_reported_for_published_presence,published Table S2 presence representation,source_evidence/published/insects-2378901-supplementary.pdf,Supplementary Table S2,Bio32,published_supported,false,"Presence is not concentration, abundance, behavior or ecological effect."
OBS-V1-00335,published_feature_presence,FEAT-BIO32,CTX-V1-012,,19.28,minutes_candidate_decimal_interpretation,reported_present,,presence_only_no_quantitative_unit,,,,,,,not_applicable,not_reported_for_published_presence,published Table S2 presence representation,source_evidence/published/insects-2378901-supplementary.pdf,Supplementary Table S2,Bio32,published_supported,false,"Presence is not concentration, abundance, behavior or ecological effect."
OBS-V1-00336,published_feature_presence,FEAT-BIO32,CTX-V1-005,,19.28,minutes_candidate_decimal_interpretation,reported_present,,presence_only_no_quantitative_unit,,,,,,,not_applicable,not_reported_for_published_presence,published Table S2 presence representation,source_evidence/published/insects-2378901-supplementary.pdf,Supplementary Table S2,Bio32,published_supported,false,"Presence is not concentration, abundance, behavior or ecological effect."
OBS-V1-00337,published_feature_presence,FEAT-BIO32,CTX-V1-007,,19.28,minutes_candidate_decimal_interpretation,reported_present,,presence_only_no_quantitative_unit,,,,,,,not_applicable,not_reported_for_published_presence,published Table S2 presence representation,source_evidence/published/insects-2378901-supplementary.pdf,Supplementary Table S2,Bio32,published_supported,false,"Presence is not concentration, abundance, behavior or ecological effect."
OBS-V1-00338,published_feature_presence,FEAT-BIO12,CTX-V1-009,,12.97,minutes_candidate_decimal_interpretation,reported_present,,presence_only_no_quantitative_unit,,,,,,,not_applicable,not_reported_for_published_presence,published Table S2 presence representation,source_evidence/published/insects-2378901-supplementary.pdf,Supplementary Table S2,Bio12,published_supported,false,"Presence is not concentration, abundance, behavior or ecological effect."
OBS-V1-00339,published_feature_presence,FEAT-BIO12,CTX-V1-013,,12.97,minutes_candidate_decimal_interpretation,reported_present,,presence_only_no_quantitative_unit,,,,,,,not_applicable,not_reported_for_published_presence,published Table S2 presence representation,source_evidence/published/insects-2378901-supplementary.pdf,Supplementary Table S2,Bio12,published_supported,false,"Presence is not concentration, abundance, behavior or ecological effect."
OBS-V1-00340,published_feature_presence,FEAT-BIO25,CTX-V1-009,,16.54,minutes_candidate_decimal_interpretation,reported_present,,presence_only_no_quantitative_unit,,,,,,,not_applicable,not_reported_for_published_presence,published Table S2 presence representation,source_evidence/published/insects-2378901-supplementary.pdf,Supplementary Table S2,Bio25,published_supported,false,"Presence is not concentration, abundance, behavior or ecological effect."
OBS-V1-00341,published_feature_presence,FEAT-BIO34,CTX-V1-008,,20.72,minutes_candidate_decimal_interpretation,reported_present,,presence_only_no_quantitative_unit,,,,,,,not_applicable,not_reported_for_published_presence,published Table S2 presence representation,source_evidence/published/insects-2378901-supplementary.pdf,Supplementary Table S2,Bio34,published_supported,false,"Presence is not concentration, abundance, behavior or ecological effect."
OBS-V1-00342,published_feature_presence,FEAT-BIO35,CTX-V1-002,,21.15,minutes_candidate_decimal_interpretation,reported_present,,presence_only_no_quantitative_unit,,,,,,,not_applicable,not_reported_for_published_presence,published Table S2 presence representation,source_evidence/published/insects-2378901-supplementary.pdf,Supplementary Table S2,Bio35,published_supported,false,"Presence is not concentration, abundance, behavior or ecological effect."
OBS-V1-00343,published_feature_presence,FEAT-BIO46,CTX-V1-001,,28.86,minutes_candidate_decimal_interpretation,reported_present,,presence_only_no_quantitative_unit,,,,,,,not_applicable,not_reported_for_published_presence,published Table S2 presence representation,source_evidence/published/insects-2378901-supplementary.pdf,Supplementary Table S2,Bio46,published_supported,false,"Presence is not concentration, abundance, behavior or ecological effect."
OBS-V1-00344,published_feature_presence,FEAT-BIO58,CTX-V1-001,,36.34,minutes_candidate_decimal_interpretation,reported_present,,presence_only_no_quantitative_unit,,,,,,,not_applicable,not_reported_for_published_presence,published Table S2 presence representation,source_evidence/published/insects-2378901-supplementary.pdf,Supplementary Table S2,Bio58,published_supported,false,"Presence is not concentration, abundance, behavior or ecological effect."
OBS-V1-00345,published_feature_presence,FEAT-BIO58,CTX-V1-010,,36.34,minutes_candidate_decimal_interpretation,reported_present,,presence_only_no_quantitative_unit,,,,,,,not_applicable,not_reported_for_published_presence,published Table S2 presence representation,source_evidence/published/insects-2378901-supplementary.pdf,Supplementary Table S2,Bio58,published_supported,false,"Presence is not concentration, abundance, behavior or ecological effect."
OBS-V1-00346,published_feature_presence,FEAT-BIO64,CTX-V1-005,,38.18,minutes_candidate_decimal_interpretation,reported_present,,presence_only_no_quantitative_unit,,,,,,,not_applicable,not_reported_for_published_presence,published Table S2 presence representation,source_evidence/published/insects-2378901-supplementary.pdf,Supplementary Table S2,Bio64,published_supported,false,"Presence is not concentration, abundance, behavior or ecological effect."
OBS-V1-00347,published_feature_presence,FEAT-BIO69,CTX-V1-015,,44.7,minutes_candidate_decimal_interpretation,reported_present,,presence_only_no_quantitative_unit,,,,,,,not_applicable,not_reported_for_published_presence,published Table S2 presence representation,source_evidence/published/insects-2378901-supplementary.pdf,Supplementary Table S2,Bio69,published_supported,false,"Presence is not concentration, abundance, behavior or ecological effect."
OBS-V1-00348,published_feature_presence,FEAT-BIO70,CTX-V1-001,,46.16,minutes_candidate_decimal_interpretation,reported_present,,presence_only_no_quantitative_unit,,,,,,,not_applicable,not_reported_for_published_presence,published Table S2 presence representation,source_evidence/published/insects-2378901-supplementary.pdf,Supplementary Table S2,Bio70,published_supported,false,"Presence is not concentration, abundance, behavior or ecological effect."
OBS-V1-00349,published_feature_presence,FEAT-BIO70,CTX-V1-013,,46.16,minutes_candidate_decimal_interpretation,reported_present,,presence_only_no_quantitative_unit,,,,,,,not_applicable,not_reported_for_published_presence,published Table S2 presence representation,source_evidence/published/insects-2378901-supplementary.pdf,Supplementary Table S2,Bio70,published_supported,false,"Presence is not concentration, abundance, behavior or ecological effect."
OBS-V1-00350,published_feature_presence,FEAT-BIO76,CTX-V1-001,,54.52,minutes_candidate_decimal_interpretation,reported_present,,presence_only_no_quantitative_unit,,,,,,,not_applicable,not_reported_for_published_presence,published Table S2 presence representation,source_evidence/published/insects-2378901-supplementary.pdf,Supplementary Table S2,Bio76,published_supported,false,"Presence is not concentration, abundance, behavior or ecological effect."
OBS-V1-00351,published_feature_presence,FEAT-BIO79,CTX-V1-011,,57.74,minutes_candidate_decimal_interpretation,reported_present,,presence_only_no_quantitative_unit,,,,,,,not_applicable,not_reported_for_published_presence,published Table S2 presence representation,source_evidence/published/insects-2378901-supplementary.pdf,Supplementary Table S2,Bio79,published_supported,false,"Presence is not concentration, abundance, behavior or ecological effect."
OBS-V1-00352,published_feature_presence,FEAT-BIO79,CTX-V1-009,,57.74,minutes_candidate_decimal_interpretation,reported_present,,presence_only_no_quantitative_unit,,,,,,,not_applicable,not_reported_for_published_presence,published Table S2 presence representation,source_evidence/published/insects-2378901-supplementary.pdf,Supplementary Table S2,Bio79,published_supported,false,"Presence is not concentration, abundance, behavior or ecological effect."
OBS-V1-00353,historical_sample_mass,,CTX-V1-008,wounded aphis carcivora-medicago sativa 129-5mg,,,,,,,,129.5,mg,129-5mg,unresolved,unknown_for_this_header,hyphen_or_decimal_interpreted_as_decimal,November normalization sheet demonstrates mass division elsewhere; propagation for this header not asserted,source_evidence/historical_workbooks/defence compounds-251VOC-25Nov2021.xlsx,raw,D1,original_historical_evidence,false,Historical header metadata; not a published CAP covariate. Exact weighed material is undocumented.
OBS-V1-00354,historical_sample_mass,,CTX-V1-008,wounded aphis carcivora-medicago sativa -113-3mg,,,,,,,,113.3,mg,113-3mg,unresolved,unknown_for_this_header,hyphen_or_decimal_interpreted_as_decimal,November normalization sheet demonstrates mass division elsewhere; propagation for this header not asserted,source_evidence/historical_workbooks/defence compounds-251VOC-25Nov2021.xlsx,raw,F1,original_historical_evidence,false,Historical header metadata; not a published CAP covariate. Exact weighed material is undocumented.
OBS-V1-00355,historical_sample_mass,,CTX-V1-008,wounded aphis carcivora-medicago sativa 129mg rep,,,,,,,,129,mg,129mg,unresolved,unknown_for_this_header,integer_mg_token,November normalization sheet demonstrates mass division elsewhere; propagation for this header not asserted,source_evidence/historical_workbooks/defence compounds-251VOC-25Nov2021.xlsx,raw,H1,original_historical_evidence,false,Historical header metadata; not a published CAP covariate. Exact weighed material is undocumented.
OBS-V1-00356,historical_sample_mass,,,wounded aphis gossypii-127-3mg,,,,,,,,127.3,mg,127-3mg,unresolved,unknown_for_this_header,hyphen_or_decimal_interpreted_as_decimal,November normalization sheet demonstrates mass division elsewhere; propagation for this header not asserted,source_evidence/historical_workbooks/defence compounds-251VOC-25Nov2021.xlsx,raw,O1,original_historical_evidence,unresolved,Historical header metadata; not a published CAP covariate. Exact weighed material is undocumented.
OBS-V1-00357,historical_sample_mass,,CTX-V1-007,wounded aphis gossypii-alaf-102-1mg host plant- fresh feed,,,,,,,,102.1,mg,102-1mg,unresolved,unknown_for_this_header,hyphen_or_decimal_interpreted_as_decimal,November normalization sheet demonstrates mass division elsewhere; propagation for this header not asserted,source_evidence/historical_workbooks/defence compounds-251VOC-25Nov2021.xlsx,raw,R1,original_historical_evidence,false,Historical header metadata; not a published CAP covariate. Exact weighed material is undocumented.
OBS-V1-00358,historical_sample_mass,,,wounded aphis gossypii-alaf-32-2mg,,,,,,,,32.2,mg,32-2mg,unresolved,unknown_for_this_header,hyphen_or_decimal_interpreted_as_decimal,November normalization sheet demonstrates mass division elsewhere; propagation for this header not asserted,source_evidence/historical_workbooks/defence compounds-251VOC-25Nov2021.xlsx,raw,T1,original_historical_evidence,unresolved,Historical header metadata; not a published CAP covariate. Exact weighed material is undocumented.
OBS-V1-00359,historical_sample_mass,,,wounded aphis gossypii-alaf-39-4mg,,,,,,,,39.4,mg,39-4mg,unresolved,unknown_for_this_header,hyphen_or_decimal_interpreted_as_decimal,November normalization sheet demonstrates mass division elsewhere; propagation for this header not asserted,source_evidence/historical_workbooks/defence compounds-251VOC-25Nov2021.xlsx,raw,V1,original_historical_evidence,unresolved,Historical header metadata; not a published CAP covariate. Exact weighed material is undocumented.
OBS-V1-00360,historical_sample_mass,,,wounded aphis gossypii-alaf-39mg,,,,,,,,39,mg,39mg,unresolved,unknown_for_this_header,integer_mg_token,November normalization sheet demonstrates mass division elsewhere; propagation for this header not asserted,source_evidence/historical_workbooks/defence compounds-251VOC-25Nov2021.xlsx,raw,X1,original_historical_evidence,unresolved,Historical header metadata; not a published CAP covariate. Exact weighed material is undocumented.
OBS-V1-00361,historical_sample_mass,,,wounded aphis gossypii-alaf-44-2mg,,,,,,,,44.2,mg,44-2mg,unresolved,unknown_for_this_header,hyphen_or_decimal_interpreted_as_decimal,November normalization sheet demonstrates mass division elsewhere; propagation for this header not asserted,source_evidence/historical_workbooks/defence compounds-251VOC-25Nov2021.xlsx,raw,Z1,original_historical_evidence,unresolved,Historical header metadata; not a published CAP covariate. Exact weighed material is undocumented.
OBS-V1-00362,historical_sample_mass,,,wounded aphis gossypii-alaf-45-4mg,,,,,,,,45.4,mg,45-4mg,unresolved,unknown_for_this_header,hyphen_or_decimal_interpreted_as_decimal,November normalization sheet demonstrates mass division elsewhere; propagation for this header not asserted,source_evidence/historical_workbooks/defence compounds-251VOC-25Nov2021.xlsx,raw,AB1,original_historical_evidence,unresolved,Historical header metadata; not a published CAP covariate. Exact weighed material is undocumented.
OBS-V1-00363,historical_sample_mass,,,wounded aphis gossypii-alaf-45-5mg,,,,,,,,45.5,mg,45-5mg,unresolved,unknown_for_this_header,hyphen_or_decimal_interpreted_as_decimal,November normalization sheet demonstrates mass division elsewhere; propagation for this header not asserted,source_evidence/historical_workbooks/defence compounds-251VOC-25Nov2021.xlsx,raw,AD1,original_historical_evidence,unresolved,Historical header metadata; not a published CAP covariate. Exact weighed material is undocumented.
OBS-V1-00364,historical_sample_mass,,,wounded aphis gossypii-alaf-72-6mg,,,,,,,,72.6,mg,72-6mg,unresolved,unknown_for_this_header,hyphen_or_decimal_interpreted_as_decimal,November normalization sheet demonstrates mass division elsewhere; propagation for this header not asserted,source_evidence/historical_workbooks/defence compounds-251VOC-25Nov2021.xlsx,raw,AF1,original_historical_evidence,unresolved,Historical header metadata; not a published CAP covariate. Exact weighed material is undocumented.
OBS-V1-00365,historical_sample_mass,,CTX-V1-002,wounded  aphis gossypii-cucurbita pepo-183-6mg,,,,,,,,183.6,mg,183-6mg,unresolved,unknown_for_this_header,hyphen_or_decimal_interpreted_as_decimal,November normalization sheet demonstrates mass division elsewhere; propagation for this header not asserted,source_evidence/historical_workbooks/defence compounds-251VOC-25Nov2021.xlsx,raw,AL1,original_historical_evidence,false,Historical header metadata; not a published CAP covariate. Exact weighed material is undocumented.
OBS-V1-00366,historical_sample_mass,,CTX-V1-002,wounded aphis gossypii-cucurbita pepo-[183-6mg],,,,,,,,183.6,mg,183-6mg,unresolved,unknown_for_this_header,hyphen_or_decimal_interpreted_as_decimal,November normalization sheet demonstrates mass division elsewhere; propagation for this header not asserted,source_evidence/historical_workbooks/defence compounds-251VOC-25Nov2021.xlsx,raw,AN1,original_historical_evidence,false,Historical header metadata; not a published CAP covariate. Exact weighed material is undocumented.
OBS-V1-00367,historical_sample_mass,,CTX-V1-002,wounded aphis gossypii-cucurbita pepo-55mg,,,,,,,,55,mg,55mg,unresolved,unknown_for_this_header,integer_mg_token,November normalization sheet demonstrates mass division elsewhere; propagation for this header not asserted,source_evidence/historical_workbooks/defence compounds-251VOC-25Nov2021.xlsx,raw,AP1,original_historical_evidence,false,Historical header metadata; not a published CAP covariate. Exact weighed material is undocumented.
OBS-V1-00368,historical_sample_mass,,CTX-V1-002,wounded aphis gossypii-cucurbita pepo-76 mg,,,,,,,,76,mg,76 mg,unresolved,unknown_for_this_header,integer_mg_token,November normalization sheet demonstrates mass division elsewhere; propagation for this header not asserted,source_evidence/historical_workbooks/defence compounds-251VOC-25Nov2021.xlsx,raw,AR1,original_historical_evidence,false,Historical header metadata; not a published CAP covariate. Exact weighed material is undocumented.
OBS-V1-00369,historical_sample_mass,,CTX-V1-002,wounded  aphis gossypii-cucurbita pepo-44-4mg,,,,,,,,44.4,mg,44-4mg,unresolved,unknown_for_this_header,hyphen_or_decimal_interpreted_as_decimal,November normalization sheet demonstrates mass division elsewhere; propagation for this header not asserted,source_evidence/historical_workbooks/defence compounds-251VOC-25Nov2021.xlsx,raw,AT1,original_historical_evidence,false,Historical header metadata; not a published CAP covariate. Exact weighed material is undocumented.
OBS-V1-00370,historical_sample_mass,,CTX-V1-002,wounded  aphis gossypii-cucurbita pepo-137-3mg,,,,,,,,137.3,mg,137-3mg,unresolved,unknown_for_this_header,hyphen_or_decimal_interpreted_as_decimal,November normalization sheet demonstrates mass division elsewhere; propagation for this header not asserted,source_evidence/historical_workbooks/defence compounds-251VOC-25Nov2021.xlsx,raw,AV1,original_historical_evidence,false,Historical header metadata; not a published CAP covariate. Exact weighed material is undocumented.
OBS-V1-00371,historical_sample_mass,,CTX-V1-005,wounded aphis gossypii-lemon-107-4mg,,,,,,,,107.4,mg,107-4mg,unresolved,unknown_for_this_header,hyphen_or_decimal_interpreted_as_decimal,November normalization sheet demonstrates mass division elsewhere; propagation for this header not asserted,source_evidence/historical_workbooks/defence compounds-251VOC-25Nov2021.xlsx,raw,BC1,original_historical_evidence,false,Historical header metadata; not a published CAP covariate. Exact weighed material is undocumented.
OBS-V1-00372,historical_sample_mass,,CTX-V1-005,wounded aphis gossypii-lemon-130mg,,,,,,,,130,mg,130mg,unresolved,unknown_for_this_header,integer_mg_token,November normalization sheet demonstrates mass division elsewhere; propagation for this header not asserted,source_evidence/historical_workbooks/defence compounds-251VOC-25Nov2021.xlsx,raw,BE1,original_historical_evidence,false,Historical header metadata; not a published CAP covariate. Exact weighed material is undocumented.
OBS-V1-00373,historical_sample_mass,,CTX-V1-005,wounded aphis gossypii-lemon-123mg,,,,,,,,123,mg,123mg,unresolved,unknown_for_this_header,integer_mg_token,November normalization sheet demonstrates mass division elsewhere; propagation for this header not asserted,source_evidence/historical_workbooks/defence compounds-251VOC-25Nov2021.xlsx,raw,BG1,original_historical_evidence,false,Historical header metadata; not a published CAP covariate. Exact weighed material is undocumented.
OBS-V1-00374,historical_sample_mass,,CTX-V1-006,wounded aphis gossypii-mint-50-4mg.,,,,,,,,50.4,mg,50-4mg,unresolved,unknown_for_this_header,hyphen_or_decimal_interpreted_as_decimal,November normalization sheet demonstrates mass division elsewhere; propagation for this header not asserted,source_evidence/historical_workbooks/defence compounds-251VOC-25Nov2021.xlsx,raw,BJ1,original_historical_evidence,false,Historical header metadata; not a published CAP covariate. Exact weighed material is undocumented.
OBS-V1-00375,historical_sample_mass,,CTX-V1-006,wounded aphis gossypii-mint-62-2mg.,,,,,,,,62.2,mg,62-2mg,unresolved,unknown_for_this_header,hyphen_or_decimal_interpreted_as_decimal,November normalization sheet demonstrates mass division elsewhere; propagation for this header not asserted,source_evidence/historical_workbooks/defence compounds-251VOC-25Nov2021.xlsx,raw,BL1,original_historical_evidence,false,Historical header metadata; not a published CAP covariate. Exact weighed material is undocumented.
OBS-V1-00376,historical_sample_mass,,CTX-V1-006,wounded aphis gossypii-mint-71-4mg,,,,,,,,71.4,mg,71-4mg,unresolved,unknown_for_this_header,hyphen_or_decimal_interpreted_as_decimal,November normalization sheet demonstrates mass division elsewhere; propagation for this header not asserted,source_evidence/historical_workbooks/defence compounds-251VOC-25Nov2021.xlsx,raw,BN1,original_historical_evidence,false,Historical header metadata; not a published CAP covariate. Exact weighed material is undocumented.
OBS-V1-00377,historical_sample_mass,,CTX-V1-003,wounded aphis gossypii-vinca rosea-83-2mg,,,,,,,,83.2,mg,83-2mg,unresolved,unknown_for_this_header,hyphen_or_decimal_interpreted_as_decimal,November normalization sheet demonstrates mass division elsewhere; propagation for this header not asserted,source_evidence/historical_workbooks/defence compounds-251VOC-25Nov2021.xlsx,raw,BQ1,original_historical_evidence,false,Historical header metadata; not a published CAP covariate. Exact weighed material is undocumented.
OBS-V1-00378,historical_sample_mass,,CTX-V1-003,wounded aphis gossypii-vinca rosea-93-3mg,,,,,,,,93.3,mg,93-3mg,unresolved,unknown_for_this_header,hyphen_or_decimal_interpreted_as_decimal,November normalization sheet demonstrates mass division elsewhere; propagation for this header not asserted,source_evidence/historical_workbooks/defence compounds-251VOC-25Nov2021.xlsx,raw,BS1,original_historical_evidence,false,Historical header metadata; not a published CAP covariate. Exact weighed material is undocumented.
OBS-V1-00379,historical_sample_mass,,CTX-V1-003,wounded aphis gossypii-vinca rosea-96-8mg,,,,,,,,96.8,mg,96-8mg,unresolved,unknown_for_this_header,hyphen_or_decimal_interpreted_as_decimal,November normalization sheet demonstrates mass division elsewhere; propagation for this header not asserted,source_evidence/historical_workbooks/defence compounds-251VOC-25Nov2021.xlsx,raw,BU1,original_historical_evidence,false,Historical header metadata; not a published CAP covariate. Exact weighed material is undocumented.
OBS-V1-00380,historical_sample_mass,,CTX-V1-003,wounded  aphis gossypii-vinca rosea-95-6mg,,,,,,,,95.6,mg,95-6mg,unresolved,unknown_for_this_header,hyphen_or_decimal_interpreted_as_decimal,November normalization sheet demonstrates mass division elsewhere; propagation for this header not asserted,source_evidence/historical_workbooks/defence compounds-251VOC-25Nov2021.xlsx,raw,BW1,original_historical_evidence,false,Historical header metadata; not a published CAP covariate. Exact weighed material is undocumented.
OBS-V1-00381,historical_sample_mass,,CTX-V1-004,wounded aphis gossypii-hibiscus-39mg,,,,,,,,39,mg,39mg,unresolved,unknown_for_this_header,integer_mg_token,November normalization sheet demonstrates mass division elsewhere; propagation for this header not asserted,source_evidence/historical_workbooks/defence compounds-251VOC-25Nov2021.xlsx,raw,BZ1,original_historical_evidence,false,Historical header metadata; not a published CAP covariate. Exact weighed material is undocumented.
OBS-V1-00382,historical_sample_mass,,CTX-V1-004,phis gossypii-hibiscus-53-3mg,,,,,,,,53.3,mg,53-3mg,unresolved,unknown_for_this_header,hyphen_or_decimal_interpreted_as_decimal,November normalization sheet demonstrates mass division elsewhere; propagation for this header not asserted,source_evidence/historical_workbooks/defence compounds-251VOC-25Nov2021.xlsx,raw,CB1,original_historical_evidence,false,Historical header metadata; not a published CAP covariate. Exact weighed material is undocumented.
OBS-V1-00383,historical_sample_mass,,CTX-V1-004,wounded aphis gossypii-hibiscus-65-8mg,,,,,,,,65.8,mg,65-8mg,unresolved,unknown_for_this_header,hyphen_or_decimal_interpreted_as_decimal,November normalization sheet demonstrates mass division elsewhere; propagation for this header not asserted,source_evidence/historical_workbooks/defence compounds-251VOC-25Nov2021.xlsx,raw,CD1,original_historical_evidence,false,Historical header metadata; not a published CAP covariate. Exact weighed material is undocumented.
OBS-V1-00384,historical_sample_mass,,CTX-V1-004,wounded aphis gossypii-hibiscus-82-6mg.,,,,,,,,82.6,mg,82-6mg,unresolved,unknown_for_this_header,hyphen_or_decimal_interpreted_as_decimal,November normalization sheet demonstrates mass division elsewhere; propagation for this header not asserted,source_evidence/historical_workbooks/defence compounds-251VOC-25Nov2021.xlsx,raw,CF1,original_historical_evidence,false,Historical header metadata; not a published CAP covariate. Exact weighed material is undocumented.
OBS-V1-00385,historical_sample_mass,,,wounded aphis illiniisensis-alsir-230mg,,,,,,,,230,mg,230mg,unresolved,unknown_for_this_header,integer_mg_token,November normalization sheet demonstrates mass division elsewhere; propagation for this header not asserted,source_evidence/historical_workbooks/defence compounds-251VOC-25Nov2021.xlsx,raw,CK1,original_historical_evidence,unresolved,Historical header metadata; not a published CAP covariate. Exact weighed material is undocumented.
OBS-V1-00386,historical_sample_mass,,,wounded aphis illiniisensis-alhada-244mg,,,,,,,,244,mg,244mg,unresolved,unknown_for_this_header,integer_mg_token,November normalization sheet demonstrates mass division elsewhere; propagation for this header not asserted,source_evidence/historical_workbooks/defence compounds-251VOC-25Nov2021.xlsx,raw,CM1,original_historical_evidence,unresolved,Historical header metadata; not a published CAP covariate. Exact weighed material is undocumented.
OBS-V1-00387,historical_sample_mass,,CTX-V1-012,wounded aphis nerii-nerium oleander-127-6mg,,,,,,,,127.6,mg,127-6mg,unresolved,unknown_for_this_header,hyphen_or_decimal_interpreted_as_decimal,November normalization sheet demonstrates mass division elsewhere; propagation for this header not asserted,source_evidence/historical_workbooks/defence compounds-251VOC-25Nov2021.xlsx,raw,CP1,original_historical_evidence,false,Historical header metadata; not a published CAP covariate. Exact weighed material is undocumented.
OBS-V1-00388,historical_sample_mass,,CTX-V1-012,wounded aphis nerii-nerium oleander-130 mg,,,,,,,,130,mg,130 mg,unresolved,unknown_for_this_header,integer_mg_token,November normalization sheet demonstrates mass division elsewhere; propagation for this header not asserted,source_evidence/historical_workbooks/defence compounds-251VOC-25Nov2021.xlsx,raw,CR1,original_historical_evidence,false,Historical header metadata; not a published CAP covariate. Exact weighed material is undocumented.
OBS-V1-00389,historical_sample_mass,,CTX-V1-013,wounded apple woolly aphids-green apple-123-5 mg,,,,,,,,123.5,mg,123-5 mg,unresolved,unknown_for_this_header,hyphen_or_decimal_interpreted_as_decimal,November normalization sheet demonstrates mass division elsewhere; propagation for this header not asserted,source_evidence/historical_workbooks/defence compounds-251VOC-25Nov2021.xlsx,raw,CW1,original_historical_evidence,false,Historical header metadata; not a published CAP covariate. Exact weighed material is undocumented.
OBS-V1-00390,historical_sample_mass,,CTX-V1-013,wounded apple woolly aphids-green apple-131-4 mg,,,,,,,,131.4,mg,131-4 mg,unresolved,unknown_for_this_header,hyphen_or_decimal_interpreted_as_decimal,November normalization sheet demonstrates mass division elsewhere; propagation for this header not asserted,source_evidence/historical_workbooks/defence compounds-251VOC-25Nov2021.xlsx,raw,CY1,original_historical_evidence,false,Historical header metadata; not a published CAP covariate. Exact weighed material is undocumented.
OBS-V1-00391,historical_sample_mass,,CTX-V1-013,wounded apple woolly aphids-green apple-170-5mg,,,,,,,,170.5,mg,170-5mg,unresolved,unknown_for_this_header,hyphen_or_decimal_interpreted_as_decimal,November normalization sheet demonstrates mass division elsewhere; propagation for this header not asserted,source_evidence/historical_workbooks/defence compounds-251VOC-25Nov2021.xlsx,raw,DA1,original_historical_evidence,false,Historical header metadata; not a published CAP covariate. Exact weighed material is undocumented.
OBS-V1-00392,historical_sample_mass,,CTX-V1-013,wounded apple woolly aphids-green apple-177-4mg,,,,,,,,177.4,mg,177-4mg,unresolved,unknown_for_this_header,hyphen_or_decimal_interpreted_as_decimal,November normalization sheet demonstrates mass division elsewhere; propagation for this header not asserted,source_evidence/historical_workbooks/defence compounds-251VOC-25Nov2021.xlsx,raw,DC1,original_historical_evidence,false,Historical header metadata; not a published CAP covariate. Exact weighed material is undocumented.
OBS-V1-00393,historical_sample_mass,,CTX-V1-013,wounded apple woolly aphids-green apple-258-5mg,,,,,,,,258.5,mg,258-5mg,unresolved,unknown_for_this_header,hyphen_or_decimal_interpreted_as_decimal,November normalization sheet demonstrates mass division elsewhere; propagation for this header not asserted,source_evidence/historical_workbooks/defence compounds-251VOC-25Nov2021.xlsx,raw,DE1,original_historical_evidence,false,Historical header metadata; not a published CAP covariate. Exact weighed material is undocumented.
OBS-V1-00394,historical_sample_mass,,CTX-V1-013,wounded apple woolly aphids-green apple-69-3mg,,,,,,,,69.3,mg,69-3mg,unresolved,unknown_for_this_header,hyphen_or_decimal_interpreted_as_decimal,November normalization sheet demonstrates mass division elsewhere; propagation for this header not asserted,source_evidence/historical_workbooks/defence compounds-251VOC-25Nov2021.xlsx,raw,DG1,original_historical_evidence,false,Historical header metadata; not a published CAP covariate. Exact weighed material is undocumented.
OBS-V1-00395,historical_sample_mass,,CTX-V1-013,wounded apple woolly aphids-green apple-92-2 mg,,,,,,,,92.2,mg,92-2 mg,unresolved,unknown_for_this_header,hyphen_or_decimal_interpreted_as_decimal,November normalization sheet demonstrates mass division elsewhere; propagation for this header not asserted,source_evidence/historical_workbooks/defence compounds-251VOC-25Nov2021.xlsx,raw,DI1,original_historical_evidence,false,Historical header metadata; not a published CAP covariate. Exact weighed material is undocumented.
OBS-V1-00396,historical_sample_mass,,CTX-V1-013,wounded apple woolly aphids-green apple-92-3 mg,,,,,,,,92.3,mg,92-3 mg,unresolved,unknown_for_this_header,hyphen_or_decimal_interpreted_as_decimal,November normalization sheet demonstrates mass division elsewhere; propagation for this header not asserted,source_evidence/historical_workbooks/defence compounds-251VOC-25Nov2021.xlsx,raw,DK1,original_historical_evidence,false,Historical header metadata; not a published CAP covariate. Exact weighed material is undocumented.
OBS-V1-00397,historical_sample_mass,,CTX-V1-013,wounded apple woolly aphids-green apple-92-6 mg,,,,,,,,92.6,mg,92-6 mg,unresolved,unknown_for_this_header,hyphen_or_decimal_interpreted_as_decimal,November normalization sheet demonstrates mass division elsewhere; propagation for this header not asserted,source_evidence/historical_workbooks/defence compounds-251VOC-25Nov2021.xlsx,raw,DM1,original_historical_evidence,false,Historical header metadata; not a published CAP covariate. Exact weighed material is undocumented.
OBS-V1-00398,historical_sample_mass,,CTX-V1-013,wounded woolly aphids-360-7mg--dvbp.,,,,,,,,360.7,mg,360-7mg,unresolved,unknown_for_this_header,hyphen_or_decimal_interpreted_as_decimal,November normalization sheet demonstrates mass division elsewhere; propagation for this header not asserted,source_evidence/historical_workbooks/defence compounds-251VOC-25Nov2021.xlsx,raw,DO1,original_historical_evidence,false,Historical header metadata; not a published CAP covariate. Exact weighed material is undocumented.
OBS-V1-00399,historical_sample_mass,,,wap-prewashedethoh-chcl3-hexaneunderliqn2-1046-7mg,,,,,,,,1046.7,mg,1046-7mg,unresolved,unknown_for_this_header,hyphen_or_decimal_interpreted_as_decimal,November normalization sheet demonstrates mass division elsewhere; propagation for this header not asserted,source_evidence/historical_workbooks/defence compounds-251VOC-25Nov2021.xlsx,raw,DR1,original_historical_evidence,unresolved,Historical header metadata; not a published CAP covariate. Exact weighed material is undocumented.
OBS-V1-00400,historical_sample_mass,,,wap-prewashedethoh-chcl3-hexaneunder-liqn2-190-5mg,,,,,,,,190.5,mg,190-5mg,unresolved,unknown_for_this_header,hyphen_or_decimal_interpreted_as_decimal,November normalization sheet demonstrates mass division elsewhere; propagation for this header not asserted,source_evidence/historical_workbooks/defence compounds-251VOC-25Nov2021.xlsx,raw,DT1,original_historical_evidence,unresolved,Historical header metadata; not a published CAP covariate. Exact weighed material is undocumented.
OBS-V1-00401,historical_sample_mass,,,wap-prewashedethoh-chcl3-hexaneunder-liqn2-203-5mg,,,,,,,,203.5,mg,203-5mg,unresolved,unknown_for_this_header,hyphen_or_decimal_interpreted_as_decimal,November normalization sheet demonstrates mass division elsewhere; propagation for this header not asserted,source_evidence/historical_workbooks/defence compounds-251VOC-25Nov2021.xlsx,raw,DV1,original_historical_evidence,unresolved,Historical header metadata; not a published CAP covariate. Exact weighed material is undocumented.
OBS-V1-00402,historical_sample_mass,,,wap-prewashedethoh-chcl3-hexaneunder-liqn2-404-2mg,,,,,,,,404.2,mg,404-2mg,unresolved,unknown_for_this_header,hyphen_or_decimal_interpreted_as_decimal,November normalization sheet demonstrates mass division elsewhere; propagation for this header not asserted,source_evidence/historical_workbooks/defence compounds-251VOC-25Nov2021.xlsx,raw,DX1,original_historical_evidence,unresolved,Historical header metadata; not a published CAP covariate. Exact weighed material is undocumented.
OBS-V1-00403,historical_sample_mass,,CTX-V1-013,woolly aphids-dvbp-alhada-45min-400mg,,,,,,,,400,mg,400mg,unresolved,unknown_for_this_header,integer_mg_token,November normalization sheet demonstrates mass division elsewhere; propagation for this header not asserted,source_evidence/historical_workbooks/defence compounds-251VOC-25Nov2021.xlsx,raw,DZ1,original_historical_evidence,false,Historical header metadata; not a published CAP covariate. Exact weighed material is undocumented.
OBS-V1-00404,historical_sample_mass,,CTX-V1-013,wounded woolly aphids g-apple-alhada-dvbp-278-3mg,,,,,,,,278.3,mg,278-3mg,unresolved,unknown_for_this_header,hyphen_or_decimal_interpreted_as_decimal,November normalization sheet demonstrates mass division elsewhere; propagation for this header not asserted,source_evidence/historical_workbooks/defence compounds-251VOC-25Nov2021.xlsx,raw,EB1,original_historical_evidence,false,Historical header metadata; not a published CAP covariate. Exact weighed material is undocumented.
OBS-V1-00405,historical_sample_mass,,CTX-V1-013,wounded woolly aphids-dvbp-99-7mg undern2 ga,,,,,,,,99.7,mg,99-7mg,unresolved,unknown_for_this_header,hyphen_or_decimal_interpreted_as_decimal,November normalization sheet demonstrates mass division elsewhere; propagation for this header not asserted,source_evidence/historical_workbooks/defence compounds-251VOC-25Nov2021.xlsx,raw,EH1,original_historical_evidence,false,Historical header metadata; not a published CAP covariate. Exact weighed material is undocumented.
OBS-V1-00406,historical_sample_mass,,,wounded rhodobium porosum-sultani rose-100-8mg-charcoal,,,,,,,,100.8,mg,100-8mg,unresolved,unknown_for_this_header,hyphen_or_decimal_interpreted_as_decimal,November normalization sheet demonstrates mass division elsewhere; propagation for this header not asserted,source_evidence/historical_workbooks/defence compounds-251VOC-25Nov2021.xlsx,raw,EQ1,original_historical_evidence,unresolved,Historical header metadata; not a published CAP covariate. Exact weighed material is undocumented.
OBS-V1-00407,historical_sample_mass,,,wounded rhodobium porosum-sultani rose-31-6mg,,,,,,,,31.6,mg,31-6mg,unresolved,unknown_for_this_header,hyphen_or_decimal_interpreted_as_decimal,November normalization sheet demonstrates mass division elsewhere; propagation for this header not asserted,source_evidence/historical_workbooks/defence compounds-251VOC-25Nov2021.xlsx,raw,ES1,original_historical_evidence,unresolved,Historical header metadata; not a published CAP covariate. Exact weighed material is undocumented.
OBS-V1-00408,historical_sample_mass,,,wounded rhodobium porosum-sultani rose-37-2mg,,,,,,,,37.2,mg,37-2mg,unresolved,unknown_for_this_header,hyphen_or_decimal_interpreted_as_decimal,November normalization sheet demonstrates mass division elsewhere; propagation for this header not asserted,source_evidence/historical_workbooks/defence compounds-251VOC-25Nov2021.xlsx,raw,EU1,original_historical_evidence,unresolved,Historical header metadata; not a published CAP covariate. Exact weighed material is undocumented.
OBS-V1-00409,historical_sample_mass,,,wounded rhodobium porosum-taif rose- alhada-169 mg,,,,,,,,169,mg,169 mg,unresolved,unknown_for_this_header,integer_mg_token,November normalization sheet demonstrates mass division elsewhere; propagation for this header not asserted,source_evidence/historical_workbooks/defence compounds-251VOC-25Nov2021.xlsx,raw,EY1,original_historical_evidence,unresolved,Historical header metadata; not a published CAP covariate. Exact weighed material is undocumented.
OBS-V1-00410,historical_sample_mass,,,wounded rhodobium porosum-taif rose- alhada-214 mg,,,,,,,,214,mg,214 mg,unresolved,unknown_for_this_header,integer_mg_token,November normalization sheet demonstrates mass division elsewhere; propagation for this header not asserted,source_evidence/historical_workbooks/defence compounds-251VOC-25Nov2021.xlsx,raw,FA1,original_historical_evidence,unresolved,Historical header metadata; not a published CAP covariate. Exact weighed material is undocumented.
OBS-V1-00411,historical_sample_mass,,,wounded rhodobium porosum-taif rose-30-8mg,,,,,,,,30.8,mg,30-8mg,unresolved,unknown_for_this_header,hyphen_or_decimal_interpreted_as_decimal,November normalization sheet demonstrates mass division elsewhere; propagation for this header not asserted,source_evidence/historical_workbooks/defence compounds-251VOC-25Nov2021.xlsx,raw,FC1,original_historical_evidence,unresolved,Historical header metadata; not a published CAP covariate. Exact weighed material is undocumented.
OBS-V1-00412,historical_sample_mass,,,wounded rhodobium porosum-taif rose-36-4mg,,,,,,,,36.4,mg,36-4mg,unresolved,unknown_for_this_header,hyphen_or_decimal_interpreted_as_decimal,November normalization sheet demonstrates mass division elsewhere; propagation for this header not asserted,source_evidence/historical_workbooks/defence compounds-251VOC-25Nov2021.xlsx,raw,FE1,original_historical_evidence,unresolved,Historical header metadata; not a published CAP covariate. Exact weighed material is undocumented.
OBS-V1-00413,historical_sample_mass,,,wounded rhodobium porosum-taif rose-54-5mg-charcoal,,,,,,,,54.5,mg,54-5mg,unresolved,unknown_for_this_header,hyphen_or_decimal_interpreted_as_decimal,November normalization sheet demonstrates mass division elsewhere; propagation for this header not asserted,source_evidence/historical_workbooks/defence compounds-251VOC-25Nov2021.xlsx,raw,FG1,original_historical_evidence,unresolved,Historical header metadata; not a published CAP covariate. Exact weighed material is undocumented.
OBS-V1-00414,historical_sample_mass,,,wounded rhodobium porosum-taif rose-alhada79-3mg-charcoal,,,,,,,,3,mg,3mg,unresolved,unknown_for_this_header,integer_mg_token,November normalization sheet demonstrates mass division elsewhere; propagation for this header not asserted,source_evidence/historical_workbooks/defence compounds-251VOC-25Nov2021.xlsx,raw,FQ1,original_historical_evidence,unresolved,Historical header metadata; not a published CAP covariate. Exact weighed material is undocumented.
OBS-V1-00415,historical_sample_mass,,,wounded rhodobium porosum-taif rose-alhada534-4mg-charcoal,,,,,,,,4,mg,4mg,unresolved,unknown_for_this_header,integer_mg_token,November normalization sheet demonstrates mass division elsewhere; propagation for this header not asserted,source_evidence/historical_workbooks/defence compounds-251VOC-25Nov2021.xlsx,raw,FY1,original_historical_evidence,unresolved,Historical header metadata; not a published CAP covariate. Exact weighed material is undocumented.
OBS-V1-00416,historical_sample_mass,,CTX-V1-015,wounded unidentified aphid-20-5mg-nashba+is location-alsail-flower of green foxtail,,,,,,,,20.5,mg,20-5mg,unresolved,unknown_for_this_header,hyphen_or_decimal_interpreted_as_decimal,November normalization sheet demonstrates mass division elsewhere; propagation for this header not asserted,source_evidence/historical_workbooks/defence compounds-251VOC-25Nov2021.xlsx,raw,GB1,original_historical_evidence,false,Historical header metadata; not a published CAP covariate. Exact weighed material is undocumented.
OBS-V1-00417,historical_sample_mass,,,wounded unidentified aphid-23-9mg-nashba+is-3dilu,,,,,,,,23.9,mg,23-9mg,unresolved,unknown_for_this_header,hyphen_or_decimal_interpreted_as_decimal,November normalization sheet demonstrates mass division elsewhere; propagation for this header not asserted,source_evidence/historical_workbooks/defence compounds-251VOC-25Nov2021.xlsx,raw,GD1,original_historical_evidence,unresolved,Historical header metadata; not a published CAP covariate. Exact weighed material is undocumented.
OBS-V1-00418,historical_sample_mass,,,wounded-unidentified aphid-25-2mg-nashba,,,,,,,,25.2,mg,25-2mg,unresolved,unknown_for_this_header,hyphen_or_decimal_interpreted_as_decimal,November normalization sheet demonstrates mass division elsewhere; propagation for this header not asserted,source_evidence/historical_workbooks/defence compounds-251VOC-25Nov2021.xlsx,raw,GF1,original_historical_evidence,unresolved,Historical header metadata; not a published CAP covariate. Exact weighed material is undocumented.
OBS-V1-00419,historical_sample_mass,,,wounded aphids g-apple-122-4mg without is (internal standard) charcoal,,,,,,,,122.4,mg,122-4mg,unresolved,unknown_for_this_header,hyphen_or_decimal_interpreted_as_decimal,November normalization sheet demonstrates mass division elsewhere; propagation for this header not asserted,source_evidence/historical_workbooks/defence compounds-251VOC-25Nov2021.xlsx,raw,GI1,original_historical_evidence,unresolved,Historical header metadata; not a published CAP covariate. Exact weighed material is undocumented.
OBS-V1-00420,historical_sample_mass,,,wounded aphids g-apple-128-4mg withis[1ul-is-1(internal standard)],,,,,,,,128.4,mg,128-4mg,unresolved,unknown_for_this_header,hyphen_or_decimal_interpreted_as_decimal,November normalization sheet demonstrates mass division elsewhere; propagation for this header not asserted,source_evidence/historical_workbooks/defence compounds-251VOC-25Nov2021.xlsx,raw,GK1,original_historical_evidence,unresolved,Historical header metadata; not a published CAP covariate. Exact weighed material is undocumented.
OBS-V1-00421,historical_sample_mass,,,wounded aphids g-apple-alhada-138mg,,,,,,,,138,mg,138mg,unresolved,unknown_for_this_header,integer_mg_token,November normalization sheet demonstrates mass division elsewhere; propagation for this header not asserted,source_evidence/historical_workbooks/defence compounds-251VOC-25Nov2021.xlsx,raw,GM1,original_historical_evidence,unresolved,Historical header metadata; not a published CAP covariate. Exact weighed material is undocumented.
OBS-V1-00422,historical_sample_mass,,,wounded aphids g-apple-alhada-171-5mg,,,,,,,,171.5,mg,171-5mg,unresolved,unknown_for_this_header,hyphen_or_decimal_interpreted_as_decimal,November normalization sheet demonstrates mass division elsewhere; propagation for this header not asserted,source_evidence/historical_workbooks/defence compounds-251VOC-25Nov2021.xlsx,raw,GO1,original_historical_evidence,unresolved,Historical header metadata; not a published CAP covariate. Exact weighed material is undocumented.
OBS-V1-00423,historical_sample_mass,,,wounded aphids-grape-104-7mg withis[1ul-is-1(internal standard)].,,,,,,,,104.7,mg,104-7mg,unresolved,unknown_for_this_header,hyphen_or_decimal_interpreted_as_decimal,November normalization sheet demonstrates mass division elsewhere; propagation for this header not asserted,source_evidence/historical_workbooks/defence compounds-251VOC-25Nov2021.xlsx,raw,GQ1,original_historical_evidence,unresolved,Historical header metadata; not a published CAP covariate. Exact weighed material is undocumented.
OBS-V1-00424,historical_sample_mass,,,wounded aphid of white raphanus- 91-4mg- charcoal- alhawiya,,,,,,,,91.4,mg,91-4mg,unresolved,unknown_for_this_header,hyphen_or_decimal_interpreted_as_decimal,November normalization sheet demonstrates mass division elsewhere; propagation for this header not asserted,source_evidence/historical_workbooks/defence compounds-251VOC-25Nov2021.xlsx,raw,GT1,original_historical_evidence,unresolved,Historical header metadata; not a published CAP covariate. Exact weighed material is undocumented.
OBS-V1-00425,historical_sample_mass,,,wounded aphid of white raphanus-144mg,,,,,,,,144,mg,144mg,unresolved,unknown_for_this_header,integer_mg_token,November normalization sheet demonstrates mass division elsewhere; propagation for this header not asserted,source_evidence/historical_workbooks/defence compounds-251VOC-25Nov2021.xlsx,raw,GX1,original_historical_evidence,unresolved,Historical header metadata; not a published CAP covariate. Exact weighed material is undocumented.
OBS-V1-00426,historical_sample_mass,,,wounded aphid of white raphanus-123-9mg,,,,,,,,123.9,mg,123-9mg,unresolved,unknown_for_this_header,hyphen_or_decimal_interpreted_as_decimal,November normalization sheet demonstrates mass division elsewhere; propagation for this header not asserted,source_evidence/historical_workbooks/defence compounds-251VOC-25Nov2021.xlsx,raw,GZ1,original_historical_evidence,unresolved,Historical header metadata; not a published CAP covariate. Exact weighed material is undocumented.
OBS-V1-00427,historical_sample_mass,,,wounded aphid of white raphanus-184-3mg.,,,,,,,,184.3,mg,184-3mg,unresolved,unknown_for_this_header,hyphen_or_decimal_interpreted_as_decimal,November normalization sheet demonstrates mass division elsewhere; propagation for this header not asserted,source_evidence/historical_workbooks/defence compounds-251VOC-25Nov2021.xlsx,raw,HB1,original_historical_evidence,unresolved,Historical header metadata; not a published CAP covariate. Exact weighed material is undocumented.
OBS-V1-00428,historical_sample_mass,,,wounded aphid of white raphanus-64mg.,,,,,,,,64,mg,64mg,unresolved,unknown_for_this_header,integer_mg_token,November normalization sheet demonstrates mass division elsewhere; propagation for this header not asserted,source_evidence/historical_workbooks/defence compounds-251VOC-25Nov2021.xlsx,raw,HD1,original_historical_evidence,unresolved,Historical header metadata; not a published CAP covariate. Exact weighed material is undocumented.
OBS-V1-00429,historical_sample_mass,,CTX-V1-001,wounded aphis punicea-210 mg-pomogranate- alhawiya-charcoal,,,,,,,,210,mg,210 mg,unresolved,unknown_for_this_header,integer_mg_token,November normalization sheet demonstrates mass division elsewhere; propagation for this header not asserted,source_evidence/historical_workbooks/defence compounds-251VOC-25Nov2021.xlsx,raw,HI1,original_historical_evidence,false,Historical header metadata; not a published CAP covariate. Exact weighed material is undocumented.
OBS-V1-00430,historical_sample_mass,,CTX-V1-001,wounded aphis punicea-32-5mg-dvbp-60 microliter ( Generally in dvb we use 120microliter but here we use only 60 micro liter for elution.),,,,,,,,32.5,mg,32-5mg,unresolved,unknown_for_this_header,hyphen_or_decimal_interpreted_as_decimal,November normalization sheet demonstrates mass division elsewhere; propagation for this header not asserted,source_evidence/historical_workbooks/defence compounds-251VOC-25Nov2021.xlsx,raw,HK1,original_historical_evidence,false,Historical header metadata; not a published CAP covariate. Exact weighed material is undocumented.
OBS-V1-00431,historical_sample_mass,,CTX-V1-001,aphis punicea-liq-n2-22-6 mg.,,,,,,,,22.6,mg,22-6 mg,unresolved,unknown_for_this_header,hyphen_or_decimal_interpreted_as_decimal,November normalization sheet demonstrates mass division elsewhere; propagation for this header not asserted,source_evidence/historical_workbooks/defence compounds-251VOC-25Nov2021.xlsx,raw,HM1,original_historical_evidence,false,Historical header metadata; not a published CAP covariate. Exact weighed material is undocumented.
OBS-V1-00432,historical_sample_mass,,CTX-V1-001,aphis punicea-liq-n2-36-3 mg,,,,,,,,36.3,mg,36-3 mg,unresolved,unknown_for_this_header,hyphen_or_decimal_interpreted_as_decimal,November normalization sheet demonstrates mass division elsewhere; propagation for this header not asserted,source_evidence/historical_workbooks/defence compounds-251VOC-25Nov2021.xlsx,raw,HO1,original_historical_evidence,false,Historical header metadata; not a published CAP covariate. Exact weighed material is undocumented.
OBS-V1-00433,historical_sample_mass,,CTX-V1-001,aphis punicea-liq-n2-48-1 mg,,,,,,,,48.1,mg,48-1 mg,unresolved,unknown_for_this_header,hyphen_or_decimal_interpreted_as_decimal,November normalization sheet demonstrates mass division elsewhere; propagation for this header not asserted,source_evidence/historical_workbooks/defence compounds-251VOC-25Nov2021.xlsx,raw,HQ1,original_historical_evidence,false,Historical header metadata; not a published CAP covariate. Exact weighed material is undocumented.
OBS-V1-00434,historical_sample_mass,,CTX-V1-001,aphis punicea-liq-n2-56-3 mg-al-sir,,,,,,,,56.3,mg,56-3 mg,unresolved,unknown_for_this_header,hyphen_or_decimal_interpreted_as_decimal,November normalization sheet demonstrates mass division elsewhere; propagation for this header not asserted,source_evidence/historical_workbooks/defence compounds-251VOC-25Nov2021.xlsx,raw,HS1,original_historical_evidence,false,Historical header metadata; not a published CAP covariate. Exact weighed material is undocumented.
OBS-V1-00435,historical_sample_mass,,CTX-V1-001,aphis punicea-liq-n2-59-3 mg-al-sir,,,,,,,,59.3,mg,59-3 mg,unresolved,unknown_for_this_header,hyphen_or_decimal_interpreted_as_decimal,November normalization sheet demonstrates mass division elsewhere; propagation for this header not asserted,source_evidence/historical_workbooks/defence compounds-251VOC-25Nov2021.xlsx,raw,HU1,original_historical_evidence,false,Historical header metadata; not a published CAP covariate. Exact weighed material is undocumented.
OBS-V1-00436,historical_sample_mass,,CTX-V1-001,aphis punicea-liq-n2-65-9 mg-al-sir repeat,,,,,,,,65.9,mg,65-9 mg,unresolved,unknown_for_this_header,hyphen_or_decimal_interpreted_as_decimal,November normalization sheet demonstrates mass division elsewhere; propagation for this header not asserted,source_evidence/historical_workbooks/defence compounds-251VOC-25Nov2021.xlsx,raw,HY1,original_historical_evidence,false,Historical header metadata; not a published CAP covariate. Exact weighed material is undocumented.
OBS-V1-00437,historical_sample_mass,,CTX-V1-001,aphis punicea-liq-n2-65-9 mg-al-sir,,,,,,,,65.9,mg,65-9 mg,unresolved,unknown_for_this_header,hyphen_or_decimal_interpreted_as_decimal,November normalization sheet demonstrates mass division elsewhere; propagation for this header not asserted,source_evidence/historical_workbooks/defence compounds-251VOC-25Nov2021.xlsx,raw,IA1,original_historical_evidence,false,Historical header metadata; not a published CAP covariate. Exact weighed material is undocumented.
