docking_run_id,receptor_ligand_pair_id,PDB_ID,receptor_id,receptor_name,receptor_species,bio_id,ligand_name,evidence_tier,gcms_confidence,seed,expected_config_path,expected_raw_output_path,expected_log_path,expected_pose_directory,protocol_version,exhaustiveness,requested_modes,energy_range,cpu,box_center,box_dimensions,status,pose_rank,vina_score,pose_path,pose_sha256,raw_output_path,receptor_preparation_version,ligand_preparation_version,execution_timestamp_utc,execution_status
4Z39__Bio13__seed42,MVIC-OBP3__Bio13,4Z39,MVIC-OBP3,MvicOBP3,Megoura viciae,Bio13,6-Methyl-5-hepten-2-one,Tier B,?,42,docking_v1/production_configs/4Z39_MvicOBP3/Bio13/seed_42.txt,docking_v1/production_runs/4Z39_MvicOBP3/Bio13/seed_42/4Z39__Bio13__seed42_raw.pdbqt,docking_v1/production_logs/4Z39_MvicOBP3/Bio13/seed_42_attempt1.log,docking_v1/production_poses/4Z39_MvicOBP3/Bio13/seed_42,phase5d2_protocol_v1.0,32,20,4,1,8.284;6.721;22.849,27.811;29.469;22.853,EXPECTED,1,-4.103,docking_v1/production_poses/4Z39_MvicOBP3/Bio13/seed_42/4Z39__Bio13__seed42__pose1.pdbqt,e160629a9d742d65ab069b3a68a6d005af7e14395bab438acb0ee0067c2ea1a8,docking_v1/production_runs/4Z39_MvicOBP3/Bio13/seed_42/4Z39__Bio13__seed42_raw.pdbqt,phase5d3_pH7_meeko0.7.1_v1,phase5d3_etkdgv3_20conf_meeko0.7.1_v1,2026-10-04T09:13:00.932724+00:00,SUCCESS
4Z39__Bio13__seed2026,MVIC-OBP3__Bio13,4Z39,MVIC-OBP3,MvicOBP3,Megoura viciae,Bio13,6-Methyl-5-hepten-2-one,Tier B,?,2026,docking_v1/production_configs/4Z39_MvicOBP3/Bio13/seed_2026.txt,docking_v1/production_runs/4Z39_MvicOBP3/Bio13/seed_2026/4Z39__Bio13__seed2026_raw.pdbqt,docking_v1/production_logs/4Z39_MvicOBP3/Bio13/seed_2026_attempt1.log,docking_v1/production_poses/4Z39_MvicOBP3/Bio13/seed_2026,phase5d2_protocol_v1.0,32,20,4,1,8.284;6.721;22.849,27.811;29.469;22.853,EXPECTED,1,-4.13,docking_v1/production_poses/4Z39_MvicOBP3/Bio13/seed_2026/4Z39__Bio13__seed2026__pose1.pdbqt,6e9dc6ec6c2e705d12393b6fb465625e0871caa279302e519a755499e860934f,docking_v1/production_runs/4Z39_MvicOBP3/Bio13/seed_2026/4Z39__Bio13__seed2026_raw.pdbqt,phase5d3_pH7_meeko0.7.1_v1,phase5d3_etkdgv3_20conf_meeko0.7.1_v1,2026-10-04T09:13:11.301694+00:00,SUCCESS
4Z39__Bio13__seed104729,MVIC-OBP3__Bio13,4Z39,MVIC-OBP3,MvicOBP3,Megoura viciae,Bio13,6-Methyl-5-hepten-2-one,Tier B,?,104729,docking_v1/production_configs/4Z39_MvicOBP3/Bio13/seed_104729.txt,docking_v1/production_runs/4Z39_MvicOBP3/Bio13/seed_104729/4Z39__Bio13__seed104729_raw.pdbqt,docking_v1/production_logs/4Z39_MvicOBP3/Bio13/seed_104729_attempt1.log,docking_v1/production_poses/4Z39_MvicOBP3/Bio13/seed_104729,phase5d2_protocol_v1.0,32,20,4,1,8.284;6.721;22.849,27.811;29.469;22.853,EXPECTED,1,-4.106,docking_v1/production_poses/4Z39_MvicOBP3/Bio13/seed_104729/4Z39__Bio13__seed104729__pose1.pdbqt,52496d0d1fd46d369f3ef96a13bbd86e3d3433ab7410fe8fc15bc7faf0725e45,docking_v1/production_runs/4Z39_MvicOBP3/Bio13/seed_104729/4Z39__Bio13__seed104729_raw.pdbqt,phase5d3_pH7_meeko0.7.1_v1,phase5d3_etkdgv3_20conf_meeko0.7.1_v1,2026-10-04T09:13:18.260642+00:00,SUCCESS
4Z39__Bio13__seed271828,MVIC-OBP3__Bio13,4Z39,MVIC-OBP3,MvicOBP3,Megoura viciae,Bio13,6-Methyl-5-hepten-2-one,Tier B,?,271828,docking_v1/production_configs/4Z39_MvicOBP3/Bio13/seed_271828.txt,docking_v1/production_runs/4Z39_MvicOBP3/Bio13/seed_271828/4Z39__Bio13__seed271828_raw.pdbqt,docking_v1/production_logs/4Z39_MvicOBP3/Bio13/seed_271828_attempt1.log,docking_v1/production_poses/4Z39_MvicOBP3/Bio13/seed_271828,phase5d2_protocol_v1.0,32,20,4,1,8.284;6.721;22.849,27.811;29.469;22.853,EXPECTED,1,-4.132,docking_v1/production_poses/4Z39_MvicOBP3/Bio13/seed_271828/4Z39__Bio13__seed271828__pose1.pdbqt,7b3cc691ab2bdd20fd9ab61f412a2839e2f032aea7aeece9f94360485c99144b,docking_v1/production_runs/4Z39_MvicOBP3/Bio13/seed_271828/4Z39__Bio13__seed271828_raw.pdbqt,phase5d3_pH7_meeko0.7.1_v1,phase5d3_etkdgv3_20conf_meeko0.7.1_v1,2026-10-04T09:13:18.097600+00:00,SUCCESS
4Z39__Bio13__seed314159,MVIC-OBP3__Bio13,4Z39,MVIC-OBP3,MvicOBP3,Megoura viciae,Bio13,6-Methyl-5-hepten-2-one,Tier B,?,314159,docking_v1/production_configs/4Z39_MvicOBP3/Bio13/seed_314159.txt,docking_v1/production_runs/4Z39_MvicOBP3/Bio13/seed_314159/4Z39__Bio13__seed314159_raw.pdbqt,docking_v1/production_logs/4Z39_MvicOBP3/Bio13/seed_314159_attempt1.log,docking_v1/production_poses/4Z39_MvicOBP3/Bio13/seed_314159,phase5d2_protocol_v1.0,32,20,4,1,8.284;6.721;22.849,27.811;29.469;22.853,EXPECTED,1,-4.133,docking_v1/production_poses/4Z39_MvicOBP3/Bio13/seed_314159/4Z39__Bio13__seed314159__pose1.pdbqt,af56dfdb411ad69d79a7fcbf0ce79015092ef7fbbdb410a6558aa1348b83a1e2,docking_v1/production_runs/4Z39_MvicOBP3/Bio13/seed_314159/4Z39__Bio13__seed314159_raw.pdbqt,phase5d3_pH7_meeko0.7.1_v1,phase5d3_etkdgv3_20conf_meeko0.7.1_v1,2026-10-04T09:13:50.446305+00:00,SUCCESS
4Z39__Bio17__seed42,MVIC-OBP3__Bio17,4Z39,MVIC-OBP3,MvicOBP3,Megoura viciae,Bio17,2-Phenylpropanal,Tier A,*,42,docking_v1/production_configs/4Z39_MvicOBP3/Bio17/seed_42.txt,docking_v1/production_runs/4Z39_MvicOBP3/Bio17/seed_42/4Z39__Bio17__seed42_raw.pdbqt,docking_v1/production_logs/4Z39_MvicOBP3/Bio17/seed_42_attempt1.log,docking_v1/production_poses/4Z39_MvicOBP3/Bio17/seed_42,phase5d2_protocol_v1.0,32,20,4,1,8.284;6.721;22.849,27.811;29.469;22.853,EXPECTED,1,-5.126,docking_v1/production_poses/4Z39_MvicOBP3/Bio17/seed_42/4Z39__Bio17__seed42__pose1.pdbqt,beb2053619fb454a3866a107fa5e2112e23cc8ce96563321a1497b956b84d4c3,docking_v1/production_runs/4Z39_MvicOBP3/Bio17/seed_42/4Z39__Bio17__seed42_raw.pdbqt,phase5d3_pH7_meeko0.7.1_v1,phase5d3_etkdgv3_20conf_meeko0.7.1_v1,2026-10-04T09:03:28.711344+00:00,SUCCESS
4Z39__Bio17__seed2026,MVIC-OBP3__Bio17,4Z39,MVIC-OBP3,MvicOBP3,Megoura viciae,Bio17,2-Phenylpropanal,Tier A,*,2026,docking_v1/production_configs/4Z39_MvicOBP3/Bio17/seed_2026.txt,docking_v1/production_runs/4Z39_MvicOBP3/Bio17/seed_2026/4Z39__Bio17__seed2026_raw.pdbqt,docking_v1/production_logs/4Z39_MvicOBP3/Bio17/seed_2026_attempt1.log,docking_v1/production_poses/4Z39_MvicOBP3/Bio17/seed_2026,phase5d2_protocol_v1.0,32,20,4,1,8.284;6.721;22.849,27.811;29.469;22.853,EXPECTED,1,-5.111,docking_v1/production_poses/4Z39_MvicOBP3/Bio17/seed_2026/4Z39__Bio17__seed2026__pose1.pdbqt,f268ddbb8e18eec952253a73436265429907d9e1b0fa373897a9c29c62bec6c8,docking_v1/production_runs/4Z39_MvicOBP3/Bio17/seed_2026/4Z39__Bio17__seed2026_raw.pdbqt,phase5d3_pH7_meeko0.7.1_v1,phase5d3_etkdgv3_20conf_meeko0.7.1_v1,2026-10-04T09:03:33.705242+00:00,SUCCESS
4Z39__Bio17__seed104729,MVIC-OBP3__Bio17,4Z39,MVIC-OBP3,MvicOBP3,Megoura viciae,Bio17,2-Phenylpropanal,Tier A,*,104729,docking_v1/production_configs/4Z39_MvicOBP3/Bio17/seed_104729.txt,docking_v1/production_runs/4Z39_MvicOBP3/Bio17/seed_104729/4Z39__Bio17__seed104729_raw.pdbqt,docking_v1/production_logs/4Z39_MvicOBP3/Bio17/seed_104729_attempt1.log,docking_v1/production_poses/4Z39_MvicOBP3/Bio17/seed_104729,phase5d2_protocol_v1.0,32,20,4,1,8.284;6.721;22.849,27.811;29.469;22.853,EXPECTED,1,-5.112,docking_v1/production_poses/4Z39_MvicOBP3/Bio17/seed_104729/4Z39__Bio17__seed104729__pose1.pdbqt,4df7fccfb1d16d04482c733761aea27fc54ce57a54ac18c77d7c46b19dd20dbb,docking_v1/production_runs/4Z39_MvicOBP3/Bio17/seed_104729/4Z39__Bio17__seed104729_raw.pdbqt,phase5d3_pH7_meeko0.7.1_v1,phase5d3_etkdgv3_20conf_meeko0.7.1_v1,2026-10-04T09:03:33.940022+00:00,SUCCESS
4Z39__Bio17__seed271828,MVIC-OBP3__Bio17,4Z39,MVIC-OBP3,MvicOBP3,Megoura viciae,Bio17,2-Phenylpropanal,Tier A,*,271828,docking_v1/production_configs/4Z39_MvicOBP3/Bio17/seed_271828.txt,docking_v1/production_runs/4Z39_MvicOBP3/Bio17/seed_271828/4Z39__Bio17__seed271828_raw.pdbqt,docking_v1/production_logs/4Z39_MvicOBP3/Bio17/seed_271828_attempt1.log,docking_v1/production_poses/4Z39_MvicOBP3/Bio17/seed_271828,phase5d2_protocol_v1.0,32,20,4,1,8.284;6.721;22.849,27.811;29.469;22.853,EXPECTED,1,-5.11,docking_v1/production_poses/4Z39_MvicOBP3/Bio17/seed_271828/4Z39__Bio17__seed271828__pose1.pdbqt,5d650b8ad04debdd414e4fbbaec2facfca18064b58cfc12f0e1f0043070d69b1,docking_v1/production_runs/4Z39_MvicOBP3/Bio17/seed_271828/4Z39__Bio17__seed271828_raw.pdbqt,phase5d3_pH7_meeko0.7.1_v1,phase5d3_etkdgv3_20conf_meeko0.7.1_v1,2026-10-04T09:03:34.083529+00:00,SUCCESS
4Z39__Bio17__seed314159,MVIC-OBP3__Bio17,4Z39,MVIC-OBP3,MvicOBP3,Megoura viciae,Bio17,2-Phenylpropanal,Tier A,*,314159,docking_v1/production_configs/4Z39_MvicOBP3/Bio17/seed_314159.txt,docking_v1/production_runs/4Z39_MvicOBP3/Bio17/seed_314159/4Z39__Bio17__seed314159_raw.pdbqt,docking_v1/production_logs/4Z39_MvicOBP3/Bio17/seed_314159_attempt1.log,docking_v1/production_poses/4Z39_MvicOBP3/Bio17/seed_314159,phase5d2_protocol_v1.0,32,20,4,1,8.284;6.721;22.849,27.811;29.469;22.853,EXPECTED,1,-5.111,docking_v1/production_poses/4Z39_MvicOBP3/Bio17/seed_314159/4Z39__Bio17__seed314159__pose1.pdbqt,a36f446eccb2bf1d9a1faaeee205e3519b144fa16f5f1a366d7b32a388da0946,docking_v1/production_runs/4Z39_MvicOBP3/Bio17/seed_314159/4Z39__Bio17__seed314159_raw.pdbqt,phase5d3_pH7_meeko0.7.1_v1,phase5d3_etkdgv3_20conf_meeko0.7.1_v1,2026-10-04T09:03:34.308442+00:00,SUCCESS
4Z39__Bio20__seed42,MVIC-OBP3__Bio20,4Z39,MVIC-OBP3,MvicOBP3,Megoura viciae,Bio20,D-Limonene,Tier A,*,42,docking_v1/production_configs/4Z39_MvicOBP3/Bio20/seed_42.txt,docking_v1/production_runs/4Z39_MvicOBP3/Bio20/seed_42/4Z39__Bio20__seed42_raw.pdbqt,docking_v1/production_logs/4Z39_MvicOBP3/Bio20/seed_42_attempt1.log,docking_v1/production_poses/4Z39_MvicOBP3/Bio20/seed_42,phase5d2_protocol_v1.0,32,20,4,1,8.284;6.721;22.849,27.811;29.469;22.853,EXPECTED,1,-5.184,docking_v1/production_poses/4Z39_MvicOBP3/Bio20/seed_42/4Z39__Bio20__seed42__pose1.pdbqt,c78d12c417348ac8f03707252d6f542e9aead630a00622af0237d7f15c227b67,docking_v1/production_runs/4Z39_MvicOBP3/Bio20/seed_42/4Z39__Bio20__seed42_raw.pdbqt,phase5d3_pH7_meeko0.7.1_v1,phase5d3_etkdgv3_20conf_meeko0.7.1_v1,2026-10-04T09:03:28.285200+00:00,SUCCESS
4Z39__Bio20__seed2026,MVIC-OBP3__Bio20,4Z39,MVIC-OBP3,MvicOBP3,Megoura viciae,Bio20,D-Limonene,Tier A,*,2026,docking_v1/production_configs/4Z39_MvicOBP3/Bio20/seed_2026.txt,docking_v1/production_runs/4Z39_MvicOBP3/Bio20/seed_2026/4Z39__Bio20__seed2026_raw.pdbqt,docking_v1/production_logs/4Z39_MvicOBP3/Bio20/seed_2026_attempt1.log,docking_v1/production_poses/4Z39_MvicOBP3/Bio20/seed_2026,phase5d2_protocol_v1.0,32,20,4,1,8.284;6.721;22.849,27.811;29.469;22.853,EXPECTED,1,-5.208,docking_v1/production_poses/4Z39_MvicOBP3/Bio20/seed_2026/4Z39__Bio20__seed2026__pose1.pdbqt,eec5293f4250e47cfae96105e8d0fdd1b69dc03a4a2b36d4fd69abc63950fcf9,docking_v1/production_runs/4Z39_MvicOBP3/Bio20/seed_2026/4Z39__Bio20__seed2026_raw.pdbqt,phase5d3_pH7_meeko0.7.1_v1,phase5d3_etkdgv3_20conf_meeko0.7.1_v1,2026-10-04T09:03:38.241513+00:00,SUCCESS
4Z39__Bio20__seed104729,MVIC-OBP3__Bio20,4Z39,MVIC-OBP3,MvicOBP3,Megoura viciae,Bio20,D-Limonene,Tier A,*,104729,docking_v1/production_configs/4Z39_MvicOBP3/Bio20/seed_104729.txt,docking_v1/production_runs/4Z39_MvicOBP3/Bio20/seed_104729/4Z39__Bio20__seed104729_raw.pdbqt,docking_v1/production_logs/4Z39_MvicOBP3/Bio20/seed_104729_attempt1.log,docking_v1/production_poses/4Z39_MvicOBP3/Bio20/seed_104729,phase5d2_protocol_v1.0,32,20,4,1,8.284;6.721;22.849,27.811;29.469;22.853,EXPECTED,1,-5.215,docking_v1/production_poses/4Z39_MvicOBP3/Bio20/seed_104729/4Z39__Bio20__seed104729__pose1.pdbqt,eb1cd213c45ca6d7d2bf9009b762c87045c938d7802fe46140c35398ea4060b4,docking_v1/production_runs/4Z39_MvicOBP3/Bio20/seed_104729/4Z39__Bio20__seed104729_raw.pdbqt,phase5d3_pH7_meeko0.7.1_v1,phase5d3_etkdgv3_20conf_meeko0.7.1_v1,2026-10-04T09:03:38.437784+00:00,SUCCESS
4Z39__Bio20__seed271828,MVIC-OBP3__Bio20,4Z39,MVIC-OBP3,MvicOBP3,Megoura viciae,Bio20,D-Limonene,Tier A,*,271828,docking_v1/production_configs/4Z39_MvicOBP3/Bio20/seed_271828.txt,docking_v1/production_runs/4Z39_MvicOBP3/Bio20/seed_271828/4Z39__Bio20__seed271828_raw.pdbqt,docking_v1/production_logs/4Z39_MvicOBP3/Bio20/seed_271828_attempt1.log,docking_v1/production_poses/4Z39_MvicOBP3/Bio20/seed_271828,phase5d2_protocol_v1.0,32,20,4,1,8.284;6.721;22.849,27.811;29.469;22.853,EXPECTED,1,-5.215,docking_v1/production_poses/4Z39_MvicOBP3/Bio20/seed_271828/4Z39__Bio20__seed271828__pose1.pdbqt,348516eea7908fdf6513824257bac18eceae399ab201edd3c98b1b09fa37abee,docking_v1/production_runs/4Z39_MvicOBP3/Bio20/seed_271828/4Z39__Bio20__seed271828_raw.pdbqt,phase5d3_pH7_meeko0.7.1_v1,phase5d3_etkdgv3_20conf_meeko0.7.1_v1,2026-10-04T09:03:51.933013+00:00,SUCCESS
4Z39__Bio20__seed314159,MVIC-OBP3__Bio20,4Z39,MVIC-OBP3,MvicOBP3,Megoura viciae,Bio20,D-Limonene,Tier A,*,314159,docking_v1/production_configs/4Z39_MvicOBP3/Bio20/seed_314159.txt,docking_v1/production_runs/4Z39_MvicOBP3/Bio20/seed_314159/4Z39__Bio20__seed314159_raw.pdbqt,docking_v1/production_logs/4Z39_MvicOBP3/Bio20/seed_314159_attempt1.log,docking_v1/production_poses/4Z39_MvicOBP3/Bio20/seed_314159,phase5d2_protocol_v1.0,32,20,4,1,8.284;6.721;22.849,27.811;29.469;22.853,EXPECTED,1,-5.21,docking_v1/production_poses/4Z39_MvicOBP3/Bio20/seed_314159/4Z39__Bio20__seed314159__pose1.pdbqt,017848a7b40a00c513c361f700706816e33adc4ecf78dee8dd40b829b0fed2ab,docking_v1/production_runs/4Z39_MvicOBP3/Bio20/seed_314159/4Z39__Bio20__seed314159_raw.pdbqt,phase5d3_pH7_meeko0.7.1_v1,phase5d3_etkdgv3_20conf_meeko0.7.1_v1,2026-10-04T09:03:52.297371+00:00,SUCCESS
4Z39__Bio21__seed42,MVIC-OBP3__Bio21,4Z39,MVIC-OBP3,MvicOBP3,Megoura viciae,Bio21,"Eucalyptol (1,8-cineole)",Tier A,*,42,docking_v1/production_configs/4Z39_MvicOBP3/Bio21/seed_42.txt,docking_v1/production_runs/4Z39_MvicOBP3/Bio21/seed_42/4Z39__Bio21__seed42_raw.pdbqt,docking_v1/production_logs/4Z39_MvicOBP3/Bio21/seed_42_attempt1.log,docking_v1/production_poses/4Z39_MvicOBP3/Bio21/seed_42,phase5d2_protocol_v1.0,32,20,4,1,8.284;6.721;22.849,27.811;29.469;22.853,EXPECTED,1,-5.052,docking_v1/production_poses/4Z39_MvicOBP3/Bio21/seed_42/4Z39__Bio21__seed42__pose1.pdbqt,f6a66422ba437f2ec02562a8e61b3fe39ee01a6d98210b131ef1a799b67c910f,docking_v1/production_runs/4Z39_MvicOBP3/Bio21/seed_42/4Z39__Bio21__seed42_raw.pdbqt,phase5d3_pH7_meeko0.7.1_v1,phase5d3_etkdgv3_20conf_meeko0.7.1_v1,2026-10-04T09:03:52.279976+00:00,SUCCESS
4Z39__Bio21__seed2026,MVIC-OBP3__Bio21,4Z39,MVIC-OBP3,MvicOBP3,Megoura viciae,Bio21,"Eucalyptol (1,8-cineole)",Tier A,*,2026,docking_v1/production_configs/4Z39_MvicOBP3/Bio21/seed_2026.txt,docking_v1/production_runs/4Z39_MvicOBP3/Bio21/seed_2026/4Z39__Bio21__seed2026_raw.pdbqt,docking_v1/production_logs/4Z39_MvicOBP3/Bio21/seed_2026_attempt1.log,docking_v1/production_poses/4Z39_MvicOBP3/Bio21/seed_2026,phase5d2_protocol_v1.0,32,20,4,1,8.284;6.721;22.849,27.811;29.469;22.853,EXPECTED,1,-5.031,docking_v1/production_poses/4Z39_MvicOBP3/Bio21/seed_2026/4Z39__Bio21__seed2026__pose1.pdbqt,f8b48c67e9bae59a61f7ba8ae77fee4e2becc11cd4ffbf2b1e13dfb6e19d8885,docking_v1/production_runs/4Z39_MvicOBP3/Bio21/seed_2026/4Z39__Bio21__seed2026_raw.pdbqt,phase5d3_pH7_meeko0.7.1_v1,phase5d3_etkdgv3_20conf_meeko0.7.1_v1,2026-10-04T09:03:52.338038+00:00,SUCCESS
4Z39__Bio21__seed104729,MVIC-OBP3__Bio21,4Z39,MVIC-OBP3,MvicOBP3,Megoura viciae,Bio21,"Eucalyptol (1,8-cineole)",Tier A,*,104729,docking_v1/production_configs/4Z39_MvicOBP3/Bio21/seed_104729.txt,docking_v1/production_runs/4Z39_MvicOBP3/Bio21/seed_104729/4Z39__Bio21__seed104729_raw.pdbqt,docking_v1/production_logs/4Z39_MvicOBP3/Bio21/seed_104729_attempt1.log,docking_v1/production_poses/4Z39_MvicOBP3/Bio21/seed_104729,phase5d2_protocol_v1.0,32,20,4,1,8.284;6.721;22.849,27.811;29.469;22.853,EXPECTED,1,-5.062,docking_v1/production_poses/4Z39_MvicOBP3/Bio21/seed_104729/4Z39__Bio21__seed104729__pose1.pdbqt,c9e5476d98fe9a9768b2226f397715860c766bafb9b83215afeb89976ca14e74,docking_v1/production_runs/4Z39_MvicOBP3/Bio21/seed_104729/4Z39__Bio21__seed104729_raw.pdbqt,phase5d3_pH7_meeko0.7.1_v1,phase5d3_etkdgv3_20conf_meeko0.7.1_v1,2026-10-04T09:03:52.550186+00:00,SUCCESS
4Z39__Bio21__seed271828,MVIC-OBP3__Bio21,4Z39,MVIC-OBP3,MvicOBP3,Megoura viciae,Bio21,"Eucalyptol (1,8-cineole)",Tier A,*,271828,docking_v1/production_configs/4Z39_MvicOBP3/Bio21/seed_271828.txt,docking_v1/production_runs/4Z39_MvicOBP3/Bio21/seed_271828/4Z39__Bio21__seed271828_raw.pdbqt,docking_v1/production_logs/4Z39_MvicOBP3/Bio21/seed_271828_attempt1.log,docking_v1/production_poses/4Z39_MvicOBP3/Bio21/seed_271828,phase5d2_protocol_v1.0,32,20,4,1,8.284;6.721;22.849,27.811;29.469;22.853,EXPECTED,1,-5.063,docking_v1/production_poses/4Z39_MvicOBP3/Bio21/seed_271828/4Z39__Bio21__seed271828__pose1.pdbqt,9a4b3d2ab27dd2f1cf6264bc448dd7932e08e8376d982916a615fc6ad00eefb4,docking_v1/production_runs/4Z39_MvicOBP3/Bio21/seed_271828/4Z39__Bio21__seed271828_raw.pdbqt,phase5d3_pH7_meeko0.7.1_v1,phase5d3_etkdgv3_20conf_meeko0.7.1_v1,2026-10-04T09:03:53.000355+00:00,SUCCESS
4Z39__Bio21__seed314159,MVIC-OBP3__Bio21,4Z39,MVIC-OBP3,MvicOBP3,Megoura viciae,Bio21,"Eucalyptol (1,8-cineole)",Tier A,*,314159,docking_v1/production_configs/4Z39_MvicOBP3/Bio21/seed_314159.txt,docking_v1/production_runs/4Z39_MvicOBP3/Bio21/seed_314159/4Z39__Bio21__seed314159_raw.pdbqt,docking_v1/production_logs/4Z39_MvicOBP3/Bio21/seed_314159_attempt1.log,docking_v1/production_poses/4Z39_MvicOBP3/Bio21/seed_314159,phase5d2_protocol_v1.0,32,20,4,1,8.284;6.721;22.849,27.811;29.469;22.853,EXPECTED,1,-5.063,docking_v1/production_poses/4Z39_MvicOBP3/Bio21/seed_314159/4Z39__Bio21__seed314159__pose1.pdbqt,af5ba4b3582bef875e3b5f844bb38075e20c68ae005cfa9aa1c77ed8c865ba2b,docking_v1/production_runs/4Z39_MvicOBP3/Bio21/seed_314159/4Z39__Bio21__seed314159_raw.pdbqt,phase5d3_pH7_meeko0.7.1_v1,phase5d3_etkdgv3_20conf_meeko0.7.1_v1,2026-10-04T09:03:56.809031+00:00,SUCCESS
4Z39__Bio22__seed42,MVIC-OBP3__Bio22,4Z39,MVIC-OBP3,MvicOBP3,Megoura viciae,Bio22,P-Cymene,Tier B,?,42,docking_v1/production_configs/4Z39_MvicOBP3/Bio22/seed_42.txt,docking_v1/production_runs/4Z39_MvicOBP3/Bio22/seed_42/4Z39__Bio22__seed42_raw.pdbqt,docking_v1/production_logs/4Z39_MvicOBP3/Bio22/seed_42_attempt1.log,docking_v1/production_poses/4Z39_MvicOBP3/Bio22/seed_42,phase5d2_protocol_v1.0,32,20,4,1,8.284;6.721;22.849,27.811;29.469;22.853,EXPECTED,1,-5.307,docking_v1/production_poses/4Z39_MvicOBP3/Bio22/seed_42/4Z39__Bio22__seed42__pose1.pdbqt,93567bc214b23c45b7183dd839ed2c082a46c5f76c5173871e0b8809bbcd6b3e,docking_v1/production_runs/4Z39_MvicOBP3/Bio22/seed_42/4Z39__Bio22__seed42_raw.pdbqt,phase5d3_pH7_meeko0.7.1_v1,phase5d3_etkdgv3_20conf_meeko0.7.1_v1,2026-10-04T09:13:41.604115+00:00,SUCCESS
4Z39__Bio22__seed2026,MVIC-OBP3__Bio22,4Z39,MVIC-OBP3,MvicOBP3,Megoura viciae,Bio22,P-Cymene,Tier B,?,2026,docking_v1/production_configs/4Z39_MvicOBP3/Bio22/seed_2026.txt,docking_v1/production_runs/4Z39_MvicOBP3/Bio22/seed_2026/4Z39__Bio22__seed2026_raw.pdbqt,docking_v1/production_logs/4Z39_MvicOBP3/Bio22/seed_2026_attempt1.log,docking_v1/production_poses/4Z39_MvicOBP3/Bio22/seed_2026,phase5d2_protocol_v1.0,32,20,4,1,8.284;6.721;22.849,27.811;29.469;22.853,EXPECTED,1,-5.298,docking_v1/production_poses/4Z39_MvicOBP3/Bio22/seed_2026/4Z39__Bio22__seed2026__pose1.pdbqt,d7abb2bcb0602a1c4f0826af463973bb6d6a3cfe346d463126a308c70b1289ab,docking_v1/production_runs/4Z39_MvicOBP3/Bio22/seed_2026/4Z39__Bio22__seed2026_raw.pdbqt,phase5d3_pH7_meeko0.7.1_v1,phase5d3_etkdgv3_20conf_meeko0.7.1_v1,2026-10-04T09:13:42.146807+00:00,SUCCESS
4Z39__Bio22__seed104729,MVIC-OBP3__Bio22,4Z39,MVIC-OBP3,MvicOBP3,Megoura viciae,Bio22,P-Cymene,Tier B,?,104729,docking_v1/production_configs/4Z39_MvicOBP3/Bio22/seed_104729.txt,docking_v1/production_runs/4Z39_MvicOBP3/Bio22/seed_104729/4Z39__Bio22__seed104729_raw.pdbqt,docking_v1/production_logs/4Z39_MvicOBP3/Bio22/seed_104729_attempt1.log,docking_v1/production_poses/4Z39_MvicOBP3/Bio22/seed_104729,phase5d2_protocol_v1.0,32,20,4,1,8.284;6.721;22.849,27.811;29.469;22.853,EXPECTED,1,-5.311,docking_v1/production_poses/4Z39_MvicOBP3/Bio22/seed_104729/4Z39__Bio22__seed104729__pose1.pdbqt,455305e0d49e2f3e545f41dde99858281d28c6af6f2b8f4bc223e344d47b94cc,docking_v1/production_runs/4Z39_MvicOBP3/Bio22/seed_104729/4Z39__Bio22__seed104729_raw.pdbqt,phase5d3_pH7_meeko0.7.1_v1,phase5d3_etkdgv3_20conf_meeko0.7.1_v1,2026-10-04T09:13:50.859028+00:00,SUCCESS
4Z39__Bio22__seed271828,MVIC-OBP3__Bio22,4Z39,MVIC-OBP3,MvicOBP3,Megoura viciae,Bio22,P-Cymene,Tier B,?,271828,docking_v1/production_configs/4Z39_MvicOBP3/Bio22/seed_271828.txt,docking_v1/production_runs/4Z39_MvicOBP3/Bio22/seed_271828/4Z39__Bio22__seed271828_raw.pdbqt,docking_v1/production_logs/4Z39_MvicOBP3/Bio22/seed_271828_attempt1.log,docking_v1/production_poses/4Z39_MvicOBP3/Bio22/seed_271828,phase5d2_protocol_v1.0,32,20,4,1,8.284;6.721;22.849,27.811;29.469;22.853,EXPECTED,1,-5.331,docking_v1/production_poses/4Z39_MvicOBP3/Bio22/seed_271828/4Z39__Bio22__seed271828__pose1.pdbqt,29dc48d42774a189c5975d016b55d850a747d2ee530263e504fb50a5f530f37f,docking_v1/production_runs/4Z39_MvicOBP3/Bio22/seed_271828/4Z39__Bio22__seed271828_raw.pdbqt,phase5d3_pH7_meeko0.7.1_v1,phase5d3_etkdgv3_20conf_meeko0.7.1_v1,2026-10-04T09:13:52.324768+00:00,SUCCESS
4Z39__Bio22__seed314159,MVIC-OBP3__Bio22,4Z39,MVIC-OBP3,MvicOBP3,Megoura viciae,Bio22,P-Cymene,Tier B,?,314159,docking_v1/production_configs/4Z39_MvicOBP3/Bio22/seed_314159.txt,docking_v1/production_runs/4Z39_MvicOBP3/Bio22/seed_314159/4Z39__Bio22__seed314159_raw.pdbqt,docking_v1/production_logs/4Z39_MvicOBP3/Bio22/seed_314159_attempt1.log,docking_v1/production_poses/4Z39_MvicOBP3/Bio22/seed_314159,phase5d2_protocol_v1.0,32,20,4,1,8.284;6.721;22.849,27.811;29.469;22.853,EXPECTED,1,-5.292,docking_v1/production_poses/4Z39_MvicOBP3/Bio22/seed_314159/4Z39__Bio22__seed314159__pose1.pdbqt,4a802ac5add6b5dfd5067e19c4cfd541c05badc414c7b217783c2592a22123e7,docking_v1/production_runs/4Z39_MvicOBP3/Bio22/seed_314159/4Z39__Bio22__seed314159_raw.pdbqt,phase5d3_pH7_meeko0.7.1_v1,phase5d3_etkdgv3_20conf_meeko0.7.1_v1,2026-10-04T09:13:58.055533+00:00,SUCCESS
4Z39__Bio31__seed42,MVIC-OBP3__Bio31,4Z39,MVIC-OBP3,MvicOBP3,Megoura viciae,Bio31,Nonanal,Tier A,*,42,docking_v1/production_configs/4Z39_MvicOBP3/Bio31/seed_42.txt,docking_v1/production_runs/4Z39_MvicOBP3/Bio31/seed_42/4Z39__Bio31__seed42_raw.pdbqt,docking_v1/production_logs/4Z39_MvicOBP3/Bio31/seed_42_attempt1.log,docking_v1/production_poses/4Z39_MvicOBP3/Bio31/seed_42,phase5d2_protocol_v1.0,32,20,4,1,8.284;6.721;22.849,27.811;29.469;22.853,EXPECTED,1,-4.08,docking_v1/production_poses/4Z39_MvicOBP3/Bio31/seed_42/4Z39__Bio31__seed42__pose1.pdbqt,e21d197767166193e93503350f74d7b12f50a1b680e76340036c682accd25ff7,docking_v1/production_runs/4Z39_MvicOBP3/Bio31/seed_42/4Z39__Bio31__seed42_raw.pdbqt,phase5d3_pH7_meeko0.7.1_v1,phase5d3_etkdgv3_20conf_meeko0.7.1_v1,2026-10-04T09:04:59.991640+00:00,SUCCESS
4Z39__Bio31__seed2026,MVIC-OBP3__Bio31,4Z39,MVIC-OBP3,MvicOBP3,Megoura viciae,Bio31,Nonanal,Tier A,*,2026,docking_v1/production_configs/4Z39_MvicOBP3/Bio31/seed_2026.txt,docking_v1/production_runs/4Z39_MvicOBP3/Bio31/seed_2026/4Z39__Bio31__seed2026_raw.pdbqt,docking_v1/production_logs/4Z39_MvicOBP3/Bio31/seed_2026_attempt1.log,docking_v1/production_poses/4Z39_MvicOBP3/Bio31/seed_2026,phase5d2_protocol_v1.0,32,20,4,1,8.284;6.721;22.849,27.811;29.469;22.853,EXPECTED,1,-4.156,docking_v1/production_poses/4Z39_MvicOBP3/Bio31/seed_2026/4Z39__Bio31__seed2026__pose1.pdbqt,17d91c57b8b2d349f84a4f3d73d1a897dd8c065742512b90749a7d45b5320f46,docking_v1/production_runs/4Z39_MvicOBP3/Bio31/seed_2026/4Z39__Bio31__seed2026_raw.pdbqt,phase5d3_pH7_meeko0.7.1_v1,phase5d3_etkdgv3_20conf_meeko0.7.1_v1,2026-10-04T09:05:15.905214+00:00,SUCCESS
4Z39__Bio31__seed104729,MVIC-OBP3__Bio31,4Z39,MVIC-OBP3,MvicOBP3,Megoura viciae,Bio31,Nonanal,Tier A,*,104729,docking_v1/production_configs/4Z39_MvicOBP3/Bio31/seed_104729.txt,docking_v1/production_runs/4Z39_MvicOBP3/Bio31/seed_104729/4Z39__Bio31__seed104729_raw.pdbqt,docking_v1/production_logs/4Z39_MvicOBP3/Bio31/seed_104729_attempt1.log,docking_v1/production_poses/4Z39_MvicOBP3/Bio31/seed_104729,phase5d2_protocol_v1.0,32,20,4,1,8.284;6.721;22.849,27.811;29.469;22.853,EXPECTED,1,-4.068,docking_v1/production_poses/4Z39_MvicOBP3/Bio31/seed_104729/4Z39__Bio31__seed104729__pose1.pdbqt,0e3de7feb1d9b0e0b725e35203e60dad56cae8ab37d4eef3c178d866b41b3314,docking_v1/production_runs/4Z39_MvicOBP3/Bio31/seed_104729/4Z39__Bio31__seed104729_raw.pdbqt,phase5d3_pH7_meeko0.7.1_v1,phase5d3_etkdgv3_20conf_meeko0.7.1_v1,2026-10-04T09:05:16.449741+00:00,SUCCESS
4Z39__Bio31__seed271828,MVIC-OBP3__Bio31,4Z39,MVIC-OBP3,MvicOBP3,Megoura viciae,Bio31,Nonanal,Tier A,*,271828,docking_v1/production_configs/4Z39_MvicOBP3/Bio31/seed_271828.txt,docking_v1/production_runs/4Z39_MvicOBP3/Bio31/seed_271828/4Z39__Bio31__seed271828_raw.pdbqt,docking_v1/production_logs/4Z39_MvicOBP3/Bio31/seed_271828_attempt1.log,docking_v1/production_poses/4Z39_MvicOBP3/Bio31/seed_271828,phase5d2_protocol_v1.0,32,20,4,1,8.284;6.721;22.849,27.811;29.469;22.853,EXPECTED,1,-3.998,docking_v1/production_poses/4Z39_MvicOBP3/Bio31/seed_271828/4Z39__Bio31__seed271828__pose1.pdbqt,c712d25ed07c1e6df379bb2d29171352f053aa1683a5270748900b3c3d2944eb,docking_v1/production_runs/4Z39_MvicOBP3/Bio31/seed_271828/4Z39__Bio31__seed271828_raw.pdbqt,phase5d3_pH7_meeko0.7.1_v1,phase5d3_etkdgv3_20conf_meeko0.7.1_v1,2026-10-04T09:05:16.820424+00:00,SUCCESS
4Z39__Bio31__seed314159,MVIC-OBP3__Bio31,4Z39,MVIC-OBP3,MvicOBP3,Megoura viciae,Bio31,Nonanal,Tier A,*,314159,docking_v1/production_configs/4Z39_MvicOBP3/Bio31/seed_314159.txt,docking_v1/production_runs/4Z39_MvicOBP3/Bio31/seed_314159/4Z39__Bio31__seed314159_raw.pdbqt,docking_v1/production_logs/4Z39_MvicOBP3/Bio31/seed_314159_attempt1.log,docking_v1/production_poses/4Z39_MvicOBP3/Bio31/seed_314159,phase5d2_protocol_v1.0,32,20,4,1,8.284;6.721;22.849,27.811;29.469;22.853,EXPECTED,1,-3.993,docking_v1/production_poses/4Z39_MvicOBP3/Bio31/seed_314159/4Z39__Bio31__seed314159__pose1.pdbqt,67f5a0d69d7ef7db727efb45ee90628ee3e506537bf4b27c61428bf9edfb24f7,docking_v1/production_runs/4Z39_MvicOBP3/Bio31/seed_314159/4Z39__Bio31__seed314159_raw.pdbqt,phase5d3_pH7_meeko0.7.1_v1,phase5d3_etkdgv3_20conf_meeko0.7.1_v1,2026-10-04T09:05:16.820424+00:00,SUCCESS
4Z39__Bio36__seed42,MVIC-OBP3__Bio36,4Z39,MVIC-OBP3,MvicOBP3,Megoura viciae,Bio36,L-menthone,Tier B,?,42,docking_v1/production_configs/4Z39_MvicOBP3/Bio36/seed_42.txt,docking_v1/production_runs/4Z39_MvicOBP3/Bio36/seed_42/4Z39__Bio36__seed42_raw.pdbqt,docking_v1/production_logs/4Z39_MvicOBP3/Bio36/seed_42_attempt1.log,docking_v1/production_poses/4Z39_MvicOBP3/Bio36/seed_42,phase5d2_protocol_v1.0,32,20,4,1,8.284;6.721;22.849,27.811;29.469;22.853,EXPECTED,1,-5.151,docking_v1/production_poses/4Z39_MvicOBP3/Bio36/seed_42/4Z39__Bio36__seed42__pose1.pdbqt,f5fca4c39534b5bab46cfe0ad791181cfcf876d987b826769c6fd64035f70812,docking_v1/production_runs/4Z39_MvicOBP3/Bio36/seed_42/4Z39__Bio36__seed42_raw.pdbqt,phase5d3_pH7_meeko0.7.1_v1,phase5d3_etkdgv3_20conf_meeko0.7.1_v1,2026-10-04T09:14:23.036501+00:00,SUCCESS
4Z39__Bio36__seed2026,MVIC-OBP3__Bio36,4Z39,MVIC-OBP3,MvicOBP3,Megoura viciae,Bio36,L-menthone,Tier B,?,2026,docking_v1/production_configs/4Z39_MvicOBP3/Bio36/seed_2026.txt,docking_v1/production_runs/4Z39_MvicOBP3/Bio36/seed_2026/4Z39__Bio36__seed2026_raw.pdbqt,docking_v1/production_logs/4Z39_MvicOBP3/Bio36/seed_2026_attempt1.log,docking_v1/production_poses/4Z39_MvicOBP3/Bio36/seed_2026,phase5d2_protocol_v1.0,32,20,4,1,8.284;6.721;22.849,27.811;29.469;22.853,EXPECTED,1,-5.143,docking_v1/production_poses/4Z39_MvicOBP3/Bio36/seed_2026/4Z39__Bio36__seed2026__pose1.pdbqt,1f3c8f392571323a8cf0297324fbcb0a2d7220dcfb6cc33a0991a2e6dfb8a06e,docking_v1/production_runs/4Z39_MvicOBP3/Bio36/seed_2026/4Z39__Bio36__seed2026_raw.pdbqt,phase5d3_pH7_meeko0.7.1_v1,phase5d3_etkdgv3_20conf_meeko0.7.1_v1,2026-10-04T09:14:24.127179+00:00,SUCCESS
4Z39__Bio36__seed104729,MVIC-OBP3__Bio36,4Z39,MVIC-OBP3,MvicOBP3,Megoura viciae,Bio36,L-menthone,Tier B,?,104729,docking_v1/production_configs/4Z39_MvicOBP3/Bio36/seed_104729.txt,docking_v1/production_runs/4Z39_MvicOBP3/Bio36/seed_104729/4Z39__Bio36__seed104729_raw.pdbqt,docking_v1/production_logs/4Z39_MvicOBP3/Bio36/seed_104729_attempt1.log,docking_v1/production_poses/4Z39_MvicOBP3/Bio36/seed_104729,phase5d2_protocol_v1.0,32,20,4,1,8.284;6.721;22.849,27.811;29.469;22.853,EXPECTED,1,-5.144,docking_v1/production_poses/4Z39_MvicOBP3/Bio36/seed_104729/4Z39__Bio36__seed104729__pose1.pdbqt,e4fc3583e390b97c8aadcf5a46d453af8b338183ce70683f6cf0c7c71561b728,docking_v1/production_runs/4Z39_MvicOBP3/Bio36/seed_104729/4Z39__Bio36__seed104729_raw.pdbqt,phase5d3_pH7_meeko0.7.1_v1,phase5d3_etkdgv3_20conf_meeko0.7.1_v1,2026-10-04T09:14:24.240340+00:00,SUCCESS
4Z39__Bio36__seed271828,MVIC-OBP3__Bio36,4Z39,MVIC-OBP3,MvicOBP3,Megoura viciae,Bio36,L-menthone,Tier B,?,271828,docking_v1/production_configs/4Z39_MvicOBP3/Bio36/seed_271828.txt,docking_v1/production_runs/4Z39_MvicOBP3/Bio36/seed_271828/4Z39__Bio36__seed271828_raw.pdbqt,docking_v1/production_logs/4Z39_MvicOBP3/Bio36/seed_271828_attempt1.log,docking_v1/production_poses/4Z39_MvicOBP3/Bio36/seed_271828,phase5d2_protocol_v1.0,32,20,4,1,8.284;6.721;22.849,27.811;29.469;22.853,EXPECTED,1,-5.141,docking_v1/production_poses/4Z39_MvicOBP3/Bio36/seed_271828/4Z39__Bio36__seed271828__pose1.pdbqt,7bd5c741ad943871622a0071274ae2c4cca9612f8068db71a6286cb1b0b2933d,docking_v1/production_runs/4Z39_MvicOBP3/Bio36/seed_271828/4Z39__Bio36__seed271828_raw.pdbqt,phase5d3_pH7_meeko0.7.1_v1,phase5d3_etkdgv3_20conf_meeko0.7.1_v1,2026-10-04T09:14:21.409078+00:00,SUCCESS
4Z39__Bio36__seed314159,MVIC-OBP3__Bio36,4Z39,MVIC-OBP3,MvicOBP3,Megoura viciae,Bio36,L-menthone,Tier B,?,314159,docking_v1/production_configs/4Z39_MvicOBP3/Bio36/seed_314159.txt,docking_v1/production_runs/4Z39_MvicOBP3/Bio36/seed_314159/4Z39__Bio36__seed314159_raw.pdbqt,docking_v1/production_logs/4Z39_MvicOBP3/Bio36/seed_314159_attempt1.log,docking_v1/production_poses/4Z39_MvicOBP3/Bio36/seed_314159,phase5d2_protocol_v1.0,32,20,4,1,8.284;6.721;22.849,27.811;29.469;22.853,EXPECTED,1,-5.14,docking_v1/production_poses/4Z39_MvicOBP3/Bio36/seed_314159/4Z39__Bio36__seed314159__pose1.pdbqt,25171aeec85e5a18754624fdad41f7a595776682bcc18ae25eebf67d879e7a93,docking_v1/production_runs/4Z39_MvicOBP3/Bio36/seed_314159/4Z39__Bio36__seed314159_raw.pdbqt,phase5d3_pH7_meeko0.7.1_v1,phase5d3_etkdgv3_20conf_meeko0.7.1_v1,2026-10-04T09:14:30.369132+00:00,SUCCESS
4Z39__Bio38__seed42,MVIC-OBP3__Bio38,4Z39,MVIC-OBP3,MvicOBP3,Megoura viciae,Bio38,Azulene,Tier A,*,42,docking_v1/production_configs/4Z39_MvicOBP3/Bio38/seed_42.txt,docking_v1/production_runs/4Z39_MvicOBP3/Bio38/seed_42/4Z39__Bio38__seed42_raw.pdbqt,docking_v1/production_logs/4Z39_MvicOBP3/Bio38/seed_42_attempt1.log,docking_v1/production_poses/4Z39_MvicOBP3/Bio38/seed_42,phase5d2_protocol_v1.0,32,20,4,1,8.284;6.721;22.849,27.811;29.469;22.853,EXPECTED,1,-4.423,docking_v1/production_poses/4Z39_MvicOBP3/Bio38/seed_42/4Z39__Bio38__seed42__pose1.pdbqt,86e1668d2ba394a83150898822ed1b51d7f5d9a8433b516a6346de50fca22dd5,docking_v1/production_runs/4Z39_MvicOBP3/Bio38/seed_42/4Z39__Bio38__seed42_raw.pdbqt,phase5d3_pH7_meeko0.7.1_v1,phase5d3_etkdgv3_20conf_meeko0.7.1_v1,2026-10-04T09:04:43.983906+00:00,SUCCESS
4Z39__Bio38__seed2026,MVIC-OBP3__Bio38,4Z39,MVIC-OBP3,MvicOBP3,Megoura viciae,Bio38,Azulene,Tier A,*,2026,docking_v1/production_configs/4Z39_MvicOBP3/Bio38/seed_2026.txt,docking_v1/production_runs/4Z39_MvicOBP3/Bio38/seed_2026/4Z39__Bio38__seed2026_raw.pdbqt,docking_v1/production_logs/4Z39_MvicOBP3/Bio38/seed_2026_attempt1.log,docking_v1/production_poses/4Z39_MvicOBP3/Bio38/seed_2026,phase5d2_protocol_v1.0,32,20,4,1,8.284;6.721;22.849,27.811;29.469;22.853,EXPECTED,1,-4.415,docking_v1/production_poses/4Z39_MvicOBP3/Bio38/seed_2026/4Z39__Bio38__seed2026__pose1.pdbqt,c9e44ac4f13de394afcb20c9325f7c8c47abe5a83e30458e4ef79c21bc5dfe4d,docking_v1/production_runs/4Z39_MvicOBP3/Bio38/seed_2026/4Z39__Bio38__seed2026_raw.pdbqt,phase5d3_pH7_meeko0.7.1_v1,phase5d3_etkdgv3_20conf_meeko0.7.1_v1,2026-10-04T09:04:44.747713+00:00,SUCCESS
4Z39__Bio38__seed104729,MVIC-OBP3__Bio38,4Z39,MVIC-OBP3,MvicOBP3,Megoura viciae,Bio38,Azulene,Tier A,*,104729,docking_v1/production_configs/4Z39_MvicOBP3/Bio38/seed_104729.txt,docking_v1/production_runs/4Z39_MvicOBP3/Bio38/seed_104729/4Z39__Bio38__seed104729_raw.pdbqt,docking_v1/production_logs/4Z39_MvicOBP3/Bio38/seed_104729_attempt1.log,docking_v1/production_poses/4Z39_MvicOBP3/Bio38/seed_104729,phase5d2_protocol_v1.0,32,20,4,1,8.284;6.721;22.849,27.811;29.469;22.853,EXPECTED,1,-4.422,docking_v1/production_poses/4Z39_MvicOBP3/Bio38/seed_104729/4Z39__Bio38__seed104729__pose1.pdbqt,23d1d03b268221d4d5d5feff1021640cb91392ec2d641273f69fa398de5ca04f,docking_v1/production_runs/4Z39_MvicOBP3/Bio38/seed_104729/4Z39__Bio38__seed104729_raw.pdbqt,phase5d3_pH7_meeko0.7.1_v1,phase5d3_etkdgv3_20conf_meeko0.7.1_v1,2026-10-04T09:04:46.116822+00:00,SUCCESS
4Z39__Bio38__seed271828,MVIC-OBP3__Bio38,4Z39,MVIC-OBP3,MvicOBP3,Megoura viciae,Bio38,Azulene,Tier A,*,271828,docking_v1/production_configs/4Z39_MvicOBP3/Bio38/seed_271828.txt,docking_v1/production_runs/4Z39_MvicOBP3/Bio38/seed_271828/4Z39__Bio38__seed271828_raw.pdbqt,docking_v1/production_logs/4Z39_MvicOBP3/Bio38/seed_271828_attempt1.log,docking_v1/production_poses/4Z39_MvicOBP3/Bio38/seed_271828,phase5d2_protocol_v1.0,32,20,4,1,8.284;6.721;22.849,27.811;29.469;22.853,EXPECTED,1,-4.403,docking_v1/production_poses/4Z39_MvicOBP3/Bio38/seed_271828/4Z39__Bio38__seed271828__pose1.pdbqt,ca5b2594382604dae039833db9b82bba493ee57e7d550058b7bc377f08c11107,docking_v1/production_runs/4Z39_MvicOBP3/Bio38/seed_271828/4Z39__Bio38__seed271828_raw.pdbqt,phase5d3_pH7_meeko0.7.1_v1,phase5d3_etkdgv3_20conf_meeko0.7.1_v1,2026-10-04T09:05:32.518940+00:00,SUCCESS
4Z39__Bio38__seed314159,MVIC-OBP3__Bio38,4Z39,MVIC-OBP3,MvicOBP3,Megoura viciae,Bio38,Azulene,Tier A,*,314159,docking_v1/production_configs/4Z39_MvicOBP3/Bio38/seed_314159.txt,docking_v1/production_runs/4Z39_MvicOBP3/Bio38/seed_314159/4Z39__Bio38__seed314159_raw.pdbqt,docking_v1/production_logs/4Z39_MvicOBP3/Bio38/seed_314159_attempt1.log,docking_v1/production_poses/4Z39_MvicOBP3/Bio38/seed_314159,phase5d2_protocol_v1.0,32,20,4,1,8.284;6.721;22.849,27.811;29.469;22.853,EXPECTED,1,-4.418,docking_v1/production_poses/4Z39_MvicOBP3/Bio38/seed_314159/4Z39__Bio38__seed314159__pose1.pdbqt,5b92f58d4432a395ccc17a25150fa01d9776a0cc1cbfced79348e82e0fc97048,docking_v1/production_runs/4Z39_MvicOBP3/Bio38/seed_314159/4Z39__Bio38__seed314159_raw.pdbqt,phase5d3_pH7_meeko0.7.1_v1,phase5d3_etkdgv3_20conf_meeko0.7.1_v1,2026-10-04T09:05:34.212621+00:00,SUCCESS
4Z39__Bio39__seed42,MVIC-OBP3__Bio39,4Z39,MVIC-OBP3,MvicOBP3,Megoura viciae,Bio39,Methyl salicylate,Tier A,*,42,docking_v1/production_configs/4Z39_MvicOBP3/Bio39/seed_42.txt,docking_v1/production_runs/4Z39_MvicOBP3/Bio39/seed_42/4Z39__Bio39__seed42_raw.pdbqt,docking_v1/production_logs/4Z39_MvicOBP3/Bio39/seed_42_attempt1.log,docking_v1/production_poses/4Z39_MvicOBP3/Bio39/seed_42,phase5d2_protocol_v1.0,32,20,4,1,8.284;6.721;22.849,27.811;29.469;22.853,EXPECTED,1,-4.703,docking_v1/production_poses/4Z39_MvicOBP3/Bio39/seed_42/4Z39__Bio39__seed42__pose1.pdbqt,a073fa35f6132527e017fe35f49fb02f50682f1ef6c0ac2e3376cb81d794e657,docking_v1/production_runs/4Z39_MvicOBP3/Bio39/seed_42/4Z39__Bio39__seed42_raw.pdbqt,phase5d3_pH7_meeko0.7.1_v1,phase5d3_etkdgv3_20conf_meeko0.7.1_v1,2026-10-04T09:05:29.506321+00:00,SUCCESS
4Z39__Bio39__seed2026,MVIC-OBP3__Bio39,4Z39,MVIC-OBP3,MvicOBP3,Megoura viciae,Bio39,Methyl salicylate,Tier A,*,2026,docking_v1/production_configs/4Z39_MvicOBP3/Bio39/seed_2026.txt,docking_v1/production_runs/4Z39_MvicOBP3/Bio39/seed_2026/4Z39__Bio39__seed2026_raw.pdbqt,docking_v1/production_logs/4Z39_MvicOBP3/Bio39/seed_2026_attempt1.log,docking_v1/production_poses/4Z39_MvicOBP3/Bio39/seed_2026,phase5d2_protocol_v1.0,32,20,4,1,8.284;6.721;22.849,27.811;29.469;22.853,EXPECTED,1,-4.731,docking_v1/production_poses/4Z39_MvicOBP3/Bio39/seed_2026/4Z39__Bio39__seed2026__pose1.pdbqt,319dcc696d7727a430cf44ffed82c674e2f4ae80ca301adfdded69c6994d7138,docking_v1/production_runs/4Z39_MvicOBP3/Bio39/seed_2026/4Z39__Bio39__seed2026_raw.pdbqt,phase5d3_pH7_meeko0.7.1_v1,phase5d3_etkdgv3_20conf_meeko0.7.1_v1,2026-10-04T09:05:42.199444+00:00,SUCCESS
4Z39__Bio39__seed104729,MVIC-OBP3__Bio39,4Z39,MVIC-OBP3,MvicOBP3,Megoura viciae,Bio39,Methyl salicylate,Tier A,*,104729,docking_v1/production_configs/4Z39_MvicOBP3/Bio39/seed_104729.txt,docking_v1/production_runs/4Z39_MvicOBP3/Bio39/seed_104729/4Z39__Bio39__seed104729_raw.pdbqt,docking_v1/production_logs/4Z39_MvicOBP3/Bio39/seed_104729_attempt1.log,docking_v1/production_poses/4Z39_MvicOBP3/Bio39/seed_104729,phase5d2_protocol_v1.0,32,20,4,1,8.284;6.721;22.849,27.811;29.469;22.853,EXPECTED,1,-4.695,docking_v1/production_poses/4Z39_MvicOBP3/Bio39/seed_104729/4Z39__Bio39__seed104729__pose1.pdbqt,91470897c831363f3150e27dac4cd63effc86b7fb6731447ab1f90a20d12ced9,docking_v1/production_runs/4Z39_MvicOBP3/Bio39/seed_104729/4Z39__Bio39__seed104729_raw.pdbqt,phase5d3_pH7_meeko0.7.1_v1,phase5d3_etkdgv3_20conf_meeko0.7.1_v1,2026-10-04T09:05:59.182053+00:00,SUCCESS
4Z39__Bio39__seed271828,MVIC-OBP3__Bio39,4Z39,MVIC-OBP3,MvicOBP3,Megoura viciae,Bio39,Methyl salicylate,Tier A,*,271828,docking_v1/production_configs/4Z39_MvicOBP3/Bio39/seed_271828.txt,docking_v1/production_runs/4Z39_MvicOBP3/Bio39/seed_271828/4Z39__Bio39__seed271828_raw.pdbqt,docking_v1/production_logs/4Z39_MvicOBP3/Bio39/seed_271828_attempt1.log,docking_v1/production_poses/4Z39_MvicOBP3/Bio39/seed_271828,phase5d2_protocol_v1.0,32,20,4,1,8.284;6.721;22.849,27.811;29.469;22.853,EXPECTED,1,-4.717,docking_v1/production_poses/4Z39_MvicOBP3/Bio39/seed_271828/4Z39__Bio39__seed271828__pose1.pdbqt,05f13bfd2f1aa8914f85cc39230f0bc0a6c94e15481ba6db65f16317c1eeb70e,docking_v1/production_runs/4Z39_MvicOBP3/Bio39/seed_271828/4Z39__Bio39__seed271828_raw.pdbqt,phase5d3_pH7_meeko0.7.1_v1,phase5d3_etkdgv3_20conf_meeko0.7.1_v1,2026-10-04T09:06:00.313307+00:00,SUCCESS
4Z39__Bio39__seed314159,MVIC-OBP3__Bio39,4Z39,MVIC-OBP3,MvicOBP3,Megoura viciae,Bio39,Methyl salicylate,Tier A,*,314159,docking_v1/production_configs/4Z39_MvicOBP3/Bio39/seed_314159.txt,docking_v1/production_runs/4Z39_MvicOBP3/Bio39/seed_314159/4Z39__Bio39__seed314159_raw.pdbqt,docking_v1/production_logs/4Z39_MvicOBP3/Bio39/seed_314159_attempt1.log,docking_v1/production_poses/4Z39_MvicOBP3/Bio39/seed_314159,phase5d2_protocol_v1.0,32,20,4,1,8.284;6.721;22.849,27.811;29.469;22.853,EXPECTED,1,-4.722,docking_v1/production_poses/4Z39_MvicOBP3/Bio39/seed_314159/4Z39__Bio39__seed314159__pose1.pdbqt,c26cafc1a7c8bec9ad91a54dea85d2b10b67263388cb9c5f0f029ae40942b39b,docking_v1/production_runs/4Z39_MvicOBP3/Bio39/seed_314159/4Z39__Bio39__seed314159_raw.pdbqt,phase5d3_pH7_meeko0.7.1_v1,phase5d3_etkdgv3_20conf_meeko0.7.1_v1,2026-10-04T09:06:00.769175+00:00,SUCCESS
4Z39__Bio4__seed42,MVIC-OBP3__Bio4,4Z39,MVIC-OBP3,MvicOBP3,Megoura viciae,Bio4,α-Thujene,Tier B,?,42,docking_v1/production_configs/4Z39_MvicOBP3/Bio4/seed_42.txt,docking_v1/production_runs/4Z39_MvicOBP3/Bio4/seed_42/4Z39__Bio4__seed42_raw.pdbqt,docking_v1/production_logs/4Z39_MvicOBP3/Bio4/seed_42_attempt1.log,docking_v1/production_poses/4Z39_MvicOBP3/Bio4/seed_42,phase5d2_protocol_v1.0,32,20,4,1,8.284;6.721;22.849,27.811;29.469;22.853,EXPECTED,1,-4.862,docking_v1/production_poses/4Z39_MvicOBP3/Bio4/seed_42/4Z39__Bio4__seed42__pose1.pdbqt,7fd72c0ee9c2fa8225d1647b09914ed7564539634a446b03b2009ef016746e24,docking_v1/production_runs/4Z39_MvicOBP3/Bio4/seed_42/4Z39__Bio4__seed42_raw.pdbqt,phase5d3_pH7_meeko0.7.1_v1,phase5d3_etkdgv3_20conf_meeko0.7.1_v1,2026-10-04T09:11:38.722948+00:00,SUCCESS
4Z39__Bio4__seed2026,MVIC-OBP3__Bio4,4Z39,MVIC-OBP3,MvicOBP3,Megoura viciae,Bio4,α-Thujene,Tier B,?,2026,docking_v1/production_configs/4Z39_MvicOBP3/Bio4/seed_2026.txt,docking_v1/production_runs/4Z39_MvicOBP3/Bio4/seed_2026/4Z39__Bio4__seed2026_raw.pdbqt,docking_v1/production_logs/4Z39_MvicOBP3/Bio4/seed_2026_attempt1.log,docking_v1/production_poses/4Z39_MvicOBP3/Bio4/seed_2026,phase5d2_protocol_v1.0,32,20,4,1,8.284;6.721;22.849,27.811;29.469;22.853,EXPECTED,1,-4.857,docking_v1/production_poses/4Z39_MvicOBP3/Bio4/seed_2026/4Z39__Bio4__seed2026__pose1.pdbqt,db43aedc06875b8920e359ae9c337bb4d7570fd60666aa633ad6b760c80dea4c,docking_v1/production_runs/4Z39_MvicOBP3/Bio4/seed_2026/4Z39__Bio4__seed2026_raw.pdbqt,phase5d3_pH7_meeko0.7.1_v1,phase5d3_etkdgv3_20conf_meeko0.7.1_v1,2026-10-04T09:12:15.909011+00:00,SUCCESS
4Z39__Bio4__seed104729,MVIC-OBP3__Bio4,4Z39,MVIC-OBP3,MvicOBP3,Megoura viciae,Bio4,α-Thujene,Tier B,?,104729,docking_v1/production_configs/4Z39_MvicOBP3/Bio4/seed_104729.txt,docking_v1/production_runs/4Z39_MvicOBP3/Bio4/seed_104729/4Z39__Bio4__seed104729_raw.pdbqt,docking_v1/production_logs/4Z39_MvicOBP3/Bio4/seed_104729_attempt1.log,docking_v1/production_poses/4Z39_MvicOBP3/Bio4/seed_104729,phase5d2_protocol_v1.0,32,20,4,1,8.284;6.721;22.849,27.811;29.469;22.853,EXPECTED,1,-4.866,docking_v1/production_poses/4Z39_MvicOBP3/Bio4/seed_104729/4Z39__Bio4__seed104729__pose1.pdbqt,79ab9c14eb595d9a35cf85ba3cb5fee1b0b38a147f09bb168e81d9b959f30c9b,docking_v1/production_runs/4Z39_MvicOBP3/Bio4/seed_104729/4Z39__Bio4__seed104729_raw.pdbqt,phase5d3_pH7_meeko0.7.1_v1,phase5d3_etkdgv3_20conf_meeko0.7.1_v1,2026-10-04T09:12:25.949135+00:00,SUCCESS
4Z39__Bio4__seed271828,MVIC-OBP3__Bio4,4Z39,MVIC-OBP3,MvicOBP3,Megoura viciae,Bio4,α-Thujene,Tier B,?,271828,docking_v1/production_configs/4Z39_MvicOBP3/Bio4/seed_271828.txt,docking_v1/production_runs/4Z39_MvicOBP3/Bio4/seed_271828/4Z39__Bio4__seed271828_raw.pdbqt,docking_v1/production_logs/4Z39_MvicOBP3/Bio4/seed_271828_attempt1.log,docking_v1/production_poses/4Z39_MvicOBP3/Bio4/seed_271828,phase5d2_protocol_v1.0,32,20,4,1,8.284;6.721;22.849,27.811;29.469;22.853,EXPECTED,1,-4.859,docking_v1/production_poses/4Z39_MvicOBP3/Bio4/seed_271828/4Z39__Bio4__seed271828__pose1.pdbqt,9b567a78b1e63543b0ae723d92ddac4fdc72bc8ce6f0d8d666539ca67f94208f,docking_v1/production_runs/4Z39_MvicOBP3/Bio4/seed_271828/4Z39__Bio4__seed271828_raw.pdbqt,phase5d3_pH7_meeko0.7.1_v1,phase5d3_etkdgv3_20conf_meeko0.7.1_v1,2026-10-04T09:12:31.933340+00:00,SUCCESS
4Z39__Bio4__seed314159,MVIC-OBP3__Bio4,4Z39,MVIC-OBP3,MvicOBP3,Megoura viciae,Bio4,α-Thujene,Tier B,?,314159,docking_v1/production_configs/4Z39_MvicOBP3/Bio4/seed_314159.txt,docking_v1/production_runs/4Z39_MvicOBP3/Bio4/seed_314159/4Z39__Bio4__seed314159_raw.pdbqt,docking_v1/production_logs/4Z39_MvicOBP3/Bio4/seed_314159_attempt1.log,docking_v1/production_poses/4Z39_MvicOBP3/Bio4/seed_314159,phase5d2_protocol_v1.0,32,20,4,1,8.284;6.721;22.849,27.811;29.469;22.853,EXPECTED,1,-4.861,docking_v1/production_poses/4Z39_MvicOBP3/Bio4/seed_314159/4Z39__Bio4__seed314159__pose1.pdbqt,4275239c8276b384b1587f86ab5f833512b0bf46a32a1ce6aa2b90d08f7a88b8,docking_v1/production_runs/4Z39_MvicOBP3/Bio4/seed_314159/4Z39__Bio4__seed314159_raw.pdbqt,phase5d3_pH7_meeko0.7.1_v1,phase5d3_etkdgv3_20conf_meeko0.7.1_v1,2026-10-04T09:12:31.688881+00:00,SUCCESS
4Z39__Bio42__seed42,MVIC-OBP3__Bio42,4Z39,MVIC-OBP3,MvicOBP3,Megoura viciae,Bio42,Caprolactam,Tier A,*,42,docking_v1/production_configs/4Z39_MvicOBP3/Bio42/seed_42.txt,docking_v1/production_runs/4Z39_MvicOBP3/Bio42/seed_42/4Z39__Bio42__seed42_raw.pdbqt,docking_v1/production_logs/4Z39_MvicOBP3/Bio42/seed_42_attempt1.log,docking_v1/production_poses/4Z39_MvicOBP3/Bio42/seed_42,phase5d2_protocol_v1.0,32,20,4,1,8.284;6.721;22.849,27.811;29.469;22.853,EXPECTED,1,-2.627,docking_v1/production_poses/4Z39_MvicOBP3/Bio42/seed_42/4Z39__Bio42__seed42__pose1.pdbqt,307659903ef87295c9d0fd9d7311e4e2c208106bd38ae9aee86fd581bd89836d,docking_v1/production_runs/4Z39_MvicOBP3/Bio42/seed_42/4Z39__Bio42__seed42_raw.pdbqt,phase5d3_pH7_meeko0.7.1_v1,phase5d3_etkdgv3_20conf_meeko0.7.1_v1,2026-10-04T09:07:22.033829+00:00,SUCCESS
4Z39__Bio42__seed2026,MVIC-OBP3__Bio42,4Z39,MVIC-OBP3,MvicOBP3,Megoura viciae,Bio42,Caprolactam,Tier A,*,2026,docking_v1/production_configs/4Z39_MvicOBP3/Bio42/seed_2026.txt,docking_v1/production_runs/4Z39_MvicOBP3/Bio42/seed_2026/4Z39__Bio42__seed2026_raw.pdbqt,docking_v1/production_logs/4Z39_MvicOBP3/Bio42/seed_2026_attempt1.log,docking_v1/production_poses/4Z39_MvicOBP3/Bio42/seed_2026,phase5d2_protocol_v1.0,32,20,4,1,8.284;6.721;22.849,27.811;29.469;22.853,EXPECTED,1,-2.597,docking_v1/production_poses/4Z39_MvicOBP3/Bio42/seed_2026/4Z39__Bio42__seed2026__pose1.pdbqt,4084ad8d5cb61078f931cc395d53a5d912d59ddfe5d241e2c09bd5300775c918,docking_v1/production_runs/4Z39_MvicOBP3/Bio42/seed_2026/4Z39__Bio42__seed2026_raw.pdbqt,phase5d3_pH7_meeko0.7.1_v1,phase5d3_etkdgv3_20conf_meeko0.7.1_v1,2026-10-04T09:07:38.540464+00:00,SUCCESS
4Z39__Bio42__seed104729,MVIC-OBP3__Bio42,4Z39,MVIC-OBP3,MvicOBP3,Megoura viciae,Bio42,Caprolactam,Tier A,*,104729,docking_v1/production_configs/4Z39_MvicOBP3/Bio42/seed_104729.txt,docking_v1/production_runs/4Z39_MvicOBP3/Bio42/seed_104729/4Z39__Bio42__seed104729_raw.pdbqt,docking_v1/production_logs/4Z39_MvicOBP3/Bio42/seed_104729_attempt1.log,docking_v1/production_poses/4Z39_MvicOBP3/Bio42/seed_104729,phase5d2_protocol_v1.0,32,20,4,1,8.284;6.721;22.849,27.811;29.469;22.853,EXPECTED,1,-2.624,docking_v1/production_poses/4Z39_MvicOBP3/Bio42/seed_104729/4Z39__Bio42__seed104729__pose1.pdbqt,83c649e67e2c9611caedf99f150e66f4956ef373877efe9c49f9949faeddec97,docking_v1/production_runs/4Z39_MvicOBP3/Bio42/seed_104729/4Z39__Bio42__seed104729_raw.pdbqt,phase5d3_pH7_meeko0.7.1_v1,phase5d3_etkdgv3_20conf_meeko0.7.1_v1,2026-10-04T09:07:52.244901+00:00,SUCCESS
4Z39__Bio42__seed271828,MVIC-OBP3__Bio42,4Z39,MVIC-OBP3,MvicOBP3,Megoura viciae,Bio42,Caprolactam,Tier A,*,271828,docking_v1/production_configs/4Z39_MvicOBP3/Bio42/seed_271828.txt,docking_v1/production_runs/4Z39_MvicOBP3/Bio42/seed_271828/4Z39__Bio42__seed271828_raw.pdbqt,docking_v1/production_logs/4Z39_MvicOBP3/Bio42/seed_271828_attempt1.log,docking_v1/production_poses/4Z39_MvicOBP3/Bio42/seed_271828,phase5d2_protocol_v1.0,32,20,4,1,8.284;6.721;22.849,27.811;29.469;22.853,EXPECTED,1,-2.64,docking_v1/production_poses/4Z39_MvicOBP3/Bio42/seed_271828/4Z39__Bio42__seed271828__pose1.pdbqt,b9cb70dd7bc8d8562a4d9c73839d39ee8dbbaecd68c8e85c9a8262f1652eb387,docking_v1/production_runs/4Z39_MvicOBP3/Bio42/seed_271828/4Z39__Bio42__seed271828_raw.pdbqt,phase5d3_pH7_meeko0.7.1_v1,phase5d3_etkdgv3_20conf_meeko0.7.1_v1,2026-10-04T09:07:49.290134+00:00,SUCCESS
4Z39__Bio42__seed314159,MVIC-OBP3__Bio42,4Z39,MVIC-OBP3,MvicOBP3,Megoura viciae,Bio42,Caprolactam,Tier A,*,314159,docking_v1/production_configs/4Z39_MvicOBP3/Bio42/seed_314159.txt,docking_v1/production_runs/4Z39_MvicOBP3/Bio42/seed_314159/4Z39__Bio42__seed314159_raw.pdbqt,docking_v1/production_logs/4Z39_MvicOBP3/Bio42/seed_314159_attempt1.log,docking_v1/production_poses/4Z39_MvicOBP3/Bio42/seed_314159,phase5d2_protocol_v1.0,32,20,4,1,8.284;6.721;22.849,27.811;29.469;22.853,EXPECTED,1,-2.591,docking_v1/production_poses/4Z39_MvicOBP3/Bio42/seed_314159/4Z39__Bio42__seed314159__pose1.pdbqt,ad1c97646fee9e15211a8cb2376edf3b994632c2bcd3b284f7e2ab263557fc50,docking_v1/production_runs/4Z39_MvicOBP3/Bio42/seed_314159/4Z39__Bio42__seed314159_raw.pdbqt,phase5d3_pH7_meeko0.7.1_v1,phase5d3_etkdgv3_20conf_meeko0.7.1_v1,2026-10-04T09:08:03.502813+00:00,SUCCESS
4Z39__Bio47__seed42,MVIC-OBP3__Bio47,4Z39,MVIC-OBP3,MvicOBP3,Megoura viciae,Bio47,Pentadecane,Tier A,*,42,docking_v1/production_configs/4Z39_MvicOBP3/Bio47/seed_42.txt,docking_v1/production_runs/4Z39_MvicOBP3/Bio47/seed_42/4Z39__Bio47__seed42_raw.pdbqt,docking_v1/production_logs/4Z39_MvicOBP3/Bio47/seed_42_attempt1.log,docking_v1/production_poses/4Z39_MvicOBP3/Bio47/seed_42,phase5d2_protocol_v1.0,32,20,4,1,8.284;6.721;22.849,27.811;29.469;22.853,EXPECTED,1,-4.414,docking_v1/production_poses/4Z39_MvicOBP3/Bio47/seed_42/4Z39__Bio47__seed42__pose1.pdbqt,b9b5b22bd86f2f6d64c0956535c7d2668a02334fc3e5c1de26736a7102907aef,docking_v1/production_runs/4Z39_MvicOBP3/Bio47/seed_42/4Z39__Bio47__seed42_raw.pdbqt,phase5d3_pH7_meeko0.7.1_v1,phase5d3_etkdgv3_20conf_meeko0.7.1_v1,2026-10-04T09:11:49.233732+00:00,SUCCESS
4Z39__Bio47__seed2026,MVIC-OBP3__Bio47,4Z39,MVIC-OBP3,MvicOBP3,Megoura viciae,Bio47,Pentadecane,Tier A,*,2026,docking_v1/production_configs/4Z39_MvicOBP3/Bio47/seed_2026.txt,docking_v1/production_runs/4Z39_MvicOBP3/Bio47/seed_2026/4Z39__Bio47__seed2026_raw.pdbqt,docking_v1/production_logs/4Z39_MvicOBP3/Bio47/seed_2026_attempt1.log,docking_v1/production_poses/4Z39_MvicOBP3/Bio47/seed_2026,phase5d2_protocol_v1.0,32,20,4,1,8.284;6.721;22.849,27.811;29.469;22.853,EXPECTED,1,-4.564,docking_v1/production_poses/4Z39_MvicOBP3/Bio47/seed_2026/4Z39__Bio47__seed2026__pose1.pdbqt,adbb495501bdad9e780407bee08bfa5c280982bcad400fe5a57076fd59bbce05,docking_v1/production_runs/4Z39_MvicOBP3/Bio47/seed_2026/4Z39__Bio47__seed2026_raw.pdbqt,phase5d3_pH7_meeko0.7.1_v1,phase5d3_etkdgv3_20conf_meeko0.7.1_v1,2026-10-04T09:11:54.629381+00:00,SUCCESS
4Z39__Bio47__seed104729,MVIC-OBP3__Bio47,4Z39,MVIC-OBP3,MvicOBP3,Megoura viciae,Bio47,Pentadecane,Tier A,*,104729,docking_v1/production_configs/4Z39_MvicOBP3/Bio47/seed_104729.txt,docking_v1/production_runs/4Z39_MvicOBP3/Bio47/seed_104729/4Z39__Bio47__seed104729_raw.pdbqt,docking_v1/production_logs/4Z39_MvicOBP3/Bio47/seed_104729_attempt1.log,docking_v1/production_poses/4Z39_MvicOBP3/Bio47/seed_104729,phase5d2_protocol_v1.0,32,20,4,1,8.284;6.721;22.849,27.811;29.469;22.853,EXPECTED,1,-4.529,docking_v1/production_poses/4Z39_MvicOBP3/Bio47/seed_104729/4Z39__Bio47__seed104729__pose1.pdbqt,115be1a2a04d044392dc5d95c7c328e9eadbb99db111e6911a14c1cf7715d0e3,docking_v1/production_runs/4Z39_MvicOBP3/Bio47/seed_104729/4Z39__Bio47__seed104729_raw.pdbqt,phase5d3_pH7_meeko0.7.1_v1,phase5d3_etkdgv3_20conf_meeko0.7.1_v1,2026-10-04T09:11:56.336436+00:00,SUCCESS
4Z39__Bio47__seed271828,MVIC-OBP3__Bio47,4Z39,MVIC-OBP3,MvicOBP3,Megoura viciae,Bio47,Pentadecane,Tier A,*,271828,docking_v1/production_configs/4Z39_MvicOBP3/Bio47/seed_271828.txt,docking_v1/production_runs/4Z39_MvicOBP3/Bio47/seed_271828/4Z39__Bio47__seed271828_raw.pdbqt,docking_v1/production_logs/4Z39_MvicOBP3/Bio47/seed_271828_attempt1.log,docking_v1/production_poses/4Z39_MvicOBP3/Bio47/seed_271828,phase5d2_protocol_v1.0,32,20,4,1,8.284;6.721;22.849,27.811;29.469;22.853,EXPECTED,1,-4.524,docking_v1/production_poses/4Z39_MvicOBP3/Bio47/seed_271828/4Z39__Bio47__seed271828__pose1.pdbqt,6f548e08753accf9e39a92ac12a3ac1b3ef13d562d3873b8abc6c9556148a4ae,docking_v1/production_runs/4Z39_MvicOBP3/Bio47/seed_271828/4Z39__Bio47__seed271828_raw.pdbqt,phase5d3_pH7_meeko0.7.1_v1,phase5d3_etkdgv3_20conf_meeko0.7.1_v1,2026-10-04T09:13:09.092658+00:00,SUCCESS
4Z39__Bio47__seed314159,MVIC-OBP3__Bio47,4Z39,MVIC-OBP3,MvicOBP3,Megoura viciae,Bio47,Pentadecane,Tier A,*,314159,docking_v1/production_configs/4Z39_MvicOBP3/Bio47/seed_314159.txt,docking_v1/production_runs/4Z39_MvicOBP3/Bio47/seed_314159/4Z39__Bio47__seed314159_raw.pdbqt,docking_v1/production_logs/4Z39_MvicOBP3/Bio47/seed_314159_attempt1.log,docking_v1/production_poses/4Z39_MvicOBP3/Bio47/seed_314159,phase5d2_protocol_v1.0,32,20,4,1,8.284;6.721;22.849,27.811;29.469;22.853,EXPECTED,1,-4.464,docking_v1/production_poses/4Z39_MvicOBP3/Bio47/seed_314159/4Z39__Bio47__seed314159__pose1.pdbqt,de186a738fe56dceaa9ff430c0013db73a809dbbace88d5bd807969a90fdd8da,docking_v1/production_runs/4Z39_MvicOBP3/Bio47/seed_314159/4Z39__Bio47__seed314159_raw.pdbqt,phase5d3_pH7_meeko0.7.1_v1,phase5d3_etkdgv3_20conf_meeko0.7.1_v1,2026-10-04T09:13:25.183215+00:00,SUCCESS
4Z39__Bio49__seed42,MVIC-OBP3__Bio49,4Z39,MVIC-OBP3,MvicOBP3,Megoura viciae,Bio49,1-Tetradecanol,Tier B,?,42,docking_v1/production_configs/4Z39_MvicOBP3/Bio49/seed_42.txt,docking_v1/production_runs/4Z39_MvicOBP3/Bio49/seed_42/4Z39__Bio49__seed42_raw.pdbqt,docking_v1/production_logs/4Z39_MvicOBP3/Bio49/seed_42_attempt1.log,docking_v1/production_poses/4Z39_MvicOBP3/Bio49/seed_42,phase5d2_protocol_v1.0,32,20,4,1,8.284;6.721;22.849,27.811;29.469;22.853,EXPECTED,1,-4.484,docking_v1/production_poses/4Z39_MvicOBP3/Bio49/seed_42/4Z39__Bio49__seed42__pose1.pdbqt,d7d9bccd26a36e55d5875d1363066f36ad5c91ca8ccc0581296e73ef6c112174,docking_v1/production_runs/4Z39_MvicOBP3/Bio49/seed_42/4Z39__Bio49__seed42_raw.pdbqt,phase5d3_pH7_meeko0.7.1_v1,phase5d3_etkdgv3_20conf_meeko0.7.1_v1,2026-10-04T09:18:36.438499+00:00,SUCCESS
4Z39__Bio49__seed2026,MVIC-OBP3__Bio49,4Z39,MVIC-OBP3,MvicOBP3,Megoura viciae,Bio49,1-Tetradecanol,Tier B,?,2026,docking_v1/production_configs/4Z39_MvicOBP3/Bio49/seed_2026.txt,docking_v1/production_runs/4Z39_MvicOBP3/Bio49/seed_2026/4Z39__Bio49__seed2026_raw.pdbqt,docking_v1/production_logs/4Z39_MvicOBP3/Bio49/seed_2026_attempt1.log,docking_v1/production_poses/4Z39_MvicOBP3/Bio49/seed_2026,phase5d2_protocol_v1.0,32,20,4,1,8.284;6.721;22.849,27.811;29.469;22.853,EXPECTED,1,-4.404,docking_v1/production_poses/4Z39_MvicOBP3/Bio49/seed_2026/4Z39__Bio49__seed2026__pose1.pdbqt,b96263bc1c2ddf8ec4ef5950284f7ae08744242f35ff62561fceb023351eebdc,docking_v1/production_runs/4Z39_MvicOBP3/Bio49/seed_2026/4Z39__Bio49__seed2026_raw.pdbqt,phase5d3_pH7_meeko0.7.1_v1,phase5d3_etkdgv3_20conf_meeko0.7.1_v1,2026-10-04T09:18:34.830166+00:00,SUCCESS
4Z39__Bio49__seed104729,MVIC-OBP3__Bio49,4Z39,MVIC-OBP3,MvicOBP3,Megoura viciae,Bio49,1-Tetradecanol,Tier B,?,104729,docking_v1/production_configs/4Z39_MvicOBP3/Bio49/seed_104729.txt,docking_v1/production_runs/4Z39_MvicOBP3/Bio49/seed_104729/4Z39__Bio49__seed104729_raw.pdbqt,docking_v1/production_logs/4Z39_MvicOBP3/Bio49/seed_104729_attempt1.log,docking_v1/production_poses/4Z39_MvicOBP3/Bio49/seed_104729,phase5d2_protocol_v1.0,32,20,4,1,8.284;6.721;22.849,27.811;29.469;22.853,EXPECTED,1,-4.628,docking_v1/production_poses/4Z39_MvicOBP3/Bio49/seed_104729/4Z39__Bio49__seed104729__pose1.pdbqt,52248ef260727dec24f512fc597fd52a53682f11f115931e60455dd7a5d80c80,docking_v1/production_runs/4Z39_MvicOBP3/Bio49/seed_104729/4Z39__Bio49__seed104729_raw.pdbqt,phase5d3_pH7_meeko0.7.1_v1,phase5d3_etkdgv3_20conf_meeko0.7.1_v1,2026-10-04T09:18:37.204349+00:00,SUCCESS
4Z39__Bio49__seed271828,MVIC-OBP3__Bio49,4Z39,MVIC-OBP3,MvicOBP3,Megoura viciae,Bio49,1-Tetradecanol,Tier B,?,271828,docking_v1/production_configs/4Z39_MvicOBP3/Bio49/seed_271828.txt,docking_v1/production_runs/4Z39_MvicOBP3/Bio49/seed_271828/4Z39__Bio49__seed271828_raw.pdbqt,docking_v1/production_logs/4Z39_MvicOBP3/Bio49/seed_271828_attempt1.log,docking_v1/production_poses/4Z39_MvicOBP3/Bio49/seed_271828,phase5d2_protocol_v1.0,32,20,4,1,8.284;6.721;22.849,27.811;29.469;22.853,EXPECTED,1,-4.616,docking_v1/production_poses/4Z39_MvicOBP3/Bio49/seed_271828/4Z39__Bio49__seed271828__pose1.pdbqt,2a63ee48268b072104a9f9a73f36748adf4cfa153f6b47e07bc80d43a9012cdb,docking_v1/production_runs/4Z39_MvicOBP3/Bio49/seed_271828/4Z39__Bio49__seed271828_raw.pdbqt,phase5d3_pH7_meeko0.7.1_v1,phase5d3_etkdgv3_20conf_meeko0.7.1_v1,2026-10-04T09:18:58.559433+00:00,SUCCESS
4Z39__Bio49__seed314159,MVIC-OBP3__Bio49,4Z39,MVIC-OBP3,MvicOBP3,Megoura viciae,Bio49,1-Tetradecanol,Tier B,?,314159,docking_v1/production_configs/4Z39_MvicOBP3/Bio49/seed_314159.txt,docking_v1/production_runs/4Z39_MvicOBP3/Bio49/seed_314159/4Z39__Bio49__seed314159_raw.pdbqt,docking_v1/production_logs/4Z39_MvicOBP3/Bio49/seed_314159_attempt1.log,docking_v1/production_poses/4Z39_MvicOBP3/Bio49/seed_314159,phase5d2_protocol_v1.0,32,20,4,1,8.284;6.721;22.849,27.811;29.469;22.853,EXPECTED,1,-4.726,docking_v1/production_poses/4Z39_MvicOBP3/Bio49/seed_314159/4Z39__Bio49__seed314159__pose1.pdbqt,13c793b6d7ef2f257342c3177021a3227ded9e977d84da850c72bb87062dd866,docking_v1/production_runs/4Z39_MvicOBP3/Bio49/seed_314159/4Z39__Bio49__seed314159_raw.pdbqt,phase5d3_pH7_meeko0.7.1_v1,phase5d3_etkdgv3_20conf_meeko0.7.1_v1,2026-10-04T09:19:01.953965+00:00,SUCCESS
4Z39__Bio51__seed42,MVIC-OBP3__Bio51,4Z39,MVIC-OBP3,MvicOBP3,Megoura viciae,Bio51,trans-Raphasatin,Tier B,?,42,docking_v1/production_configs/4Z39_MvicOBP3/Bio51/seed_42.txt,docking_v1/production_runs/4Z39_MvicOBP3/Bio51/seed_42/4Z39__Bio51__seed42_raw.pdbqt,docking_v1/production_logs/4Z39_MvicOBP3/Bio51/seed_42_attempt1.log,docking_v1/production_poses/4Z39_MvicOBP3/Bio51/seed_42,phase5d2_protocol_v1.0,32,20,4,1,8.284;6.721;22.849,27.811;29.469;22.853,EXPECTED,1,-3.576,docking_v1/production_poses/4Z39_MvicOBP3/Bio51/seed_42/4Z39__Bio51__seed42__pose1.pdbqt,a55ac1a6a9681784b7304aacfbdbfbba6f875d6af5c1052ae5afef42bc306ac8,docking_v1/production_runs/4Z39_MvicOBP3/Bio51/seed_42/4Z39__Bio51__seed42_raw.pdbqt,phase5d3_pH7_meeko0.7.1_v1,phase5d3_etkdgv3_20conf_meeko0.7.1_v1,2026-10-04T09:15:21.346029+00:00,SUCCESS
4Z39__Bio51__seed2026,MVIC-OBP3__Bio51,4Z39,MVIC-OBP3,MvicOBP3,Megoura viciae,Bio51,trans-Raphasatin,Tier B,?,2026,docking_v1/production_configs/4Z39_MvicOBP3/Bio51/seed_2026.txt,docking_v1/production_runs/4Z39_MvicOBP3/Bio51/seed_2026/4Z39__Bio51__seed2026_raw.pdbqt,docking_v1/production_logs/4Z39_MvicOBP3/Bio51/seed_2026_attempt1.log,docking_v1/production_poses/4Z39_MvicOBP3/Bio51/seed_2026,phase5d2_protocol_v1.0,32,20,4,1,8.284;6.721;22.849,27.811;29.469;22.853,EXPECTED,1,-3.553,docking_v1/production_poses/4Z39_MvicOBP3/Bio51/seed_2026/4Z39__Bio51__seed2026__pose1.pdbqt,638e9a4091c00d6b7df146c88a780503c872c582e0ad0f40b871d002d41281ac,docking_v1/production_runs/4Z39_MvicOBP3/Bio51/seed_2026/4Z39__Bio51__seed2026_raw.pdbqt,phase5d3_pH7_meeko0.7.1_v1,phase5d3_etkdgv3_20conf_meeko0.7.1_v1,2026-10-04T09:15:21.270006+00:00,SUCCESS
4Z39__Bio51__seed104729,MVIC-OBP3__Bio51,4Z39,MVIC-OBP3,MvicOBP3,Megoura viciae,Bio51,trans-Raphasatin,Tier B,?,104729,docking_v1/production_configs/4Z39_MvicOBP3/Bio51/seed_104729.txt,docking_v1/production_runs/4Z39_MvicOBP3/Bio51/seed_104729/4Z39__Bio51__seed104729_raw.pdbqt,docking_v1/production_logs/4Z39_MvicOBP3/Bio51/seed_104729_attempt1.log,docking_v1/production_poses/4Z39_MvicOBP3/Bio51/seed_104729,phase5d2_protocol_v1.0,32,20,4,1,8.284;6.721;22.849,27.811;29.469;22.853,EXPECTED,1,-3.516,docking_v1/production_poses/4Z39_MvicOBP3/Bio51/seed_104729/4Z39__Bio51__seed104729__pose1.pdbqt,848f2c0bb947dbd1e1f79c69782cbeba7dbd21c2dd6725a4f1fd895b94ba9141,docking_v1/production_runs/4Z39_MvicOBP3/Bio51/seed_104729/4Z39__Bio51__seed104729_raw.pdbqt,phase5d3_pH7_meeko0.7.1_v1,phase5d3_etkdgv3_20conf_meeko0.7.1_v1,2026-10-04T09:15:24.950326+00:00,SUCCESS
4Z39__Bio51__seed271828,MVIC-OBP3__Bio51,4Z39,MVIC-OBP3,MvicOBP3,Megoura viciae,Bio51,trans-Raphasatin,Tier B,?,271828,docking_v1/production_configs/4Z39_MvicOBP3/Bio51/seed_271828.txt,docking_v1/production_runs/4Z39_MvicOBP3/Bio51/seed_271828/4Z39__Bio51__seed271828_raw.pdbqt,docking_v1/production_logs/4Z39_MvicOBP3/Bio51/seed_271828_attempt1.log,docking_v1/production_poses/4Z39_MvicOBP3/Bio51/seed_271828,phase5d2_protocol_v1.0,32,20,4,1,8.284;6.721;22.849,27.811;29.469;22.853,EXPECTED,1,-3.527,docking_v1/production_poses/4Z39_MvicOBP3/Bio51/seed_271828/4Z39__Bio51__seed271828__pose1.pdbqt,567bb9cd8f9ac61d5e29a711f6f8d397a8b799bf80818316994cc19e5413e159,docking_v1/production_runs/4Z39_MvicOBP3/Bio51/seed_271828/4Z39__Bio51__seed271828_raw.pdbqt,phase5d3_pH7_meeko0.7.1_v1,phase5d3_etkdgv3_20conf_meeko0.7.1_v1,2026-10-04T09:16:15.892671+00:00,SUCCESS
4Z39__Bio51__seed314159,MVIC-OBP3__Bio51,4Z39,MVIC-OBP3,MvicOBP3,Megoura viciae,Bio51,trans-Raphasatin,Tier B,?,314159,docking_v1/production_configs/4Z39_MvicOBP3/Bio51/seed_314159.txt,docking_v1/production_runs/4Z39_MvicOBP3/Bio51/seed_314159/4Z39__Bio51__seed314159_raw.pdbqt,docking_v1/production_logs/4Z39_MvicOBP3/Bio51/seed_314159_attempt1.log,docking_v1/production_poses/4Z39_MvicOBP3/Bio51/seed_314159,phase5d2_protocol_v1.0,32,20,4,1,8.284;6.721;22.849,27.811;29.469;22.853,EXPECTED,1,-3.553,docking_v1/production_poses/4Z39_MvicOBP3/Bio51/seed_314159/4Z39__Bio51__seed314159__pose1.pdbqt,5ae2f87938d8ffdfe6cedc82faf812ac8678a12ff944b8666aec097b15b4620f,docking_v1/production_runs/4Z39_MvicOBP3/Bio51/seed_314159/4Z39__Bio51__seed314159_raw.pdbqt,phase5d3_pH7_meeko0.7.1_v1,phase5d3_etkdgv3_20conf_meeko0.7.1_v1,2026-10-04T09:16:15.825621+00:00,SUCCESS
4Z39__Bio53__seed42,MVIC-OBP3__Bio53,4Z39,MVIC-OBP3,MvicOBP3,Megoura viciae,Bio53,α-Guaiene,Tier B,?,42,docking_v1/production_configs/4Z39_MvicOBP3/Bio53/seed_42.txt,docking_v1/production_runs/4Z39_MvicOBP3/Bio53/seed_42/4Z39__Bio53__seed42_raw.pdbqt,docking_v1/production_logs/4Z39_MvicOBP3/Bio53/seed_42_attempt1.log,docking_v1/production_poses/4Z39_MvicOBP3/Bio53/seed_42,phase5d2_protocol_v1.0,32,20,4,1,8.284;6.721;22.849,27.811;29.469;22.853,EXPECTED,1,-4.918,docking_v1/production_poses/4Z39_MvicOBP3/Bio53/seed_42/4Z39__Bio53__seed42__pose1.pdbqt,f71526a7ba40dab1a24bfe5d12a7347776f742c73e17e37b268ea7bd894d977e,docking_v1/production_runs/4Z39_MvicOBP3/Bio53/seed_42/4Z39__Bio53__seed42_raw.pdbqt,phase5d3_pH7_meeko0.7.1_v1,phase5d3_etkdgv3_20conf_meeko0.7.1_v1,2026-10-04T09:18:48.316445+00:00,SUCCESS
4Z39__Bio53__seed2026,MVIC-OBP3__Bio53,4Z39,MVIC-OBP3,MvicOBP3,Megoura viciae,Bio53,α-Guaiene,Tier B,?,2026,docking_v1/production_configs/4Z39_MvicOBP3/Bio53/seed_2026.txt,docking_v1/production_runs/4Z39_MvicOBP3/Bio53/seed_2026/4Z39__Bio53__seed2026_raw.pdbqt,docking_v1/production_logs/4Z39_MvicOBP3/Bio53/seed_2026_attempt1.log,docking_v1/production_poses/4Z39_MvicOBP3/Bio53/seed_2026,phase5d2_protocol_v1.0,32,20,4,1,8.284;6.721;22.849,27.811;29.469;22.853,EXPECTED,1,-4.878,docking_v1/production_poses/4Z39_MvicOBP3/Bio53/seed_2026/4Z39__Bio53__seed2026__pose1.pdbqt,0c9b47b6ebefae84f450654369cb0e7dfc465a49812b0b3673f5c98a832eebc5,docking_v1/production_runs/4Z39_MvicOBP3/Bio53/seed_2026/4Z39__Bio53__seed2026_raw.pdbqt,phase5d3_pH7_meeko0.7.1_v1,phase5d3_etkdgv3_20conf_meeko0.7.1_v1,2026-10-04T09:19:43.863182+00:00,SUCCESS
4Z39__Bio53__seed104729,MVIC-OBP3__Bio53,4Z39,MVIC-OBP3,MvicOBP3,Megoura viciae,Bio53,α-Guaiene,Tier B,?,104729,docking_v1/production_configs/4Z39_MvicOBP3/Bio53/seed_104729.txt,docking_v1/production_runs/4Z39_MvicOBP3/Bio53/seed_104729/4Z39__Bio53__seed104729_raw.pdbqt,docking_v1/production_logs/4Z39_MvicOBP3/Bio53/seed_104729_attempt1.log,docking_v1/production_poses/4Z39_MvicOBP3/Bio53/seed_104729,phase5d2_protocol_v1.0,32,20,4,1,8.284;6.721;22.849,27.811;29.469;22.853,EXPECTED,1,-4.633,docking_v1/production_poses/4Z39_MvicOBP3/Bio53/seed_104729/4Z39__Bio53__seed104729__pose1.pdbqt,8728d150a68d1f8c475272f3bd24b37eec2ad958a133316df4d712de19f47d3a,docking_v1/production_runs/4Z39_MvicOBP3/Bio53/seed_104729/4Z39__Bio53__seed104729_raw.pdbqt,phase5d3_pH7_meeko0.7.1_v1,phase5d3_etkdgv3_20conf_meeko0.7.1_v1,2026-10-04T09:19:42.927686+00:00,SUCCESS
4Z39__Bio53__seed271828,MVIC-OBP3__Bio53,4Z39,MVIC-OBP3,MvicOBP3,Megoura viciae,Bio53,α-Guaiene,Tier B,?,271828,docking_v1/production_configs/4Z39_MvicOBP3/Bio53/seed_271828.txt,docking_v1/production_runs/4Z39_MvicOBP3/Bio53/seed_271828/4Z39__Bio53__seed271828_raw.pdbqt,docking_v1/production_logs/4Z39_MvicOBP3/Bio53/seed_271828_attempt1.log,docking_v1/production_poses/4Z39_MvicOBP3/Bio53/seed_271828,phase5d2_protocol_v1.0,32,20,4,1,8.284;6.721;22.849,27.811;29.469;22.853,EXPECTED,1,-4.763,docking_v1/production_poses/4Z39_MvicOBP3/Bio53/seed_271828/4Z39__Bio53__seed271828__pose1.pdbqt,4e25c6b56312413cc23e79d987692dde68349fdd2112c6b2f157421d76771901,docking_v1/production_runs/4Z39_MvicOBP3/Bio53/seed_271828/4Z39__Bio53__seed271828_raw.pdbqt,phase5d3_pH7_meeko0.7.1_v1,phase5d3_etkdgv3_20conf_meeko0.7.1_v1,2026-10-04T09:22:06.710320+00:00,SUCCESS
4Z39__Bio53__seed314159,MVIC-OBP3__Bio53,4Z39,MVIC-OBP3,MvicOBP3,Megoura viciae,Bio53,α-Guaiene,Tier B,?,314159,docking_v1/production_configs/4Z39_MvicOBP3/Bio53/seed_314159.txt,docking_v1/production_runs/4Z39_MvicOBP3/Bio53/seed_314159/4Z39__Bio53__seed314159_raw.pdbqt,docking_v1/production_logs/4Z39_MvicOBP3/Bio53/seed_314159_attempt1.log,docking_v1/production_poses/4Z39_MvicOBP3/Bio53/seed_314159,phase5d2_protocol_v1.0,32,20,4,1,8.284;6.721;22.849,27.811;29.469;22.853,EXPECTED,1,-4.697,docking_v1/production_poses/4Z39_MvicOBP3/Bio53/seed_314159/4Z39__Bio53__seed314159__pose1.pdbqt,d8315aa900abd1c06531244651694904472124c84f937b128f3a31c2953e135e,docking_v1/production_runs/4Z39_MvicOBP3/Bio53/seed_314159/4Z39__Bio53__seed314159_raw.pdbqt,phase5d3_pH7_meeko0.7.1_v1,phase5d3_etkdgv3_20conf_meeko0.7.1_v1,2026-10-04T09:22:06.620256+00:00,SUCCESS
4Z39__Bio55__seed42,MVIC-OBP3__Bio55,4Z39,MVIC-OBP3,MvicOBP3,Megoura viciae,Bio55,Humulene,Tier B,?,42,docking_v1/production_configs/4Z39_MvicOBP3/Bio55/seed_42.txt,docking_v1/production_runs/4Z39_MvicOBP3/Bio55/seed_42/4Z39__Bio55__seed42_raw.pdbqt,docking_v1/production_logs/4Z39_MvicOBP3/Bio55/seed_42_attempt1.log,docking_v1/production_poses/4Z39_MvicOBP3/Bio55/seed_42,phase5d2_protocol_v1.0,32,20,4,1,8.284;6.721;22.849,27.811;29.469;22.853,EXPECTED,1,-4.211,docking_v1/production_poses/4Z39_MvicOBP3/Bio55/seed_42/4Z39__Bio55__seed42__pose1.pdbqt,56da0a01816eb82b3f4babd9a71058b8c61ac7c5492e193f082d097c8793cbe6,docking_v1/production_runs/4Z39_MvicOBP3/Bio55/seed_42/4Z39__Bio55__seed42_raw.pdbqt,phase5d3_pH7_meeko0.7.1_v1,phase5d3_etkdgv3_20conf_meeko0.7.1_v1,2026-10-04T09:22:13.173062+00:00,SUCCESS
4Z39__Bio55__seed2026,MVIC-OBP3__Bio55,4Z39,MVIC-OBP3,MvicOBP3,Megoura viciae,Bio55,Humulene,Tier B,?,2026,docking_v1/production_configs/4Z39_MvicOBP3/Bio55/seed_2026.txt,docking_v1/production_runs/4Z39_MvicOBP3/Bio55/seed_2026/4Z39__Bio55__seed2026_raw.pdbqt,docking_v1/production_logs/4Z39_MvicOBP3/Bio55/seed_2026_attempt1.log,docking_v1/production_poses/4Z39_MvicOBP3/Bio55/seed_2026,phase5d2_protocol_v1.0,32,20,4,1,8.284;6.721;22.849,27.811;29.469;22.853,EXPECTED,1,-4.168,docking_v1/production_poses/4Z39_MvicOBP3/Bio55/seed_2026/4Z39__Bio55__seed2026__pose1.pdbqt,f60085f9805adb57530ff6ac10b572cff91974141094955a121db09e445c4886,docking_v1/production_runs/4Z39_MvicOBP3/Bio55/seed_2026/4Z39__Bio55__seed2026_raw.pdbqt,phase5d3_pH7_meeko0.7.1_v1,phase5d3_etkdgv3_20conf_meeko0.7.1_v1,2026-10-04T09:22:24.289527+00:00,SUCCESS
4Z39__Bio55__seed104729,MVIC-OBP3__Bio55,4Z39,MVIC-OBP3,MvicOBP3,Megoura viciae,Bio55,Humulene,Tier B,?,104729,docking_v1/production_configs/4Z39_MvicOBP3/Bio55/seed_104729.txt,docking_v1/production_runs/4Z39_MvicOBP3/Bio55/seed_104729/4Z39__Bio55__seed104729_raw.pdbqt,docking_v1/production_logs/4Z39_MvicOBP3/Bio55/seed_104729_attempt1.log,docking_v1/production_poses/4Z39_MvicOBP3/Bio55/seed_104729,phase5d2_protocol_v1.0,32,20,4,1,8.284;6.721;22.849,27.811;29.469;22.853,EXPECTED,1,-4.266,docking_v1/production_poses/4Z39_MvicOBP3/Bio55/seed_104729/4Z39__Bio55__seed104729__pose1.pdbqt,f8a9cdc1d1ea0b5a94b3f187f49ae29312afc228b893b938cfd5dedd042c6757,docking_v1/production_runs/4Z39_MvicOBP3/Bio55/seed_104729/4Z39__Bio55__seed104729_raw.pdbqt,phase5d3_pH7_meeko0.7.1_v1,phase5d3_etkdgv3_20conf_meeko0.7.1_v1,2026-10-04T09:22:34.198158+00:00,SUCCESS
4Z39__Bio55__seed271828,MVIC-OBP3__Bio55,4Z39,MVIC-OBP3,MvicOBP3,Megoura viciae,Bio55,Humulene,Tier B,?,271828,docking_v1/production_configs/4Z39_MvicOBP3/Bio55/seed_271828.txt,docking_v1/production_runs/4Z39_MvicOBP3/Bio55/seed_271828/4Z39__Bio55__seed271828_raw.pdbqt,docking_v1/production_logs/4Z39_MvicOBP3/Bio55/seed_271828_attempt1.log,docking_v1/production_poses/4Z39_MvicOBP3/Bio55/seed_271828,phase5d2_protocol_v1.0,32,20,4,1,8.284;6.721;22.849,27.811;29.469;22.853,EXPECTED,1,-4.278,docking_v1/production_poses/4Z39_MvicOBP3/Bio55/seed_271828/4Z39__Bio55__seed271828__pose1.pdbqt,ff47c8f83bba56cb79b88860f5b3fc89f9effff401b4755c027d47af7622c7e5,docking_v1/production_runs/4Z39_MvicOBP3/Bio55/seed_271828/4Z39__Bio55__seed271828_raw.pdbqt,phase5d3_pH7_meeko0.7.1_v1,phase5d3_etkdgv3_20conf_meeko0.7.1_v1,2026-10-04T09:22:38.555191+00:00,SUCCESS
4Z39__Bio55__seed314159,MVIC-OBP3__Bio55,4Z39,MVIC-OBP3,MvicOBP3,Megoura viciae,Bio55,Humulene,Tier B,?,314159,docking_v1/production_configs/4Z39_MvicOBP3/Bio55/seed_314159.txt,docking_v1/production_runs/4Z39_MvicOBP3/Bio55/seed_314159/4Z39__Bio55__seed314159_raw.pdbqt,docking_v1/production_logs/4Z39_MvicOBP3/Bio55/seed_314159_attempt1.log,docking_v1/production_poses/4Z39_MvicOBP3/Bio55/seed_314159,phase5d2_protocol_v1.0,32,20,4,1,8.284;6.721;22.849,27.811;29.469;22.853,EXPECTED,1,-4.243,docking_v1/production_poses/4Z39_MvicOBP3/Bio55/seed_314159/4Z39__Bio55__seed314159__pose1.pdbqt,14c51dd5c07dcf7bd988f1e17fc0547b0ae96755cd043387f3ba19a91cddb170,docking_v1/production_runs/4Z39_MvicOBP3/Bio55/seed_314159/4Z39__Bio55__seed314159_raw.pdbqt,phase5d3_pH7_meeko0.7.1_v1,phase5d3_etkdgv3_20conf_meeko0.7.1_v1,2026-10-04T09:23:25.552314+00:00,SUCCESS
4Z39__Bio56__seed42,MVIC-OBP3__Bio56,4Z39,MVIC-OBP3,MvicOBP3,Megoura viciae,Bio56,(E)-β-Farnesene,Tier A,*,42,docking_v1/production_configs/4Z39_MvicOBP3/Bio56/seed_42.txt,docking_v1/production_runs/4Z39_MvicOBP3/Bio56/seed_42/4Z39__Bio56__seed42_raw.pdbqt,docking_v1/production_logs/4Z39_MvicOBP3/Bio56/seed_42_attempt1.log,docking_v1/production_poses/4Z39_MvicOBP3/Bio56/seed_42,phase5d2_protocol_v1.0,32,20,4,1,8.284;6.721;22.849,27.811;29.469;22.853,EXPECTED,1,-5.454,docking_v1/production_poses/4Z39_MvicOBP3/Bio56/seed_42/4Z39__Bio56__seed42__pose1.pdbqt,14a7ab6c1ba2b00d4e4051c536f90f03b95f1a4fdb8fc171aac6a09811861bad,docking_v1/production_runs/4Z39_MvicOBP3/Bio56/seed_42/4Z39__Bio56__seed42_raw.pdbqt,phase5d3_pH7_meeko0.7.1_v1,phase5d3_etkdgv3_20conf_meeko0.7.1_v1,2026-10-04T09:10:52.506360+00:00,SUCCESS
4Z39__Bio56__seed2026,MVIC-OBP3__Bio56,4Z39,MVIC-OBP3,MvicOBP3,Megoura viciae,Bio56,(E)-β-Farnesene,Tier A,*,2026,docking_v1/production_configs/4Z39_MvicOBP3/Bio56/seed_2026.txt,docking_v1/production_runs/4Z39_MvicOBP3/Bio56/seed_2026/4Z39__Bio56__seed2026_raw.pdbqt,docking_v1/production_logs/4Z39_MvicOBP3/Bio56/seed_2026_attempt1.log,docking_v1/production_poses/4Z39_MvicOBP3/Bio56/seed_2026,phase5d2_protocol_v1.0,32,20,4,1,8.284;6.721;22.849,27.811;29.469;22.853,EXPECTED,1,-5.818,docking_v1/production_poses/4Z39_MvicOBP3/Bio56/seed_2026/4Z39__Bio56__seed2026__pose1.pdbqt,c3639bb369918fe857f4dfb64349b8c7c515ab00da9965d910ebdc4fb546cad4,docking_v1/production_runs/4Z39_MvicOBP3/Bio56/seed_2026/4Z39__Bio56__seed2026_raw.pdbqt,phase5d3_pH7_meeko0.7.1_v1,phase5d3_etkdgv3_20conf_meeko0.7.1_v1,2026-10-04T09:10:55.927403+00:00,SUCCESS
4Z39__Bio56__seed104729,MVIC-OBP3__Bio56,4Z39,MVIC-OBP3,MvicOBP3,Megoura viciae,Bio56,(E)-β-Farnesene,Tier A,*,104729,docking_v1/production_configs/4Z39_MvicOBP3/Bio56/seed_104729.txt,docking_v1/production_runs/4Z39_MvicOBP3/Bio56/seed_104729/4Z39__Bio56__seed104729_raw.pdbqt,docking_v1/production_logs/4Z39_MvicOBP3/Bio56/seed_104729_attempt1.log,docking_v1/production_poses/4Z39_MvicOBP3/Bio56/seed_104729,phase5d2_protocol_v1.0,32,20,4,1,8.284;6.721;22.849,27.811;29.469;22.853,EXPECTED,1,-5.554,docking_v1/production_poses/4Z39_MvicOBP3/Bio56/seed_104729/4Z39__Bio56__seed104729__pose1.pdbqt,80f45d629479dbfe563f360bebcd7d7e8c4411dcea5691110af8a48c585fadb2,docking_v1/production_runs/4Z39_MvicOBP3/Bio56/seed_104729/4Z39__Bio56__seed104729_raw.pdbqt,phase5d3_pH7_meeko0.7.1_v1,phase5d3_etkdgv3_20conf_meeko0.7.1_v1,2026-10-04T09:11:06.127742+00:00,SUCCESS
4Z39__Bio56__seed271828,MVIC-OBP3__Bio56,4Z39,MVIC-OBP3,MvicOBP3,Megoura viciae,Bio56,(E)-β-Farnesene,Tier A,*,271828,docking_v1/production_configs/4Z39_MvicOBP3/Bio56/seed_271828.txt,docking_v1/production_runs/4Z39_MvicOBP3/Bio56/seed_271828/4Z39__Bio56__seed271828_raw.pdbqt,docking_v1/production_logs/4Z39_MvicOBP3/Bio56/seed_271828_attempt1.log,docking_v1/production_poses/4Z39_MvicOBP3/Bio56/seed_271828,phase5d2_protocol_v1.0,32,20,4,1,8.284;6.721;22.849,27.811;29.469;22.853,EXPECTED,1,-5.641,docking_v1/production_poses/4Z39_MvicOBP3/Bio56/seed_271828/4Z39__Bio56__seed271828__pose1.pdbqt,ebe3b362aa195fbda8970bdd666bf9a894f7cda2c5e1b988624548a09e364fdf,docking_v1/production_runs/4Z39_MvicOBP3/Bio56/seed_271828/4Z39__Bio56__seed271828_raw.pdbqt,phase5d3_pH7_meeko0.7.1_v1,phase5d3_etkdgv3_20conf_meeko0.7.1_v1,2026-10-04T09:13:41.403041+00:00,SUCCESS
4Z39__Bio56__seed314159,MVIC-OBP3__Bio56,4Z39,MVIC-OBP3,MvicOBP3,Megoura viciae,Bio56,(E)-β-Farnesene,Tier A,*,314159,docking_v1/production_configs/4Z39_MvicOBP3/Bio56/seed_314159.txt,docking_v1/production_runs/4Z39_MvicOBP3/Bio56/seed_314159/4Z39__Bio56__seed314159_raw.pdbqt,docking_v1/production_logs/4Z39_MvicOBP3/Bio56/seed_314159_attempt1.log,docking_v1/production_poses/4Z39_MvicOBP3/Bio56/seed_314159,phase5d2_protocol_v1.0,32,20,4,1,8.284;6.721;22.849,27.811;29.469;22.853,EXPECTED,1,-5.5,docking_v1/production_poses/4Z39_MvicOBP3/Bio56/seed_314159/4Z39__Bio56__seed314159__pose1.pdbqt,d69f2c448e03989ad962e582abd165739dcb9616082031335d7e53f8008119d2,docking_v1/production_runs/4Z39_MvicOBP3/Bio56/seed_314159/4Z39__Bio56__seed314159_raw.pdbqt,phase5d3_pH7_meeko0.7.1_v1,phase5d3_etkdgv3_20conf_meeko0.7.1_v1,2026-10-04T09:13:44.034772+00:00,SUCCESS
4Z39__Bio59__seed42,MVIC-OBP3__Bio59,4Z39,MVIC-OBP3,MvicOBP3,Megoura viciae,Bio59,β-Selinene,Tier B,?,42,docking_v1/production_configs/4Z39_MvicOBP3/Bio59/seed_42.txt,docking_v1/production_runs/4Z39_MvicOBP3/Bio59/seed_42/4Z39__Bio59__seed42_raw.pdbqt,docking_v1/production_logs/4Z39_MvicOBP3/Bio59/seed_42_attempt1.log,docking_v1/production_poses/4Z39_MvicOBP3/Bio59/seed_42,phase5d2_protocol_v1.0,32,20,4,1,8.284;6.721;22.849,27.811;29.469;22.853,EXPECTED,1,-6.735,docking_v1/production_poses/4Z39_MvicOBP3/Bio59/seed_42/4Z39__Bio59__seed42__pose1.pdbqt,c9f510da7387e43de14cb38e6f1db72b0e4bf87c132699025c4d3e11fd6887af,docking_v1/production_runs/4Z39_MvicOBP3/Bio59/seed_42/4Z39__Bio59__seed42_raw.pdbqt,phase5d3_pH7_meeko0.7.1_v1,phase5d3_etkdgv3_20conf_meeko0.7.1_v1,2026-10-04T09:20:21.595331+00:00,SUCCESS
4Z39__Bio59__seed2026,MVIC-OBP3__Bio59,4Z39,MVIC-OBP3,MvicOBP3,Megoura viciae,Bio59,β-Selinene,Tier B,?,2026,docking_v1/production_configs/4Z39_MvicOBP3/Bio59/seed_2026.txt,docking_v1/production_runs/4Z39_MvicOBP3/Bio59/seed_2026/4Z39__Bio59__seed2026_raw.pdbqt,docking_v1/production_logs/4Z39_MvicOBP3/Bio59/seed_2026_attempt1.log,docking_v1/production_poses/4Z39_MvicOBP3/Bio59/seed_2026,phase5d2_protocol_v1.0,32,20,4,1,8.284;6.721;22.849,27.811;29.469;22.853,EXPECTED,1,-6.732,docking_v1/production_poses/4Z39_MvicOBP3/Bio59/seed_2026/4Z39__Bio59__seed2026__pose1.pdbqt,cb8cdf3069b3a1b8d07e35b82c8b876a3c4fbe9938e4690803ca1a8390436340,docking_v1/production_runs/4Z39_MvicOBP3/Bio59/seed_2026/4Z39__Bio59__seed2026_raw.pdbqt,phase5d3_pH7_meeko0.7.1_v1,phase5d3_etkdgv3_20conf_meeko0.7.1_v1,2026-10-04T09:20:58.914602+00:00,SUCCESS
4Z39__Bio59__seed104729,MVIC-OBP3__Bio59,4Z39,MVIC-OBP3,MvicOBP3,Megoura viciae,Bio59,β-Selinene,Tier B,?,104729,docking_v1/production_configs/4Z39_MvicOBP3/Bio59/seed_104729.txt,docking_v1/production_runs/4Z39_MvicOBP3/Bio59/seed_104729/4Z39__Bio59__seed104729_raw.pdbqt,docking_v1/production_logs/4Z39_MvicOBP3/Bio59/seed_104729_attempt1.log,docking_v1/production_poses/4Z39_MvicOBP3/Bio59/seed_104729,phase5d2_protocol_v1.0,32,20,4,1,8.284;6.721;22.849,27.811;29.469;22.853,EXPECTED,1,-6.749,docking_v1/production_poses/4Z39_MvicOBP3/Bio59/seed_104729/4Z39__Bio59__seed104729__pose1.pdbqt,00cd08c1ca8662ec4b1dcbb08385e28836cf0f197bc56a3cada955fc2f8e6489,docking_v1/production_runs/4Z39_MvicOBP3/Bio59/seed_104729/4Z39__Bio59__seed104729_raw.pdbqt,phase5d3_pH7_meeko0.7.1_v1,phase5d3_etkdgv3_20conf_meeko0.7.1_v1,2026-10-04T09:21:36.072903+00:00,SUCCESS
4Z39__Bio59__seed271828,MVIC-OBP3__Bio59,4Z39,MVIC-OBP3,MvicOBP3,Megoura viciae,Bio59,β-Selinene,Tier B,?,271828,docking_v1/production_configs/4Z39_MvicOBP3/Bio59/seed_271828.txt,docking_v1/production_runs/4Z39_MvicOBP3/Bio59/seed_271828/4Z39__Bio59__seed271828_raw.pdbqt,docking_v1/production_logs/4Z39_MvicOBP3/Bio59/seed_271828_attempt1.log,docking_v1/production_poses/4Z39_MvicOBP3/Bio59/seed_271828,phase5d2_protocol_v1.0,32,20,4,1,8.284;6.721;22.849,27.811;29.469;22.853,EXPECTED,1,-6.739,docking_v1/production_poses/4Z39_MvicOBP3/Bio59/seed_271828/4Z39__Bio59__seed271828__pose1.pdbqt,3e4839bad1d0a0f1387f1a8360d64847bf6909c58506754288787e5753f20a6a,docking_v1/production_runs/4Z39_MvicOBP3/Bio59/seed_271828/4Z39__Bio59__seed271828_raw.pdbqt,phase5d3_pH7_meeko0.7.1_v1,phase5d3_etkdgv3_20conf_meeko0.7.1_v1,2026-10-04T09:22:13.958677+00:00,SUCCESS
4Z39__Bio59__seed314159,MVIC-OBP3__Bio59,4Z39,MVIC-OBP3,MvicOBP3,Megoura viciae,Bio59,β-Selinene,Tier B,?,314159,docking_v1/production_configs/4Z39_MvicOBP3/Bio59/seed_314159.txt,docking_v1/production_runs/4Z39_MvicOBP3/Bio59/seed_314159/4Z39__Bio59__seed314159_raw.pdbqt,docking_v1/production_logs/4Z39_MvicOBP3/Bio59/seed_314159_attempt1.log,docking_v1/production_poses/4Z39_MvicOBP3/Bio59/seed_314159,phase5d2_protocol_v1.0,32,20,4,1,8.284;6.721;22.849,27.811;29.469;22.853,EXPECTED,1,-6.741,docking_v1/production_poses/4Z39_MvicOBP3/Bio59/seed_314159/4Z39__Bio59__seed314159__pose1.pdbqt,d9f5c39f7bbfa3792d5c99d44cec41cdc203baf167d68da7d2bc214b51a5ad0c,docking_v1/production_runs/4Z39_MvicOBP3/Bio59/seed_314159/4Z39__Bio59__seed314159_raw.pdbqt,phase5d3_pH7_meeko0.7.1_v1,phase5d3_etkdgv3_20conf_meeko0.7.1_v1,2026-10-04T09:22:50.124702+00:00,SUCCESS
4Z39__Bio8__seed42,MVIC-OBP3__Bio8,4Z39,MVIC-OBP3,MvicOBP3,Megoura viciae,Bio8,Benzaldehyde,Tier A,*,42,docking_v1/production_configs/4Z39_MvicOBP3/Bio8/seed_42.txt,docking_v1/production_runs/4Z39_MvicOBP3/Bio8/seed_42/4Z39__Bio8__seed42_raw.pdbqt,docking_v1/production_logs/4Z39_MvicOBP3/Bio8/seed_42_attempt1.log,docking_v1/production_poses/4Z39_MvicOBP3/Bio8/seed_42,phase5d2_protocol_v1.0,32,20,4,1,8.284;6.721;22.849,27.811;29.469;22.853,EXPECTED,1,-4.227,docking_v1/production_poses/4Z39_MvicOBP3/Bio8/seed_42/4Z39__Bio8__seed42__pose1.pdbqt,791beb01287de767a5eddecc6ca0e6cb870d9d4875b4ca8ec0af6a874cdf9b02,docking_v1/production_runs/4Z39_MvicOBP3/Bio8/seed_42/4Z39__Bio8__seed42_raw.pdbqt,phase5d3_pH7_meeko0.7.1_v1,phase5d3_etkdgv3_20conf_meeko0.7.1_v1,2026-10-04T09:03:05.480724+00:00,SUCCESS
4Z39__Bio8__seed2026,MVIC-OBP3__Bio8,4Z39,MVIC-OBP3,MvicOBP3,Megoura viciae,Bio8,Benzaldehyde,Tier A,*,2026,docking_v1/production_configs/4Z39_MvicOBP3/Bio8/seed_2026.txt,docking_v1/production_runs/4Z39_MvicOBP3/Bio8/seed_2026/4Z39__Bio8__seed2026_raw.pdbqt,docking_v1/production_logs/4Z39_MvicOBP3/Bio8/seed_2026_attempt1.log,docking_v1/production_poses/4Z39_MvicOBP3/Bio8/seed_2026,phase5d2_protocol_v1.0,32,20,4,1,8.284;6.721;22.849,27.811;29.469;22.853,EXPECTED,1,-4.223,docking_v1/production_poses/4Z39_MvicOBP3/Bio8/seed_2026/4Z39__Bio8__seed2026__pose1.pdbqt,5d39fbd542a9d8e6bfbc1268664d1bd0b0fc0562cbbcef5ae3ef6dcfa7641c12,docking_v1/production_runs/4Z39_MvicOBP3/Bio8/seed_2026/4Z39__Bio8__seed2026_raw.pdbqt,phase5d3_pH7_meeko0.7.1_v1,phase5d3_etkdgv3_20conf_meeko0.7.1_v1,2026-10-04T09:03:05.578252+00:00,SUCCESS
4Z39__Bio8__seed104729,MVIC-OBP3__Bio8,4Z39,MVIC-OBP3,MvicOBP3,Megoura viciae,Bio8,Benzaldehyde,Tier A,*,104729,docking_v1/production_configs/4Z39_MvicOBP3/Bio8/seed_104729.txt,docking_v1/production_runs/4Z39_MvicOBP3/Bio8/seed_104729/4Z39__Bio8__seed104729_raw.pdbqt,docking_v1/production_logs/4Z39_MvicOBP3/Bio8/seed_104729_attempt1.log,docking_v1/production_poses/4Z39_MvicOBP3/Bio8/seed_104729,phase5d2_protocol_v1.0,32,20,4,1,8.284;6.721;22.849,27.811;29.469;22.853,EXPECTED,1,-4.227,docking_v1/production_poses/4Z39_MvicOBP3/Bio8/seed_104729/4Z39__Bio8__seed104729__pose1.pdbqt,f55f90afd7e71d4a6672338a8735932712dae8bc641ba1cd43a5c45c44ecdab5,docking_v1/production_runs/4Z39_MvicOBP3/Bio8/seed_104729/4Z39__Bio8__seed104729_raw.pdbqt,phase5d3_pH7_meeko0.7.1_v1,phase5d3_etkdgv3_20conf_meeko0.7.1_v1,2026-10-04T09:03:05.754745+00:00,SUCCESS
4Z39__Bio8__seed271828,MVIC-OBP3__Bio8,4Z39,MVIC-OBP3,MvicOBP3,Megoura viciae,Bio8,Benzaldehyde,Tier A,*,271828,docking_v1/production_configs/4Z39_MvicOBP3/Bio8/seed_271828.txt,docking_v1/production_runs/4Z39_MvicOBP3/Bio8/seed_271828/4Z39__Bio8__seed271828_raw.pdbqt,docking_v1/production_logs/4Z39_MvicOBP3/Bio8/seed_271828_attempt1.log,docking_v1/production_poses/4Z39_MvicOBP3/Bio8/seed_271828,phase5d2_protocol_v1.0,32,20,4,1,8.284;6.721;22.849,27.811;29.469;22.853,EXPECTED,1,-4.229,docking_v1/production_poses/4Z39_MvicOBP3/Bio8/seed_271828/4Z39__Bio8__seed271828__pose1.pdbqt,4ad433b4820755e346dba203c853287f102db1597edbd186d9bce4f4f877377d,docking_v1/production_runs/4Z39_MvicOBP3/Bio8/seed_271828/4Z39__Bio8__seed271828_raw.pdbqt,phase5d3_pH7_meeko0.7.1_v1,phase5d3_etkdgv3_20conf_meeko0.7.1_v1,2026-10-04T09:03:05.202232+00:00,SUCCESS
4Z39__Bio8__seed314159,MVIC-OBP3__Bio8,4Z39,MVIC-OBP3,MvicOBP3,Megoura viciae,Bio8,Benzaldehyde,Tier A,*,314159,docking_v1/production_configs/4Z39_MvicOBP3/Bio8/seed_314159.txt,docking_v1/production_runs/4Z39_MvicOBP3/Bio8/seed_314159/4Z39__Bio8__seed314159_raw.pdbqt,docking_v1/production_logs/4Z39_MvicOBP3/Bio8/seed_314159_attempt1.log,docking_v1/production_poses/4Z39_MvicOBP3/Bio8/seed_314159,phase5d2_protocol_v1.0,32,20,4,1,8.284;6.721;22.849,27.811;29.469;22.853,EXPECTED,1,-4.237,docking_v1/production_poses/4Z39_MvicOBP3/Bio8/seed_314159/4Z39__Bio8__seed314159__pose1.pdbqt,459589fb9b485cbd9f9ee57ca1934e7fb6f157de899f2613c0c9603b7f487b40,docking_v1/production_runs/4Z39_MvicOBP3/Bio8/seed_314159/4Z39__Bio8__seed314159_raw.pdbqt,phase5d3_pH7_meeko0.7.1_v1,phase5d3_etkdgv3_20conf_meeko0.7.1_v1,2026-10-04T09:03:05.576241+00:00,SUCCESS
4Z39__Bio9__seed42,MVIC-OBP3__Bio9,4Z39,MVIC-OBP3,MvicOBP3,Megoura viciae,Bio9,Mesitylene,Tier A,*,42,docking_v1/production_configs/4Z39_MvicOBP3/Bio9/seed_42.txt,docking_v1/production_runs/4Z39_MvicOBP3/Bio9/seed_42/4Z39__Bio9__seed42_raw.pdbqt,docking_v1/production_logs/4Z39_MvicOBP3/Bio9/seed_42_attempt1.log,docking_v1/production_poses/4Z39_MvicOBP3/Bio9/seed_42,phase5d2_protocol_v1.0,32,20,4,1,8.284;6.721;22.849,27.811;29.469;22.853,EXPECTED,1,-4.707,docking_v1/production_poses/4Z39_MvicOBP3/Bio9/seed_42/4Z39__Bio9__seed42__pose1.pdbqt,b165d795bde459b0d25f5ddfb98fca20be7bb60d94a59a320fc02cc9a34fb616,docking_v1/production_runs/4Z39_MvicOBP3/Bio9/seed_42/4Z39__Bio9__seed42_raw.pdbqt,phase5d3_pH7_meeko0.7.1_v1,phase5d3_etkdgv3_20conf_meeko0.7.1_v1,2026-10-04T09:03:00.369828+00:00,SUCCESS
4Z39__Bio9__seed2026,MVIC-OBP3__Bio9,4Z39,MVIC-OBP3,MvicOBP3,Megoura viciae,Bio9,Mesitylene,Tier A,*,2026,docking_v1/production_configs/4Z39_MvicOBP3/Bio9/seed_2026.txt,docking_v1/production_runs/4Z39_MvicOBP3/Bio9/seed_2026/4Z39__Bio9__seed2026_raw.pdbqt,docking_v1/production_logs/4Z39_MvicOBP3/Bio9/seed_2026_attempt1.log,docking_v1/production_poses/4Z39_MvicOBP3/Bio9/seed_2026,phase5d2_protocol_v1.0,32,20,4,1,8.284;6.721;22.849,27.811;29.469;22.853,EXPECTED,1,-4.695,docking_v1/production_poses/4Z39_MvicOBP3/Bio9/seed_2026/4Z39__Bio9__seed2026__pose1.pdbqt,12cfdb3038c094f5a596435228755d7e6bd96a79e3596483930ce2765fbfc17f,docking_v1/production_runs/4Z39_MvicOBP3/Bio9/seed_2026/4Z39__Bio9__seed2026_raw.pdbqt,phase5d3_pH7_meeko0.7.1_v1,phase5d3_etkdgv3_20conf_meeko0.7.1_v1,2026-10-04T09:03:00.287139+00:00,SUCCESS
4Z39__Bio9__seed104729,MVIC-OBP3__Bio9,4Z39,MVIC-OBP3,MvicOBP3,Megoura viciae,Bio9,Mesitylene,Tier A,*,104729,docking_v1/production_configs/4Z39_MvicOBP3/Bio9/seed_104729.txt,docking_v1/production_runs/4Z39_MvicOBP3/Bio9/seed_104729/4Z39__Bio9__seed104729_raw.pdbqt,docking_v1/production_logs/4Z39_MvicOBP3/Bio9/seed_104729_attempt1.log,docking_v1/production_poses/4Z39_MvicOBP3/Bio9/seed_104729,phase5d2_protocol_v1.0,32,20,4,1,8.284;6.721;22.849,27.811;29.469;22.853,EXPECTED,1,-4.707,docking_v1/production_poses/4Z39_MvicOBP3/Bio9/seed_104729/4Z39__Bio9__seed104729__pose1.pdbqt,0993d4d867ae4ef7a991647e706e0a1fb1bca0062f00e2498fa5cd2971d39c7b,docking_v1/production_runs/4Z39_MvicOBP3/Bio9/seed_104729/4Z39__Bio9__seed104729_raw.pdbqt,phase5d3_pH7_meeko0.7.1_v1,phase5d3_etkdgv3_20conf_meeko0.7.1_v1,2026-10-04T09:03:00.184551+00:00,SUCCESS
4Z39__Bio9__seed271828,MVIC-OBP3__Bio9,4Z39,MVIC-OBP3,MvicOBP3,Megoura viciae,Bio9,Mesitylene,Tier A,*,271828,docking_v1/production_configs/4Z39_MvicOBP3/Bio9/seed_271828.txt,docking_v1/production_runs/4Z39_MvicOBP3/Bio9/seed_271828/4Z39__Bio9__seed271828_raw.pdbqt,docking_v1/production_logs/4Z39_MvicOBP3/Bio9/seed_271828_attempt1.log,docking_v1/production_poses/4Z39_MvicOBP3/Bio9/seed_271828,phase5d2_protocol_v1.0,32,20,4,1,8.284;6.721;22.849,27.811;29.469;22.853,EXPECTED,1,-4.709,docking_v1/production_poses/4Z39_MvicOBP3/Bio9/seed_271828/4Z39__Bio9__seed271828__pose1.pdbqt,3779632a463d1b82e4064a37044089c713abbe574ffe26686cb195df402d1051,docking_v1/production_runs/4Z39_MvicOBP3/Bio9/seed_271828/4Z39__Bio9__seed271828_raw.pdbqt,phase5d3_pH7_meeko0.7.1_v1,phase5d3_etkdgv3_20conf_meeko0.7.1_v1,2026-10-04T09:03:14.895893+00:00,SUCCESS
4Z39__Bio9__seed314159,MVIC-OBP3__Bio9,4Z39,MVIC-OBP3,MvicOBP3,Megoura viciae,Bio9,Mesitylene,Tier A,*,314159,docking_v1/production_configs/4Z39_MvicOBP3/Bio9/seed_314159.txt,docking_v1/production_runs/4Z39_MvicOBP3/Bio9/seed_314159/4Z39__Bio9__seed314159_raw.pdbqt,docking_v1/production_logs/4Z39_MvicOBP3/Bio9/seed_314159_attempt1.log,docking_v1/production_poses/4Z39_MvicOBP3/Bio9/seed_314159,phase5d2_protocol_v1.0,32,20,4,1,8.284;6.721;22.849,27.811;29.469;22.853,EXPECTED,1,-4.707,docking_v1/production_poses/4Z39_MvicOBP3/Bio9/seed_314159/4Z39__Bio9__seed314159__pose1.pdbqt,e411f1da1eea2092691d9c4e661ee0bad8701292c54f5488785a82100957a82e,docking_v1/production_runs/4Z39_MvicOBP3/Bio9/seed_314159/4Z39__Bio9__seed314159_raw.pdbqt,phase5d3_pH7_meeko0.7.1_v1,phase5d3_etkdgv3_20conf_meeko0.7.1_v1,2026-10-04T09:03:15.113713+00:00,SUCCESS
4Z45__Bio13__seed42,NRIB-OBP3__Bio13,4Z45,NRIB-OBP3,NribOBP3,Nasonovia ribisnigri,Bio13,6-Methyl-5-hepten-2-one,Tier B,?,42,docking_v1/production_configs/4Z45_NribOBP3/Bio13/seed_42.txt,docking_v1/production_runs/4Z45_NribOBP3/Bio13/seed_42/4Z45__Bio13__seed42_raw.pdbqt,docking_v1/production_logs/4Z45_NribOBP3/Bio13/seed_42_attempt1.log,docking_v1/production_poses/4Z45_NribOBP3/Bio13/seed_42,phase5d2_protocol_v1.0,32,20,4,1,21.128;-20.253;1.603,22.254;27.693;26.435,EXPECTED,1,-4.446,docking_v1/production_poses/4Z45_NribOBP3/Bio13/seed_42/4Z45__Bio13__seed42__pose1.pdbqt,a1961752a2608d1bceb98ff0e4087adb5b9c87b819dad4bfd10584ea981239a4,docking_v1/production_runs/4Z45_NribOBP3/Bio13/seed_42/4Z45__Bio13__seed42_raw.pdbqt,phase5d3_pH7_meeko0.7.1_v1,phase5d3_etkdgv3_20conf_meeko0.7.1_v1,2026-10-04T09:31:28.868814+00:00,SUCCESS
4Z45__Bio13__seed2026,NRIB-OBP3__Bio13,4Z45,NRIB-OBP3,NribOBP3,Nasonovia ribisnigri,Bio13,6-Methyl-5-hepten-2-one,Tier B,?,2026,docking_v1/production_configs/4Z45_NribOBP3/Bio13/seed_2026.txt,docking_v1/production_runs/4Z45_NribOBP3/Bio13/seed_2026/4Z45__Bio13__seed2026_raw.pdbqt,docking_v1/production_logs/4Z45_NribOBP3/Bio13/seed_2026_attempt1.log,docking_v1/production_poses/4Z45_NribOBP3/Bio13/seed_2026,phase5d2_protocol_v1.0,32,20,4,1,21.128;-20.253;1.603,22.254;27.693;26.435,EXPECTED,1,-4.598,docking_v1/production_poses/4Z45_NribOBP3/Bio13/seed_2026/4Z45__Bio13__seed2026__pose1.pdbqt,30db9e9c88c7867fe5c6638b85242ede2b7b11b0531ce8766940b703206a541b,docking_v1/production_runs/4Z45_NribOBP3/Bio13/seed_2026/4Z45__Bio13__seed2026_raw.pdbqt,phase5d3_pH7_meeko0.7.1_v1,phase5d3_etkdgv3_20conf_meeko0.7.1_v1,2026-10-04T09:31:30.352180+00:00,SUCCESS
4Z45__Bio13__seed104729,NRIB-OBP3__Bio13,4Z45,NRIB-OBP3,NribOBP3,Nasonovia ribisnigri,Bio13,6-Methyl-5-hepten-2-one,Tier B,?,104729,docking_v1/production_configs/4Z45_NribOBP3/Bio13/seed_104729.txt,docking_v1/production_runs/4Z45_NribOBP3/Bio13/seed_104729/4Z45__Bio13__seed104729_raw.pdbqt,docking_v1/production_logs/4Z45_NribOBP3/Bio13/seed_104729_attempt1.log,docking_v1/production_poses/4Z45_NribOBP3/Bio13/seed_104729,phase5d2_protocol_v1.0,32,20,4,1,21.128;-20.253;1.603,22.254;27.693;26.435,EXPECTED,1,-4.453,docking_v1/production_poses/4Z45_NribOBP3/Bio13/seed_104729/4Z45__Bio13__seed104729__pose1.pdbqt,7ea3d3472080c0e596553b5db4e845d01866c6da48bf43447383f55b9ac6e06c,docking_v1/production_runs/4Z45_NribOBP3/Bio13/seed_104729/4Z45__Bio13__seed104729_raw.pdbqt,phase5d3_pH7_meeko0.7.1_v1,phase5d3_etkdgv3_20conf_meeko0.7.1_v1,2026-10-04T09:31:32.928856+00:00,SUCCESS
4Z45__Bio13__seed271828,NRIB-OBP3__Bio13,4Z45,NRIB-OBP3,NribOBP3,Nasonovia ribisnigri,Bio13,6-Methyl-5-hepten-2-one,Tier B,?,271828,docking_v1/production_configs/4Z45_NribOBP3/Bio13/seed_271828.txt,docking_v1/production_runs/4Z45_NribOBP3/Bio13/seed_271828/4Z45__Bio13__seed271828_raw.pdbqt,docking_v1/production_logs/4Z45_NribOBP3/Bio13/seed_271828_attempt1.log,docking_v1/production_poses/4Z45_NribOBP3/Bio13/seed_271828,phase5d2_protocol_v1.0,32,20,4,1,21.128;-20.253;1.603,22.254;27.693;26.435,EXPECTED,1,-4.416,docking_v1/production_poses/4Z45_NribOBP3/Bio13/seed_271828/4Z45__Bio13__seed271828__pose1.pdbqt,c56bf3a4ac0705c90a591676ed27b0689ddd8352e6b1c3a8e90499a4e04c6dea,docking_v1/production_runs/4Z45_NribOBP3/Bio13/seed_271828/4Z45__Bio13__seed271828_raw.pdbqt,phase5d3_pH7_meeko0.7.1_v1,phase5d3_etkdgv3_20conf_meeko0.7.1_v1,2026-10-04T09:31:33.641207+00:00,SUCCESS
4Z45__Bio13__seed314159,NRIB-OBP3__Bio13,4Z45,NRIB-OBP3,NribOBP3,Nasonovia ribisnigri,Bio13,6-Methyl-5-hepten-2-one,Tier B,?,314159,docking_v1/production_configs/4Z45_NribOBP3/Bio13/seed_314159.txt,docking_v1/production_runs/4Z45_NribOBP3/Bio13/seed_314159/4Z45__Bio13__seed314159_raw.pdbqt,docking_v1/production_logs/4Z45_NribOBP3/Bio13/seed_314159_attempt1.log,docking_v1/production_poses/4Z45_NribOBP3/Bio13/seed_314159,phase5d2_protocol_v1.0,32,20,4,1,21.128;-20.253;1.603,22.254;27.693;26.435,EXPECTED,1,-4.401,docking_v1/production_poses/4Z45_NribOBP3/Bio13/seed_314159/4Z45__Bio13__seed314159__pose1.pdbqt,6a9aeb3f83e0545ac18a56d2304264b2f3d1afce4e4f1de25406055236d248f5,docking_v1/production_runs/4Z45_NribOBP3/Bio13/seed_314159/4Z45__Bio13__seed314159_raw.pdbqt,phase5d3_pH7_meeko0.7.1_v1,phase5d3_etkdgv3_20conf_meeko0.7.1_v1,2026-10-04T09:32:16.749484+00:00,SUCCESS
4Z45__Bio17__seed42,NRIB-OBP3__Bio17,4Z45,NRIB-OBP3,NribOBP3,Nasonovia ribisnigri,Bio17,2-Phenylpropanal,Tier A,*,42,docking_v1/production_configs/4Z45_NribOBP3/Bio17/seed_42.txt,docking_v1/production_runs/4Z45_NribOBP3/Bio17/seed_42/4Z45__Bio17__seed42_raw.pdbqt,docking_v1/production_logs/4Z45_NribOBP3/Bio17/seed_42_attempt1.log,docking_v1/production_poses/4Z45_NribOBP3/Bio17/seed_42,phase5d2_protocol_v1.0,32,20,4,1,21.128;-20.253;1.603,22.254;27.693;26.435,EXPECTED,1,-5.205,docking_v1/production_poses/4Z45_NribOBP3/Bio17/seed_42/4Z45__Bio17__seed42__pose1.pdbqt,56516131aa66d6bb0c04a40fa7d70c70cbbd029a52f8f54fc0bda0e52bd100b8,docking_v1/production_runs/4Z45_NribOBP3/Bio17/seed_42/4Z45__Bio17__seed42_raw.pdbqt,phase5d3_pH7_meeko0.7.1_v1,phase5d3_etkdgv3_20conf_meeko0.7.1_v1,2026-10-04T09:23:29.197967+00:00,SUCCESS
4Z45__Bio17__seed2026,NRIB-OBP3__Bio17,4Z45,NRIB-OBP3,NribOBP3,Nasonovia ribisnigri,Bio17,2-Phenylpropanal,Tier A,*,2026,docking_v1/production_configs/4Z45_NribOBP3/Bio17/seed_2026.txt,docking_v1/production_runs/4Z45_NribOBP3/Bio17/seed_2026/4Z45__Bio17__seed2026_raw.pdbqt,docking_v1/production_logs/4Z45_NribOBP3/Bio17/seed_2026_attempt1.log,docking_v1/production_poses/4Z45_NribOBP3/Bio17/seed_2026,phase5d2_protocol_v1.0,32,20,4,1,21.128;-20.253;1.603,22.254;27.693;26.435,EXPECTED,1,-5.185,docking_v1/production_poses/4Z45_NribOBP3/Bio17/seed_2026/4Z45__Bio17__seed2026__pose1.pdbqt,921c93ae7b1ab53d1ffd7ddac605396efb665f0e62b48c90ed31a2b646d3b8d1,docking_v1/production_runs/4Z45_NribOBP3/Bio17/seed_2026/4Z45__Bio17__seed2026_raw.pdbqt,phase5d3_pH7_meeko0.7.1_v1,phase5d3_etkdgv3_20conf_meeko0.7.1_v1,2026-10-04T09:23:29.398991+00:00,SUCCESS
4Z45__Bio17__seed104729,NRIB-OBP3__Bio17,4Z45,NRIB-OBP3,NribOBP3,Nasonovia ribisnigri,Bio17,2-Phenylpropanal,Tier A,*,104729,docking_v1/production_configs/4Z45_NribOBP3/Bio17/seed_104729.txt,docking_v1/production_runs/4Z45_NribOBP3/Bio17/seed_104729/4Z45__Bio17__seed104729_raw.pdbqt,docking_v1/production_logs/4Z45_NribOBP3/Bio17/seed_104729_attempt1.log,docking_v1/production_poses/4Z45_NribOBP3/Bio17/seed_104729,phase5d2_protocol_v1.0,32,20,4,1,21.128;-20.253;1.603,22.254;27.693;26.435,EXPECTED,1,-5.148,docking_v1/production_poses/4Z45_NribOBP3/Bio17/seed_104729/4Z45__Bio17__seed104729__pose1.pdbqt,9588d441da5e66701fc05742f848f1dc841d748f0b473d250bdf60e29a8b7b64,docking_v1/production_runs/4Z45_NribOBP3/Bio17/seed_104729/4Z45__Bio17__seed104729_raw.pdbqt,phase5d3_pH7_meeko0.7.1_v1,phase5d3_etkdgv3_20conf_meeko0.7.1_v1,2026-10-04T09:23:32.086443+00:00,SUCCESS
4Z45__Bio17__seed271828,NRIB-OBP3__Bio17,4Z45,NRIB-OBP3,NribOBP3,Nasonovia ribisnigri,Bio17,2-Phenylpropanal,Tier A,*,271828,docking_v1/production_configs/4Z45_NribOBP3/Bio17/seed_271828.txt,docking_v1/production_runs/4Z45_NribOBP3/Bio17/seed_271828/4Z45__Bio17__seed271828_raw.pdbqt,docking_v1/production_logs/4Z45_NribOBP3/Bio17/seed_271828_attempt1.log,docking_v1/production_poses/4Z45_NribOBP3/Bio17/seed_271828,phase5d2_protocol_v1.0,32,20,4,1,21.128;-20.253;1.603,22.254;27.693;26.435,EXPECTED,1,-5.222,docking_v1/production_poses/4Z45_NribOBP3/Bio17/seed_271828/4Z45__Bio17__seed271828__pose1.pdbqt,ca0a069f72625c07e86f9ae76764975d3f08500fb2ef02e8e97041c30769871d,docking_v1/production_runs/4Z45_NribOBP3/Bio17/seed_271828/4Z45__Bio17__seed271828_raw.pdbqt,phase5d3_pH7_meeko0.7.1_v1,phase5d3_etkdgv3_20conf_meeko0.7.1_v1,2026-10-04T09:23:39.296904+00:00,SUCCESS
4Z45__Bio17__seed314159,NRIB-OBP3__Bio17,4Z45,NRIB-OBP3,NribOBP3,Nasonovia ribisnigri,Bio17,2-Phenylpropanal,Tier A,*,314159,docking_v1/production_configs/4Z45_NribOBP3/Bio17/seed_314159.txt,docking_v1/production_runs/4Z45_NribOBP3/Bio17/seed_314159/4Z45__Bio17__seed314159_raw.pdbqt,docking_v1/production_logs/4Z45_NribOBP3/Bio17/seed_314159_attempt1.log,docking_v1/production_poses/4Z45_NribOBP3/Bio17/seed_314159,phase5d2_protocol_v1.0,32,20,4,1,21.128;-20.253;1.603,22.254;27.693;26.435,EXPECTED,1,-5.22,docking_v1/production_poses/4Z45_NribOBP3/Bio17/seed_314159/4Z45__Bio17__seed314159__pose1.pdbqt,881022f36cd520a17d8c1dbbb3babb168401216d22a3271160f780306d46cc4f,docking_v1/production_runs/4Z45_NribOBP3/Bio17/seed_314159/4Z45__Bio17__seed314159_raw.pdbqt,phase5d3_pH7_meeko0.7.1_v1,phase5d3_etkdgv3_20conf_meeko0.7.1_v1,2026-10-04T09:23:38.688387+00:00,SUCCESS
4Z45__Bio20__seed42,NRIB-OBP3__Bio20,4Z45,NRIB-OBP3,NribOBP3,Nasonovia ribisnigri,Bio20,D-Limonene,Tier A,*,42,docking_v1/production_configs/4Z45_NribOBP3/Bio20/seed_42.txt,docking_v1/production_runs/4Z45_NribOBP3/Bio20/seed_42/4Z45__Bio20__seed42_raw.pdbqt,docking_v1/production_logs/4Z45_NribOBP3/Bio20/seed_42_attempt1.log,docking_v1/production_poses/4Z45_NribOBP3/Bio20/seed_42,phase5d2_protocol_v1.0,32,20,4,1,21.128;-20.253;1.603,22.254;27.693;26.435,EXPECTED,1,-5.239,docking_v1/production_poses/4Z45_NribOBP3/Bio20/seed_42/4Z45__Bio20__seed42__pose1.pdbqt,27e1832dad19f7009152efd64c511a926864b320358430acc3ee786302aabb30,docking_v1/production_runs/4Z45_NribOBP3/Bio20/seed_42/4Z45__Bio20__seed42_raw.pdbqt,phase5d3_pH7_meeko0.7.1_v1,phase5d3_etkdgv3_20conf_meeko0.7.1_v1,2026-10-04T09:23:31.245192+00:00,SUCCESS
4Z45__Bio20__seed2026,NRIB-OBP3__Bio20,4Z45,NRIB-OBP3,NribOBP3,Nasonovia ribisnigri,Bio20,D-Limonene,Tier A,*,2026,docking_v1/production_configs/4Z45_NribOBP3/Bio20/seed_2026.txt,docking_v1/production_runs/4Z45_NribOBP3/Bio20/seed_2026/4Z45__Bio20__seed2026_raw.pdbqt,docking_v1/production_logs/4Z45_NribOBP3/Bio20/seed_2026_attempt1.log,docking_v1/production_poses/4Z45_NribOBP3/Bio20/seed_2026,phase5d2_protocol_v1.0,32,20,4,1,21.128;-20.253;1.603,22.254;27.693;26.435,EXPECTED,1,-5.218,docking_v1/production_poses/4Z45_NribOBP3/Bio20/seed_2026/4Z45__Bio20__seed2026__pose1.pdbqt,c04ae7149e4891dba24e4989d33a42479ca2d72c01f8ff486e175c472314e836,docking_v1/production_runs/4Z45_NribOBP3/Bio20/seed_2026/4Z45__Bio20__seed2026_raw.pdbqt,phase5d3_pH7_meeko0.7.1_v1,phase5d3_etkdgv3_20conf_meeko0.7.1_v1,2026-10-04T09:23:38.765836+00:00,SUCCESS
4Z45__Bio20__seed104729,NRIB-OBP3__Bio20,4Z45,NRIB-OBP3,NribOBP3,Nasonovia ribisnigri,Bio20,D-Limonene,Tier A,*,104729,docking_v1/production_configs/4Z45_NribOBP3/Bio20/seed_104729.txt,docking_v1/production_runs/4Z45_NribOBP3/Bio20/seed_104729/4Z45__Bio20__seed104729_raw.pdbqt,docking_v1/production_logs/4Z45_NribOBP3/Bio20/seed_104729_attempt1.log,docking_v1/production_poses/4Z45_NribOBP3/Bio20/seed_104729,phase5d2_protocol_v1.0,32,20,4,1,21.128;-20.253;1.603,22.254;27.693;26.435,EXPECTED,1,-5.25,docking_v1/production_poses/4Z45_NribOBP3/Bio20/seed_104729/4Z45__Bio20__seed104729__pose1.pdbqt,017f4367e8dcc3103afd6e3f689c5f4824005f777c4d670b8b258f0d7ac34928,docking_v1/production_runs/4Z45_NribOBP3/Bio20/seed_104729/4Z45__Bio20__seed104729_raw.pdbqt,phase5d3_pH7_meeko0.7.1_v1,phase5d3_etkdgv3_20conf_meeko0.7.1_v1,2026-10-04T09:23:57.412238+00:00,SUCCESS
4Z45__Bio20__seed271828,NRIB-OBP3__Bio20,4Z45,NRIB-OBP3,NribOBP3,Nasonovia ribisnigri,Bio20,D-Limonene,Tier A,*,271828,docking_v1/production_configs/4Z45_NribOBP3/Bio20/seed_271828.txt,docking_v1/production_runs/4Z45_NribOBP3/Bio20/seed_271828/4Z45__Bio20__seed271828_raw.pdbqt,docking_v1/production_logs/4Z45_NribOBP3/Bio20/seed_271828_attempt1.log,docking_v1/production_poses/4Z45_NribOBP3/Bio20/seed_271828,phase5d2_protocol_v1.0,32,20,4,1,21.128;-20.253;1.603,22.254;27.693;26.435,EXPECTED,1,-5.221,docking_v1/production_poses/4Z45_NribOBP3/Bio20/seed_271828/4Z45__Bio20__seed271828__pose1.pdbqt,356c6bbbb10e4d29f0206f15e33bedd636d7cddead9484d6da69a498a953c4e9,docking_v1/production_runs/4Z45_NribOBP3/Bio20/seed_271828/4Z45__Bio20__seed271828_raw.pdbqt,phase5d3_pH7_meeko0.7.1_v1,phase5d3_etkdgv3_20conf_meeko0.7.1_v1,2026-10-04T09:24:03.096129+00:00,SUCCESS
4Z45__Bio20__seed314159,NRIB-OBP3__Bio20,4Z45,NRIB-OBP3,NribOBP3,Nasonovia ribisnigri,Bio20,D-Limonene,Tier A,*,314159,docking_v1/production_configs/4Z45_NribOBP3/Bio20/seed_314159.txt,docking_v1/production_runs/4Z45_NribOBP3/Bio20/seed_314159/4Z45__Bio20__seed314159_raw.pdbqt,docking_v1/production_logs/4Z45_NribOBP3/Bio20/seed_314159_attempt1.log,docking_v1/production_poses/4Z45_NribOBP3/Bio20/seed_314159,phase5d2_protocol_v1.0,32,20,4,1,21.128;-20.253;1.603,22.254;27.693;26.435,EXPECTED,1,-5.218,docking_v1/production_poses/4Z45_NribOBP3/Bio20/seed_314159/4Z45__Bio20__seed314159__pose1.pdbqt,89fa36f2169fec708d0eaeacc294607ef535758f8ed18bb39d3aa7cb8b55b528,docking_v1/production_runs/4Z45_NribOBP3/Bio20/seed_314159/4Z45__Bio20__seed314159_raw.pdbqt,phase5d3_pH7_meeko0.7.1_v1,phase5d3_etkdgv3_20conf_meeko0.7.1_v1,2026-10-04T09:24:03.008138+00:00,SUCCESS
4Z45__Bio21__seed42,NRIB-OBP3__Bio21,4Z45,NRIB-OBP3,NribOBP3,Nasonovia ribisnigri,Bio21,"Eucalyptol (1,8-cineole)",Tier A,*,42,docking_v1/production_configs/4Z45_NribOBP3/Bio21/seed_42.txt,docking_v1/production_runs/4Z45_NribOBP3/Bio21/seed_42/4Z45__Bio21__seed42_raw.pdbqt,docking_v1/production_logs/4Z45_NribOBP3/Bio21/seed_42_attempt1.log,docking_v1/production_poses/4Z45_NribOBP3/Bio21/seed_42,phase5d2_protocol_v1.0,32,20,4,1,21.128;-20.253;1.603,22.254;27.693;26.435,EXPECTED,1,-5.375,docking_v1/production_poses/4Z45_NribOBP3/Bio21/seed_42/4Z45__Bio21__seed42__pose1.pdbqt,c0120080aedc885155457a65e2f00f6c7ae19251bad3517eb9f41b8a0a21e4b0,docking_v1/production_runs/4Z45_NribOBP3/Bio21/seed_42/4Z45__Bio21__seed42_raw.pdbqt,phase5d3_pH7_meeko0.7.1_v1,phase5d3_etkdgv3_20conf_meeko0.7.1_v1,2026-10-04T09:23:53.819868+00:00,SUCCESS
4Z45__Bio21__seed2026,NRIB-OBP3__Bio21,4Z45,NRIB-OBP3,NribOBP3,Nasonovia ribisnigri,Bio21,"Eucalyptol (1,8-cineole)",Tier A,*,2026,docking_v1/production_configs/4Z45_NribOBP3/Bio21/seed_2026.txt,docking_v1/production_runs/4Z45_NribOBP3/Bio21/seed_2026/4Z45__Bio21__seed2026_raw.pdbqt,docking_v1/production_logs/4Z45_NribOBP3/Bio21/seed_2026_attempt1.log,docking_v1/production_poses/4Z45_NribOBP3/Bio21/seed_2026,phase5d2_protocol_v1.0,32,20,4,1,21.128;-20.253;1.603,22.254;27.693;26.435,EXPECTED,1,-5.361,docking_v1/production_poses/4Z45_NribOBP3/Bio21/seed_2026/4Z45__Bio21__seed2026__pose1.pdbqt,282b241d6a50d2054e92a14c27dcf255d19643760bf6145e0d5f3c85173b9a35,docking_v1/production_runs/4Z45_NribOBP3/Bio21/seed_2026/4Z45__Bio21__seed2026_raw.pdbqt,phase5d3_pH7_meeko0.7.1_v1,phase5d3_etkdgv3_20conf_meeko0.7.1_v1,2026-10-04T09:23:53.798879+00:00,SUCCESS
4Z45__Bio21__seed104729,NRIB-OBP3__Bio21,4Z45,NRIB-OBP3,NribOBP3,Nasonovia ribisnigri,Bio21,"Eucalyptol (1,8-cineole)",Tier A,*,104729,docking_v1/production_configs/4Z45_NribOBP3/Bio21/seed_104729.txt,docking_v1/production_runs/4Z45_NribOBP3/Bio21/seed_104729/4Z45__Bio21__seed104729_raw.pdbqt,docking_v1/production_logs/4Z45_NribOBP3/Bio21/seed_104729_attempt1.log,docking_v1/production_poses/4Z45_NribOBP3/Bio21/seed_104729,phase5d2_protocol_v1.0,32,20,4,1,21.128;-20.253;1.603,22.254;27.693;26.435,EXPECTED,1,-5.361,docking_v1/production_poses/4Z45_NribOBP3/Bio21/seed_104729/4Z45__Bio21__seed104729__pose1.pdbqt,722ca62d4530136dd43c71e1cfb75cb0b75350f309dac92b5fa0e0aeb70e4377,docking_v1/production_runs/4Z45_NribOBP3/Bio21/seed_104729/4Z45__Bio21__seed104729_raw.pdbqt,phase5d3_pH7_meeko0.7.1_v1,phase5d3_etkdgv3_20conf_meeko0.7.1_v1,2026-10-04T09:24:04.935119+00:00,SUCCESS
4Z45__Bio21__seed271828,NRIB-OBP3__Bio21,4Z45,NRIB-OBP3,NribOBP3,Nasonovia ribisnigri,Bio21,"Eucalyptol (1,8-cineole)",Tier A,*,271828,docking_v1/production_configs/4Z45_NribOBP3/Bio21/seed_271828.txt,docking_v1/production_runs/4Z45_NribOBP3/Bio21/seed_271828/4Z45__Bio21__seed271828_raw.pdbqt,docking_v1/production_logs/4Z45_NribOBP3/Bio21/seed_271828_attempt1.log,docking_v1/production_poses/4Z45_NribOBP3/Bio21/seed_271828,phase5d2_protocol_v1.0,32,20,4,1,21.128;-20.253;1.603,22.254;27.693;26.435,EXPECTED,1,-5.365,docking_v1/production_poses/4Z45_NribOBP3/Bio21/seed_271828/4Z45__Bio21__seed271828__pose1.pdbqt,84f66b3ab2986b72aebacec666c8571b6d6f6399c420f2e0abbd0c1b7e395889,docking_v1/production_runs/4Z45_NribOBP3/Bio21/seed_271828/4Z45__Bio21__seed271828_raw.pdbqt,phase5d3_pH7_meeko0.7.1_v1,phase5d3_etkdgv3_20conf_meeko0.7.1_v1,2026-10-04T09:24:04.778873+00:00,SUCCESS
4Z45__Bio21__seed314159,NRIB-OBP3__Bio21,4Z45,NRIB-OBP3,NribOBP3,Nasonovia ribisnigri,Bio21,"Eucalyptol (1,8-cineole)",Tier A,*,314159,docking_v1/production_configs/4Z45_NribOBP3/Bio21/seed_314159.txt,docking_v1/production_runs/4Z45_NribOBP3/Bio21/seed_314159/4Z45__Bio21__seed314159_raw.pdbqt,docking_v1/production_logs/4Z45_NribOBP3/Bio21/seed_314159_attempt1.log,docking_v1/production_poses/4Z45_NribOBP3/Bio21/seed_314159,phase5d2_protocol_v1.0,32,20,4,1,21.128;-20.253;1.603,22.254;27.693;26.435,EXPECTED,1,-5.368,docking_v1/production_poses/4Z45_NribOBP3/Bio21/seed_314159/4Z45__Bio21__seed314159__pose1.pdbqt,25b068f4120a8c28e7973ec368202fecd9bbfc740422d680b2a959cc44ffbdf9,docking_v1/production_runs/4Z45_NribOBP3/Bio21/seed_314159/4Z45__Bio21__seed314159_raw.pdbqt,phase5d3_pH7_meeko0.7.1_v1,phase5d3_etkdgv3_20conf_meeko0.7.1_v1,2026-10-04T09:24:04.566912+00:00,SUCCESS
4Z45__Bio22__seed42,NRIB-OBP3__Bio22,4Z45,NRIB-OBP3,NribOBP3,Nasonovia ribisnigri,Bio22,P-Cymene,Tier B,?,42,docking_v1/production_configs/4Z45_NribOBP3/Bio22/seed_42.txt,docking_v1/production_runs/4Z45_NribOBP3/Bio22/seed_42/4Z45__Bio22__seed42_raw.pdbqt,docking_v1/production_logs/4Z45_NribOBP3/Bio22/seed_42_attempt1.log,docking_v1/production_poses/4Z45_NribOBP3/Bio22/seed_42,phase5d2_protocol_v1.0,32,20,4,1,21.128;-20.253;1.603,22.254;27.693;26.435,EXPECTED,1,-5.404,docking_v1/production_poses/4Z45_NribOBP3/Bio22/seed_42/4Z45__Bio22__seed42__pose1.pdbqt,ce9ab3e5c7ee697f83690357a1cf86b91726696e0b52abe6339ebc61507a2bba,docking_v1/production_runs/4Z45_NribOBP3/Bio22/seed_42/4Z45__Bio22__seed42_raw.pdbqt,phase5d3_pH7_meeko0.7.1_v1,phase5d3_etkdgv3_20conf_meeko0.7.1_v1,2026-10-04T09:31:59.895238+00:00,SUCCESS
4Z45__Bio22__seed2026,NRIB-OBP3__Bio22,4Z45,NRIB-OBP3,NribOBP3,Nasonovia ribisnigri,Bio22,P-Cymene,Tier B,?,2026,docking_v1/production_configs/4Z45_NribOBP3/Bio22/seed_2026.txt,docking_v1/production_runs/4Z45_NribOBP3/Bio22/seed_2026/4Z45__Bio22__seed2026_raw.pdbqt,docking_v1/production_logs/4Z45_NribOBP3/Bio22/seed_2026_attempt1.log,docking_v1/production_poses/4Z45_NribOBP3/Bio22/seed_2026,phase5d2_protocol_v1.0,32,20,4,1,21.128;-20.253;1.603,22.254;27.693;26.435,EXPECTED,1,-5.404,docking_v1/production_poses/4Z45_NribOBP3/Bio22/seed_2026/4Z45__Bio22__seed2026__pose1.pdbqt,78ecd629f544087724fa6e246589d031c0f665ac9777ef736ef07a634c3d588b,docking_v1/production_runs/4Z45_NribOBP3/Bio22/seed_2026/4Z45__Bio22__seed2026_raw.pdbqt,phase5d3_pH7_meeko0.7.1_v1,phase5d3_etkdgv3_20conf_meeko0.7.1_v1,2026-10-04T09:31:58.959086+00:00,SUCCESS
4Z45__Bio22__seed104729,NRIB-OBP3__Bio22,4Z45,NRIB-OBP3,NribOBP3,Nasonovia ribisnigri,Bio22,P-Cymene,Tier B,?,104729,docking_v1/production_configs/4Z45_NribOBP3/Bio22/seed_104729.txt,docking_v1/production_runs/4Z45_NribOBP3/Bio22/seed_104729/4Z45__Bio22__seed104729_raw.pdbqt,docking_v1/production_logs/4Z45_NribOBP3/Bio22/seed_104729_attempt1.log,docking_v1/production_poses/4Z45_NribOBP3/Bio22/seed_104729,phase5d2_protocol_v1.0,32,20,4,1,21.128;-20.253;1.603,22.254;27.693;26.435,EXPECTED,1,-5.389,docking_v1/production_poses/4Z45_NribOBP3/Bio22/seed_104729/4Z45__Bio22__seed104729__pose1.pdbqt,3be9c97aa0ab1341d7a0fcb886544c7926f778ad5dde54822abda029ef4886a5,docking_v1/production_runs/4Z45_NribOBP3/Bio22/seed_104729/4Z45__Bio22__seed104729_raw.pdbqt,phase5d3_pH7_meeko0.7.1_v1,phase5d3_etkdgv3_20conf_meeko0.7.1_v1,2026-10-04T09:32:03.077072+00:00,SUCCESS
4Z45__Bio22__seed271828,NRIB-OBP3__Bio22,4Z45,NRIB-OBP3,NribOBP3,Nasonovia ribisnigri,Bio22,P-Cymene,Tier B,?,271828,docking_v1/production_configs/4Z45_NribOBP3/Bio22/seed_271828.txt,docking_v1/production_runs/4Z45_NribOBP3/Bio22/seed_271828/4Z45__Bio22__seed271828_raw.pdbqt,docking_v1/production_logs/4Z45_NribOBP3/Bio22/seed_271828_attempt1.log,docking_v1/production_poses/4Z45_NribOBP3/Bio22/seed_271828,phase5d2_protocol_v1.0,32,20,4,1,21.128;-20.253;1.603,22.254;27.693;26.435,EXPECTED,1,-5.418,docking_v1/production_poses/4Z45_NribOBP3/Bio22/seed_271828/4Z45__Bio22__seed271828__pose1.pdbqt,72f858a4ae8156a1d9a3d14a7675a466bc8bedaa86fc9c28612dbc3ebf3b550f,docking_v1/production_runs/4Z45_NribOBP3/Bio22/seed_271828/4Z45__Bio22__seed271828_raw.pdbqt,phase5d3_pH7_meeko0.7.1_v1,phase5d3_etkdgv3_20conf_meeko0.7.1_v1,2026-10-04T09:32:03.149607+00:00,SUCCESS
4Z45__Bio22__seed314159,NRIB-OBP3__Bio22,4Z45,NRIB-OBP3,NribOBP3,Nasonovia ribisnigri,Bio22,P-Cymene,Tier B,?,314159,docking_v1/production_configs/4Z45_NribOBP3/Bio22/seed_314159.txt,docking_v1/production_runs/4Z45_NribOBP3/Bio22/seed_314159/4Z45__Bio22__seed314159_raw.pdbqt,docking_v1/production_logs/4Z45_NribOBP3/Bio22/seed_314159_attempt1.log,docking_v1/production_poses/4Z45_NribOBP3/Bio22/seed_314159,phase5d2_protocol_v1.0,32,20,4,1,21.128;-20.253;1.603,22.254;27.693;26.435,EXPECTED,1,-5.416,docking_v1/production_poses/4Z45_NribOBP3/Bio22/seed_314159/4Z45__Bio22__seed314159__pose1.pdbqt,d36ba52a64721ebbbb4ce0b81c58919a38db379780e00cda7230da20ef3db091,docking_v1/production_runs/4Z45_NribOBP3/Bio22/seed_314159/4Z45__Bio22__seed314159_raw.pdbqt,phase5d3_pH7_meeko0.7.1_v1,phase5d3_etkdgv3_20conf_meeko0.7.1_v1,2026-10-04T09:32:05.648611+00:00,SUCCESS
4Z45__Bio31__seed42,NRIB-OBP3__Bio31,4Z45,NRIB-OBP3,NribOBP3,Nasonovia ribisnigri,Bio31,Nonanal,Tier A,*,42,docking_v1/production_configs/4Z45_NribOBP3/Bio31/seed_42.txt,docking_v1/production_runs/4Z45_NribOBP3/Bio31/seed_42/4Z45__Bio31__seed42_raw.pdbqt,docking_v1/production_logs/4Z45_NribOBP3/Bio31/seed_42_attempt1.log,docking_v1/production_poses/4Z45_NribOBP3/Bio31/seed_42,phase5d2_protocol_v1.0,32,20,4,1,21.128;-20.253;1.603,22.254;27.693;26.435,EXPECTED,1,-4.093,docking_v1/production_poses/4Z45_NribOBP3/Bio31/seed_42/4Z45__Bio31__seed42__pose1.pdbqt,115b7657db529218632ced308ac55925fe4376cce0fae88f2dcb31bc23881719,docking_v1/production_runs/4Z45_NribOBP3/Bio31/seed_42/4Z45__Bio31__seed42_raw.pdbqt,phase5d3_pH7_meeko0.7.1_v1,phase5d3_etkdgv3_20conf_meeko0.7.1_v1,2026-10-04T09:25:22.470064+00:00,SUCCESS
4Z45__Bio31__seed2026,NRIB-OBP3__Bio31,4Z45,NRIB-OBP3,NribOBP3,Nasonovia ribisnigri,Bio31,Nonanal,Tier A,*,2026,docking_v1/production_configs/4Z45_NribOBP3/Bio31/seed_2026.txt,docking_v1/production_runs/4Z45_NribOBP3/Bio31/seed_2026/4Z45__Bio31__seed2026_raw.pdbqt,docking_v1/production_logs/4Z45_NribOBP3/Bio31/seed_2026_attempt1.log,docking_v1/production_poses/4Z45_NribOBP3/Bio31/seed_2026,phase5d2_protocol_v1.0,32,20,4,1,21.128;-20.253;1.603,22.254;27.693;26.435,EXPECTED,1,-4.226,docking_v1/production_poses/4Z45_NribOBP3/Bio31/seed_2026/4Z45__Bio31__seed2026__pose1.pdbqt,7f1fa0157589ab5c97369009a875236e3427837bf769956ccc057ed20f82fe5a,docking_v1/production_runs/4Z45_NribOBP3/Bio31/seed_2026/4Z45__Bio31__seed2026_raw.pdbqt,phase5d3_pH7_meeko0.7.1_v1,phase5d3_etkdgv3_20conf_meeko0.7.1_v1,2026-10-04T09:25:21.593252+00:00,SUCCESS
4Z45__Bio31__seed104729,NRIB-OBP3__Bio31,4Z45,NRIB-OBP3,NribOBP3,Nasonovia ribisnigri,Bio31,Nonanal,Tier A,*,104729,docking_v1/production_configs/4Z45_NribOBP3/Bio31/seed_104729.txt,docking_v1/production_runs/4Z45_NribOBP3/Bio31/seed_104729/4Z45__Bio31__seed104729_raw.pdbqt,docking_v1/production_logs/4Z45_NribOBP3/Bio31/seed_104729_attempt1.log,docking_v1/production_poses/4Z45_NribOBP3/Bio31/seed_104729,phase5d2_protocol_v1.0,32,20,4,1,21.128;-20.253;1.603,22.254;27.693;26.435,EXPECTED,1,-4.273,docking_v1/production_poses/4Z45_NribOBP3/Bio31/seed_104729/4Z45__Bio31__seed104729__pose1.pdbqt,e07bd7fbe579270bf6554b202851fff7ef8fe9fcebd0664a86c8b106be2bbf88,docking_v1/production_runs/4Z45_NribOBP3/Bio31/seed_104729/4Z45__Bio31__seed104729_raw.pdbqt,phase5d3_pH7_meeko0.7.1_v1,phase5d3_etkdgv3_20conf_meeko0.7.1_v1,2026-10-04T09:25:22.120239+00:00,SUCCESS
4Z45__Bio31__seed271828,NRIB-OBP3__Bio31,4Z45,NRIB-OBP3,NribOBP3,Nasonovia ribisnigri,Bio31,Nonanal,Tier A,*,271828,docking_v1/production_configs/4Z45_NribOBP3/Bio31/seed_271828.txt,docking_v1/production_runs/4Z45_NribOBP3/Bio31/seed_271828/4Z45__Bio31__seed271828_raw.pdbqt,docking_v1/production_logs/4Z45_NribOBP3/Bio31/seed_271828_attempt1.log,docking_v1/production_poses/4Z45_NribOBP3/Bio31/seed_271828,phase5d2_protocol_v1.0,32,20,4,1,21.128;-20.253;1.603,22.254;27.693;26.435,EXPECTED,1,-4.343,docking_v1/production_poses/4Z45_NribOBP3/Bio31/seed_271828/4Z45__Bio31__seed271828__pose1.pdbqt,0799437b67cafba7cc37bf8a97ac2feb7b3d2f36351bdd609a5f03f4aa2992b4,docking_v1/production_runs/4Z45_NribOBP3/Bio31/seed_271828/4Z45__Bio31__seed271828_raw.pdbqt,phase5d3_pH7_meeko0.7.1_v1,phase5d3_etkdgv3_20conf_meeko0.7.1_v1,2026-10-04T09:25:28.916909+00:00,SUCCESS
4Z45__Bio31__seed314159,NRIB-OBP3__Bio31,4Z45,NRIB-OBP3,NribOBP3,Nasonovia ribisnigri,Bio31,Nonanal,Tier A,*,314159,docking_v1/production_configs/4Z45_NribOBP3/Bio31/seed_314159.txt,docking_v1/production_runs/4Z45_NribOBP3/Bio31/seed_314159/4Z45__Bio31__seed314159_raw.pdbqt,docking_v1/production_logs/4Z45_NribOBP3/Bio31/seed_314159_attempt1.log,docking_v1/production_poses/4Z45_NribOBP3/Bio31/seed_314159,phase5d2_protocol_v1.0,32,20,4,1,21.128;-20.253;1.603,22.254;27.693;26.435,EXPECTED,1,-4.045,docking_v1/production_poses/4Z45_NribOBP3/Bio31/seed_314159/4Z45__Bio31__seed314159__pose1.pdbqt,208ae369951d0d426a57602c999d86669c6eeef599b2cd6102ba8e5599f2f1af,docking_v1/production_runs/4Z45_NribOBP3/Bio31/seed_314159/4Z45__Bio31__seed314159_raw.pdbqt,phase5d3_pH7_meeko0.7.1_v1,phase5d3_etkdgv3_20conf_meeko0.7.1_v1,2026-10-04T09:25:28.798785+00:00,SUCCESS
4Z45__Bio36__seed42,NRIB-OBP3__Bio36,4Z45,NRIB-OBP3,NribOBP3,Nasonovia ribisnigri,Bio36,L-menthone,Tier B,?,42,docking_v1/production_configs/4Z45_NribOBP3/Bio36/seed_42.txt,docking_v1/production_runs/4Z45_NribOBP3/Bio36/seed_42/4Z45__Bio36__seed42_raw.pdbqt,docking_v1/production_logs/4Z45_NribOBP3/Bio36/seed_42_attempt1.log,docking_v1/production_poses/4Z45_NribOBP3/Bio36/seed_42,phase5d2_protocol_v1.0,32,20,4,1,21.128;-20.253;1.603,22.254;27.693;26.435,EXPECTED,1,-5.333,docking_v1/production_poses/4Z45_NribOBP3/Bio36/seed_42/4Z45__Bio36__seed42__pose1.pdbqt,eab28ea1f6bb6701e2eaec2d27757b2155ecc29e0f7da9ad284c4b03c1f1cc57,docking_v1/production_runs/4Z45_NribOBP3/Bio36/seed_42/4Z45__Bio36__seed42_raw.pdbqt,phase5d3_pH7_meeko0.7.1_v1,phase5d3_etkdgv3_20conf_meeko0.7.1_v1,2026-10-04T09:32:28.782768+00:00,SUCCESS
4Z45__Bio36__seed2026,NRIB-OBP3__Bio36,4Z45,NRIB-OBP3,NribOBP3,Nasonovia ribisnigri,Bio36,L-menthone,Tier B,?,2026,docking_v1/production_configs/4Z45_NribOBP3/Bio36/seed_2026.txt,docking_v1/production_runs/4Z45_NribOBP3/Bio36/seed_2026/4Z45__Bio36__seed2026_raw.pdbqt,docking_v1/production_logs/4Z45_NribOBP3/Bio36/seed_2026_attempt1.log,docking_v1/production_poses/4Z45_NribOBP3/Bio36/seed_2026,phase5d2_protocol_v1.0,32,20,4,1,21.128;-20.253;1.603,22.254;27.693;26.435,EXPECTED,1,-5.34,docking_v1/production_poses/4Z45_NribOBP3/Bio36/seed_2026/4Z45__Bio36__seed2026__pose1.pdbqt,662eee3c60103554a0942690a456a7a43b34425f5c45616431756f2ac4a859e6,docking_v1/production_runs/4Z45_NribOBP3/Bio36/seed_2026/4Z45__Bio36__seed2026_raw.pdbqt,phase5d3_pH7_meeko0.7.1_v1,phase5d3_etkdgv3_20conf_meeko0.7.1_v1,2026-10-04T09:32:29.819330+00:00,SUCCESS
4Z45__Bio36__seed104729,NRIB-OBP3__Bio36,4Z45,NRIB-OBP3,NribOBP3,Nasonovia ribisnigri,Bio36,L-menthone,Tier B,?,104729,docking_v1/production_configs/4Z45_NribOBP3/Bio36/seed_104729.txt,docking_v1/production_runs/4Z45_NribOBP3/Bio36/seed_104729/4Z45__Bio36__seed104729_raw.pdbqt,docking_v1/production_logs/4Z45_NribOBP3/Bio36/seed_104729_attempt1.log,docking_v1/production_poses/4Z45_NribOBP3/Bio36/seed_104729,phase5d2_protocol_v1.0,32,20,4,1,21.128;-20.253;1.603,22.254;27.693;26.435,EXPECTED,1,-5.367,docking_v1/production_poses/4Z45_NribOBP3/Bio36/seed_104729/4Z45__Bio36__seed104729__pose1.pdbqt,bb261895d9adb2562d7150f5d464aa2347f9c9a1535f2b384b7f214b7344b284,docking_v1/production_runs/4Z45_NribOBP3/Bio36/seed_104729/4Z45__Bio36__seed104729_raw.pdbqt,phase5d3_pH7_meeko0.7.1_v1,phase5d3_etkdgv3_20conf_meeko0.7.1_v1,2026-10-04T09:32:31.743307+00:00,SUCCESS
4Z45__Bio36__seed271828,NRIB-OBP3__Bio36,4Z45,NRIB-OBP3,NribOBP3,Nasonovia ribisnigri,Bio36,L-menthone,Tier B,?,271828,docking_v1/production_configs/4Z45_NribOBP3/Bio36/seed_271828.txt,docking_v1/production_runs/4Z45_NribOBP3/Bio36/seed_271828/4Z45__Bio36__seed271828_raw.pdbqt,docking_v1/production_logs/4Z45_NribOBP3/Bio36/seed_271828_attempt1.log,docking_v1/production_poses/4Z45_NribOBP3/Bio36/seed_271828,phase5d2_protocol_v1.0,32,20,4,1,21.128;-20.253;1.603,22.254;27.693;26.435,EXPECTED,1,-5.358,docking_v1/production_poses/4Z45_NribOBP3/Bio36/seed_271828/4Z45__Bio36__seed271828__pose1.pdbqt,0057ccf8251d1662e9a2d0b50b91398cab7c0d8b5e1bb29983bb541254550998,docking_v1/production_runs/4Z45_NribOBP3/Bio36/seed_271828/4Z45__Bio36__seed271828_raw.pdbqt,phase5d3_pH7_meeko0.7.1_v1,phase5d3_etkdgv3_20conf_meeko0.7.1_v1,2026-10-04T09:32:32.635179+00:00,SUCCESS
4Z45__Bio36__seed314159,NRIB-OBP3__Bio36,4Z45,NRIB-OBP3,NribOBP3,Nasonovia ribisnigri,Bio36,L-menthone,Tier B,?,314159,docking_v1/production_configs/4Z45_NribOBP3/Bio36/seed_314159.txt,docking_v1/production_runs/4Z45_NribOBP3/Bio36/seed_314159/4Z45__Bio36__seed314159_raw.pdbqt,docking_v1/production_logs/4Z45_NribOBP3/Bio36/seed_314159_attempt1.log,docking_v1/production_poses/4Z45_NribOBP3/Bio36/seed_314159,phase5d2_protocol_v1.0,32,20,4,1,21.128;-20.253;1.603,22.254;27.693;26.435,EXPECTED,1,-5.34,docking_v1/production_poses/4Z45_NribOBP3/Bio36/seed_314159/4Z45__Bio36__seed314159__pose1.pdbqt,d14c8ab780c2fa73186964ac40409cbdca6e292c69ab544a407b9638462c77eb,docking_v1/production_runs/4Z45_NribOBP3/Bio36/seed_314159/4Z45__Bio36__seed314159_raw.pdbqt,phase5d3_pH7_meeko0.7.1_v1,phase5d3_etkdgv3_20conf_meeko0.7.1_v1,2026-10-04T09:32:35.026358+00:00,SUCCESS
4Z45__Bio38__seed42,NRIB-OBP3__Bio38,4Z45,NRIB-OBP3,NribOBP3,Nasonovia ribisnigri,Bio38,Azulene,Tier A,*,42,docking_v1/production_configs/4Z45_NribOBP3/Bio38/seed_42.txt,docking_v1/production_runs/4Z45_NribOBP3/Bio38/seed_42/4Z45__Bio38__seed42_raw.pdbqt,docking_v1/production_logs/4Z45_NribOBP3/Bio38/seed_42_attempt1.log,docking_v1/production_poses/4Z45_NribOBP3/Bio38/seed_42,phase5d2_protocol_v1.0,32,20,4,1,21.128;-20.253;1.603,22.254;27.693;26.435,EXPECTED,1,-4.417,docking_v1/production_poses/4Z45_NribOBP3/Bio38/seed_42/4Z45__Bio38__seed42__pose1.pdbqt,ce3b6e066340e6ac7a118279324b579bdd6bed6d8b85bdffc965537c094ce106,docking_v1/production_runs/4Z45_NribOBP3/Bio38/seed_42/4Z45__Bio38__seed42_raw.pdbqt,phase5d3_pH7_meeko0.7.1_v1,phase5d3_etkdgv3_20conf_meeko0.7.1_v1,2026-10-04T09:24:56.326888+00:00,SUCCESS
4Z45__Bio38__seed2026,NRIB-OBP3__Bio38,4Z45,NRIB-OBP3,NribOBP3,Nasonovia ribisnigri,Bio38,Azulene,Tier A,*,2026,docking_v1/production_configs/4Z45_NribOBP3/Bio38/seed_2026.txt,docking_v1/production_runs/4Z45_NribOBP3/Bio38/seed_2026/4Z45__Bio38__seed2026_raw.pdbqt,docking_v1/production_logs/4Z45_NribOBP3/Bio38/seed_2026_attempt1.log,docking_v1/production_poses/4Z45_NribOBP3/Bio38/seed_2026,phase5d2_protocol_v1.0,32,20,4,1,21.128;-20.253;1.603,22.254;27.693;26.435,EXPECTED,1,-4.448,docking_v1/production_poses/4Z45_NribOBP3/Bio38/seed_2026/4Z45__Bio38__seed2026__pose1.pdbqt,654c8e4f1e1c989432008f73437b0afb135a70782ec9af865334e275ef79b86d,docking_v1/production_runs/4Z45_NribOBP3/Bio38/seed_2026/4Z45__Bio38__seed2026_raw.pdbqt,phase5d3_pH7_meeko0.7.1_v1,phase5d3_etkdgv3_20conf_meeko0.7.1_v1,2026-10-04T09:24:56.825302+00:00,SUCCESS
4Z45__Bio38__seed104729,NRIB-OBP3__Bio38,4Z45,NRIB-OBP3,NribOBP3,Nasonovia ribisnigri,Bio38,Azulene,Tier A,*,104729,docking_v1/production_configs/4Z45_NribOBP3/Bio38/seed_104729.txt,docking_v1/production_runs/4Z45_NribOBP3/Bio38/seed_104729/4Z45__Bio38__seed104729_raw.pdbqt,docking_v1/production_logs/4Z45_NribOBP3/Bio38/seed_104729_attempt1.log,docking_v1/production_poses/4Z45_NribOBP3/Bio38/seed_104729,phase5d2_protocol_v1.0,32,20,4,1,21.128;-20.253;1.603,22.254;27.693;26.435,EXPECTED,1,-4.448,docking_v1/production_poses/4Z45_NribOBP3/Bio38/seed_104729/4Z45__Bio38__seed104729__pose1.pdbqt,bdeab9d5195ea088261d49f919200cc775802afebb10a4bac47bef7c24ea4d86,docking_v1/production_runs/4Z45_NribOBP3/Bio38/seed_104729/4Z45__Bio38__seed104729_raw.pdbqt,phase5d3_pH7_meeko0.7.1_v1,phase5d3_etkdgv3_20conf_meeko0.7.1_v1,2026-10-04T09:24:56.326888+00:00,SUCCESS
4Z45__Bio38__seed271828,NRIB-OBP3__Bio38,4Z45,NRIB-OBP3,NribOBP3,Nasonovia ribisnigri,Bio38,Azulene,Tier A,*,271828,docking_v1/production_configs/4Z45_NribOBP3/Bio38/seed_271828.txt,docking_v1/production_runs/4Z45_NribOBP3/Bio38/seed_271828/4Z45__Bio38__seed271828_raw.pdbqt,docking_v1/production_logs/4Z45_NribOBP3/Bio38/seed_271828_attempt1.log,docking_v1/production_poses/4Z45_NribOBP3/Bio38/seed_271828,phase5d2_protocol_v1.0,32,20,4,1,21.128;-20.253;1.603,22.254;27.693;26.435,EXPECTED,1,-4.387,docking_v1/production_poses/4Z45_NribOBP3/Bio38/seed_271828/4Z45__Bio38__seed271828__pose1.pdbqt,58a78511a19007e5a96b02823947b31c8a1a107c4215cabd92b97a8bdfbb092e,docking_v1/production_runs/4Z45_NribOBP3/Bio38/seed_271828/4Z45__Bio38__seed271828_raw.pdbqt,phase5d3_pH7_meeko0.7.1_v1,phase5d3_etkdgv3_20conf_meeko0.7.1_v1,2026-10-04T09:25:47.097596+00:00,SUCCESS
4Z45__Bio38__seed314159,NRIB-OBP3__Bio38,4Z45,NRIB-OBP3,NribOBP3,Nasonovia ribisnigri,Bio38,Azulene,Tier A,*,314159,docking_v1/production_configs/4Z45_NribOBP3/Bio38/seed_314159.txt,docking_v1/production_runs/4Z45_NribOBP3/Bio38/seed_314159/4Z45__Bio38__seed314159_raw.pdbqt,docking_v1/production_logs/4Z45_NribOBP3/Bio38/seed_314159_attempt1.log,docking_v1/production_poses/4Z45_NribOBP3/Bio38/seed_314159,phase5d2_protocol_v1.0,32,20,4,1,21.128;-20.253;1.603,22.254;27.693;26.435,EXPECTED,1,-4.429,docking_v1/production_poses/4Z45_NribOBP3/Bio38/seed_314159/4Z45__Bio38__seed314159__pose1.pdbqt,81b56e2aab7747ac16cdb0fd1694e8d04ff8238474088742e9933543fdccc10b,docking_v1/production_runs/4Z45_NribOBP3/Bio38/seed_314159/4Z45__Bio38__seed314159_raw.pdbqt,phase5d3_pH7_meeko0.7.1_v1,phase5d3_etkdgv3_20conf_meeko0.7.1_v1,2026-10-04T09:25:46.499524+00:00,SUCCESS
4Z45__Bio39__seed42,NRIB-OBP3__Bio39,4Z45,NRIB-OBP3,NribOBP3,Nasonovia ribisnigri,Bio39,Methyl salicylate,Tier A,*,42,docking_v1/production_configs/4Z45_NribOBP3/Bio39/seed_42.txt,docking_v1/production_runs/4Z45_NribOBP3/Bio39/seed_42/4Z45__Bio39__seed42_raw.pdbqt,docking_v1/production_logs/4Z45_NribOBP3/Bio39/seed_42_attempt1.log,docking_v1/production_poses/4Z45_NribOBP3/Bio39/seed_42,phase5d2_protocol_v1.0,32,20,4,1,21.128;-20.253;1.603,22.254;27.693;26.435,EXPECTED,1,-5.243,docking_v1/production_poses/4Z45_NribOBP3/Bio39/seed_42/4Z45__Bio39__seed42__pose1.pdbqt,008cfa6802b384930ef28dd0793b80824165145229f9088b5833ae0dce799667,docking_v1/production_runs/4Z45_NribOBP3/Bio39/seed_42/4Z45__Bio39__seed42_raw.pdbqt,phase5d3_pH7_meeko0.7.1_v1,phase5d3_etkdgv3_20conf_meeko0.7.1_v1,2026-10-04T09:25:42.043321+00:00,SUCCESS
4Z45__Bio39__seed2026,NRIB-OBP3__Bio39,4Z45,NRIB-OBP3,NribOBP3,Nasonovia ribisnigri,Bio39,Methyl salicylate,Tier A,*,2026,docking_v1/production_configs/4Z45_NribOBP3/Bio39/seed_2026.txt,docking_v1/production_runs/4Z45_NribOBP3/Bio39/seed_2026/4Z45__Bio39__seed2026_raw.pdbqt,docking_v1/production_logs/4Z45_NribOBP3/Bio39/seed_2026_attempt1.log,docking_v1/production_poses/4Z45_NribOBP3/Bio39/seed_2026,phase5d2_protocol_v1.0,32,20,4,1,21.128;-20.253;1.603,22.254;27.693;26.435,EXPECTED,1,-5.24,docking_v1/production_poses/4Z45_NribOBP3/Bio39/seed_2026/4Z45__Bio39__seed2026__pose1.pdbqt,4e8e281879373e329dcd6d51f7e03198140c652eafa9e5e26cc59ed686bcf4d2,docking_v1/production_runs/4Z45_NribOBP3/Bio39/seed_2026/4Z45__Bio39__seed2026_raw.pdbqt,phase5d3_pH7_meeko0.7.1_v1,phase5d3_etkdgv3_20conf_meeko0.7.1_v1,2026-10-04T09:26:06.140542+00:00,SUCCESS
4Z45__Bio39__seed104729,NRIB-OBP3__Bio39,4Z45,NRIB-OBP3,NribOBP3,Nasonovia ribisnigri,Bio39,Methyl salicylate,Tier A,*,104729,docking_v1/production_configs/4Z45_NribOBP3/Bio39/seed_104729.txt,docking_v1/production_runs/4Z45_NribOBP3/Bio39/seed_104729/4Z45__Bio39__seed104729_raw.pdbqt,docking_v1/production_logs/4Z45_NribOBP3/Bio39/seed_104729_attempt1.log,docking_v1/production_poses/4Z45_NribOBP3/Bio39/seed_104729,phase5d2_protocol_v1.0,32,20,4,1,21.128;-20.253;1.603,22.254;27.693;26.435,EXPECTED,1,-5.242,docking_v1/production_poses/4Z45_NribOBP3/Bio39/seed_104729/4Z45__Bio39__seed104729__pose1.pdbqt,d110277e84dcb6de781996a44685a0248dd191a3f8498ddeaeefe04e4ea4b993,docking_v1/production_runs/4Z45_NribOBP3/Bio39/seed_104729/4Z45__Bio39__seed104729_raw.pdbqt,phase5d3_pH7_meeko0.7.1_v1,phase5d3_etkdgv3_20conf_meeko0.7.1_v1,2026-10-04T09:26:06.788591+00:00,SUCCESS
4Z45__Bio39__seed271828,NRIB-OBP3__Bio39,4Z45,NRIB-OBP3,NribOBP3,Nasonovia ribisnigri,Bio39,Methyl salicylate,Tier A,*,271828,docking_v1/production_configs/4Z45_NribOBP3/Bio39/seed_271828.txt,docking_v1/production_runs/4Z45_NribOBP3/Bio39/seed_271828/4Z45__Bio39__seed271828_raw.pdbqt,docking_v1/production_logs/4Z45_NribOBP3/Bio39/seed_271828_attempt1.log,docking_v1/production_poses/4Z45_NribOBP3/Bio39/seed_271828,phase5d2_protocol_v1.0,32,20,4,1,21.128;-20.253;1.603,22.254;27.693;26.435,EXPECTED,1,-5.245,docking_v1/production_poses/4Z45_NribOBP3/Bio39/seed_271828/4Z45__Bio39__seed271828__pose1.pdbqt,e334547c3d3c83e22d93c949b6be93ce5b4095822ae32ffa599b261504fec970,docking_v1/production_runs/4Z45_NribOBP3/Bio39/seed_271828/4Z45__Bio39__seed271828_raw.pdbqt,phase5d3_pH7_meeko0.7.1_v1,phase5d3_etkdgv3_20conf_meeko0.7.1_v1,2026-10-04T09:26:06.788591+00:00,SUCCESS
4Z45__Bio39__seed314159,NRIB-OBP3__Bio39,4Z45,NRIB-OBP3,NribOBP3,Nasonovia ribisnigri,Bio39,Methyl salicylate,Tier A,*,314159,docking_v1/production_configs/4Z45_NribOBP3/Bio39/seed_314159.txt,docking_v1/production_runs/4Z45_NribOBP3/Bio39/seed_314159/4Z45__Bio39__seed314159_raw.pdbqt,docking_v1/production_logs/4Z45_NribOBP3/Bio39/seed_314159_attempt1.log,docking_v1/production_poses/4Z45_NribOBP3/Bio39/seed_314159,phase5d2_protocol_v1.0,32,20,4,1,21.128;-20.253;1.603,22.254;27.693;26.435,EXPECTED,1,-5.236,docking_v1/production_poses/4Z45_NribOBP3/Bio39/seed_314159/4Z45__Bio39__seed314159__pose1.pdbqt,f04346648f62d71a709f1dd522a3a95c25a51341783cc13d0247f274bea8d2b1,docking_v1/production_runs/4Z45_NribOBP3/Bio39/seed_314159/4Z45__Bio39__seed314159_raw.pdbqt,phase5d3_pH7_meeko0.7.1_v1,phase5d3_etkdgv3_20conf_meeko0.7.1_v1,2026-10-04T09:26:12.700821+00:00,SUCCESS
4Z45__Bio4__seed42,NRIB-OBP3__Bio4,4Z45,NRIB-OBP3,NribOBP3,Nasonovia ribisnigri,Bio4,α-Thujene,Tier B,?,42,docking_v1/production_configs/4Z45_NribOBP3/Bio4/seed_42.txt,docking_v1/production_runs/4Z45_NribOBP3/Bio4/seed_42/4Z45__Bio4__seed42_raw.pdbqt,docking_v1/production_logs/4Z45_NribOBP3/Bio4/seed_42_attempt1.log,docking_v1/production_poses/4Z45_NribOBP3/Bio4/seed_42,phase5d2_protocol_v1.0,32,20,4,1,21.128;-20.253;1.603,22.254;27.693;26.435,EXPECTED,1,-5.021,docking_v1/production_poses/4Z45_NribOBP3/Bio4/seed_42/4Z45__Bio4__seed42__pose1.pdbqt,e9b545b5119c10e7f6680d5e7b57adbf46646e2bb5723e68f67707a8987fd81c,docking_v1/production_runs/4Z45_NribOBP3/Bio4/seed_42/4Z45__Bio4__seed42_raw.pdbqt,phase5d3_pH7_meeko0.7.1_v1,phase5d3_etkdgv3_20conf_meeko0.7.1_v1,2026-10-04T09:30:27.220234+00:00,SUCCESS
4Z45__Bio4__seed2026,NRIB-OBP3__Bio4,4Z45,NRIB-OBP3,NribOBP3,Nasonovia ribisnigri,Bio4,α-Thujene,Tier B,?,2026,docking_v1/production_configs/4Z45_NribOBP3/Bio4/seed_2026.txt,docking_v1/production_runs/4Z45_NribOBP3/Bio4/seed_2026/4Z45__Bio4__seed2026_raw.pdbqt,docking_v1/production_logs/4Z45_NribOBP3/Bio4/seed_2026_attempt1.log,docking_v1/production_poses/4Z45_NribOBP3/Bio4/seed_2026,phase5d2_protocol_v1.0,32,20,4,1,21.128;-20.253;1.603,22.254;27.693;26.435,EXPECTED,1,-5.004,docking_v1/production_poses/4Z45_NribOBP3/Bio4/seed_2026/4Z45__Bio4__seed2026__pose1.pdbqt,e57a457a15daedfe14525383d61672b5330ff745171979df10291fbc1bdcc0f9,docking_v1/production_runs/4Z45_NribOBP3/Bio4/seed_2026/4Z45__Bio4__seed2026_raw.pdbqt,phase5d3_pH7_meeko0.7.1_v1,phase5d3_etkdgv3_20conf_meeko0.7.1_v1,2026-10-04T09:30:47.539948+00:00,SUCCESS
4Z45__Bio4__seed104729,NRIB-OBP3__Bio4,4Z45,NRIB-OBP3,NribOBP3,Nasonovia ribisnigri,Bio4,α-Thujene,Tier B,?,104729,docking_v1/production_configs/4Z45_NribOBP3/Bio4/seed_104729.txt,docking_v1/production_runs/4Z45_NribOBP3/Bio4/seed_104729/4Z45__Bio4__seed104729_raw.pdbqt,docking_v1/production_logs/4Z45_NribOBP3/Bio4/seed_104729_attempt1.log,docking_v1/production_poses/4Z45_NribOBP3/Bio4/seed_104729,phase5d2_protocol_v1.0,32,20,4,1,21.128;-20.253;1.603,22.254;27.693;26.435,EXPECTED,1,-5.03,docking_v1/production_poses/4Z45_NribOBP3/Bio4/seed_104729/4Z45__Bio4__seed104729__pose1.pdbqt,df82ac8abfb97502d23d7121b24687dac3098c85ac1ec361b090ba11b34d258a,docking_v1/production_runs/4Z45_NribOBP3/Bio4/seed_104729/4Z45__Bio4__seed104729_raw.pdbqt,phase5d3_pH7_meeko0.7.1_v1,phase5d3_etkdgv3_20conf_meeko0.7.1_v1,2026-10-04T09:30:50.466531+00:00,SUCCESS
4Z45__Bio4__seed271828,NRIB-OBP3__Bio4,4Z45,NRIB-OBP3,NribOBP3,Nasonovia ribisnigri,Bio4,α-Thujene,Tier B,?,271828,docking_v1/production_configs/4Z45_NribOBP3/Bio4/seed_271828.txt,docking_v1/production_runs/4Z45_NribOBP3/Bio4/seed_271828/4Z45__Bio4__seed271828_raw.pdbqt,docking_v1/production_logs/4Z45_NribOBP3/Bio4/seed_271828_attempt1.log,docking_v1/production_poses/4Z45_NribOBP3/Bio4/seed_271828,phase5d2_protocol_v1.0,32,20,4,1,21.128;-20.253;1.603,22.254;27.693;26.435,EXPECTED,1,-5.003,docking_v1/production_poses/4Z45_NribOBP3/Bio4/seed_271828/4Z45__Bio4__seed271828__pose1.pdbqt,680ad5e54116079c4663f5c7951bc5c2be36378d0fb63a89bd92653fbc053213,docking_v1/production_runs/4Z45_NribOBP3/Bio4/seed_271828/4Z45__Bio4__seed271828_raw.pdbqt,phase5d3_pH7_meeko0.7.1_v1,phase5d3_etkdgv3_20conf_meeko0.7.1_v1,2026-10-04T09:30:51.990918+00:00,SUCCESS
4Z45__Bio4__seed314159,NRIB-OBP3__Bio4,4Z45,NRIB-OBP3,NribOBP3,Nasonovia ribisnigri,Bio4,α-Thujene,Tier B,?,314159,docking_v1/production_configs/4Z45_NribOBP3/Bio4/seed_314159.txt,docking_v1/production_runs/4Z45_NribOBP3/Bio4/seed_314159/4Z45__Bio4__seed314159_raw.pdbqt,docking_v1/production_logs/4Z45_NribOBP3/Bio4/seed_314159_attempt1.log,docking_v1/production_poses/4Z45_NribOBP3/Bio4/seed_314159,phase5d2_protocol_v1.0,32,20,4,1,21.128;-20.253;1.603,22.254;27.693;26.435,EXPECTED,1,-5.016,docking_v1/production_poses/4Z45_NribOBP3/Bio4/seed_314159/4Z45__Bio4__seed314159__pose1.pdbqt,1efb94aaa105e54f311d898a0eed1e3de00dc59273815983c8513cb9e64b8f5a,docking_v1/production_runs/4Z45_NribOBP3/Bio4/seed_314159/4Z45__Bio4__seed314159_raw.pdbqt,phase5d3_pH7_meeko0.7.1_v1,phase5d3_etkdgv3_20conf_meeko0.7.1_v1,2026-10-04T09:30:52.474994+00:00,SUCCESS
4Z45__Bio42__seed42,NRIB-OBP3__Bio42,4Z45,NRIB-OBP3,NribOBP3,Nasonovia ribisnigri,Bio42,Caprolactam,Tier A,*,42,docking_v1/production_configs/4Z45_NribOBP3/Bio42/seed_42.txt,docking_v1/production_runs/4Z45_NribOBP3/Bio42/seed_42/4Z45__Bio42__seed42_raw.pdbqt,docking_v1/production_logs/4Z45_NribOBP3/Bio42/seed_42_attempt1.log,docking_v1/production_poses/4Z45_NribOBP3/Bio42/seed_42,phase5d2_protocol_v1.0,32,20,4,1,21.128;-20.253;1.603,22.254;27.693;26.435,EXPECTED,1,-3.063,docking_v1/production_poses/4Z45_NribOBP3/Bio42/seed_42/4Z45__Bio42__seed42__pose1.pdbqt,dbb4b880add1c153e9114ee2b0e9064bfdd8f59fe1541cae0d2863ee3e4ce9ac,docking_v1/production_runs/4Z45_NribOBP3/Bio42/seed_42/4Z45__Bio42__seed42_raw.pdbqt,phase5d3_pH7_meeko0.7.1_v1,phase5d3_etkdgv3_20conf_meeko0.7.1_v1,2026-10-04T09:27:05.559696+00:00,SUCCESS
4Z45__Bio42__seed2026,NRIB-OBP3__Bio42,4Z45,NRIB-OBP3,NribOBP3,Nasonovia ribisnigri,Bio42,Caprolactam,Tier A,*,2026,docking_v1/production_configs/4Z45_NribOBP3/Bio42/seed_2026.txt,docking_v1/production_runs/4Z45_NribOBP3/Bio42/seed_2026/4Z45__Bio42__seed2026_raw.pdbqt,docking_v1/production_logs/4Z45_NribOBP3/Bio42/seed_2026_attempt1.log,docking_v1/production_poses/4Z45_NribOBP3/Bio42/seed_2026,phase5d2_protocol_v1.0,32,20,4,1,21.128;-20.253;1.603,22.254;27.693;26.435,EXPECTED,1,-2.991,docking_v1/production_poses/4Z45_NribOBP3/Bio42/seed_2026/4Z45__Bio42__seed2026__pose1.pdbqt,fdf6c6cef4433c251883f02704196f5dcc4963ad10803d181c9f960ab4b5cf19,docking_v1/production_runs/4Z45_NribOBP3/Bio42/seed_2026/4Z45__Bio42__seed2026_raw.pdbqt,phase5d3_pH7_meeko0.7.1_v1,phase5d3_etkdgv3_20conf_meeko0.7.1_v1,2026-10-04T09:27:17.981523+00:00,SUCCESS
4Z45__Bio42__seed104729,NRIB-OBP3__Bio42,4Z45,NRIB-OBP3,NribOBP3,Nasonovia ribisnigri,Bio42,Caprolactam,Tier A,*,104729,docking_v1/production_configs/4Z45_NribOBP3/Bio42/seed_104729.txt,docking_v1/production_runs/4Z45_NribOBP3/Bio42/seed_104729/4Z45__Bio42__seed104729_raw.pdbqt,docking_v1/production_logs/4Z45_NribOBP3/Bio42/seed_104729_attempt1.log,docking_v1/production_poses/4Z45_NribOBP3/Bio42/seed_104729,phase5d2_protocol_v1.0,32,20,4,1,21.128;-20.253;1.603,22.254;27.693;26.435,EXPECTED,1,-3.016,docking_v1/production_poses/4Z45_NribOBP3/Bio42/seed_104729/4Z45__Bio42__seed104729__pose1.pdbqt,86525d5a6a22c5c9c71e483bcaa55d8962d3e35ad2849a6a3066cf40b83e1663,docking_v1/production_runs/4Z45_NribOBP3/Bio42/seed_104729/4Z45__Bio42__seed104729_raw.pdbqt,phase5d3_pH7_meeko0.7.1_v1,phase5d3_etkdgv3_20conf_meeko0.7.1_v1,2026-10-04T09:27:23.439402+00:00,SUCCESS
4Z45__Bio42__seed271828,NRIB-OBP3__Bio42,4Z45,NRIB-OBP3,NribOBP3,Nasonovia ribisnigri,Bio42,Caprolactam,Tier A,*,271828,docking_v1/production_configs/4Z45_NribOBP3/Bio42/seed_271828.txt,docking_v1/production_runs/4Z45_NribOBP3/Bio42/seed_271828/4Z45__Bio42__seed271828_raw.pdbqt,docking_v1/production_logs/4Z45_NribOBP3/Bio42/seed_271828_attempt1.log,docking_v1/production_poses/4Z45_NribOBP3/Bio42/seed_271828,phase5d2_protocol_v1.0,32,20,4,1,21.128;-20.253;1.603,22.254;27.693;26.435,EXPECTED,1,-3.068,docking_v1/production_poses/4Z45_NribOBP3/Bio42/seed_271828/4Z45__Bio42__seed271828__pose1.pdbqt,53fac63927d080a10d04fb1cf8d4909bbe760260b0c7f195edbd0a74e8dedf23,docking_v1/production_runs/4Z45_NribOBP3/Bio42/seed_271828/4Z45__Bio42__seed271828_raw.pdbqt,phase5d3_pH7_meeko0.7.1_v1,phase5d3_etkdgv3_20conf_meeko0.7.1_v1,2026-10-04T09:27:25.094051+00:00,SUCCESS
4Z45__Bio42__seed314159,NRIB-OBP3__Bio42,4Z45,NRIB-OBP3,NribOBP3,Nasonovia ribisnigri,Bio42,Caprolactam,Tier A,*,314159,docking_v1/production_configs/4Z45_NribOBP3/Bio42/seed_314159.txt,docking_v1/production_runs/4Z45_NribOBP3/Bio42/seed_314159/4Z45__Bio42__seed314159_raw.pdbqt,docking_v1/production_logs/4Z45_NribOBP3/Bio42/seed_314159_attempt1.log,docking_v1/production_poses/4Z45_NribOBP3/Bio42/seed_314159,phase5d2_protocol_v1.0,32,20,4,1,21.128;-20.253;1.603,22.254;27.693;26.435,EXPECTED,1,-2.978,docking_v1/production_poses/4Z45_NribOBP3/Bio42/seed_314159/4Z45__Bio42__seed314159__pose1.pdbqt,99500b014fe1b3d56457aaa7d9400977c482aba00677ff21c5933d0d0754a8fc,docking_v1/production_runs/4Z45_NribOBP3/Bio42/seed_314159/4Z45__Bio42__seed314159_raw.pdbqt,phase5d3_pH7_meeko0.7.1_v1,phase5d3_etkdgv3_20conf_meeko0.7.1_v1,2026-10-04T09:27:47.241468+00:00,SUCCESS
4Z45__Bio47__seed42,NRIB-OBP3__Bio47,4Z45,NRIB-OBP3,NribOBP3,Nasonovia ribisnigri,Bio47,Pentadecane,Tier A,*,42,docking_v1/production_configs/4Z45_NribOBP3/Bio47/seed_42.txt,docking_v1/production_runs/4Z45_NribOBP3/Bio47/seed_42/4Z45__Bio47__seed42_raw.pdbqt,docking_v1/production_logs/4Z45_NribOBP3/Bio47/seed_42_attempt1.log,docking_v1/production_poses/4Z45_NribOBP3/Bio47/seed_42,phase5d2_protocol_v1.0,32,20,4,1,21.128;-20.253;1.603,22.254;27.693;26.435,EXPECTED,1,-4.571,docking_v1/production_poses/4Z45_NribOBP3/Bio47/seed_42/4Z45__Bio47__seed42__pose1.pdbqt,d6d0e2667458e3ec6689d653201a7c9e7a8f56faa07d04ddc78607b2f931abed,docking_v1/production_runs/4Z45_NribOBP3/Bio47/seed_42/4Z45__Bio47__seed42_raw.pdbqt,phase5d3_pH7_meeko0.7.1_v1,phase5d3_etkdgv3_20conf_meeko0.7.1_v1,2026-10-04T09:30:23.341382+00:00,SUCCESS
4Z45__Bio47__seed2026,NRIB-OBP3__Bio47,4Z45,NRIB-OBP3,NribOBP3,Nasonovia ribisnigri,Bio47,Pentadecane,Tier A,*,2026,docking_v1/production_configs/4Z45_NribOBP3/Bio47/seed_2026.txt,docking_v1/production_runs/4Z45_NribOBP3/Bio47/seed_2026/4Z45__Bio47__seed2026_raw.pdbqt,docking_v1/production_logs/4Z45_NribOBP3/Bio47/seed_2026_attempt1.log,docking_v1/production_poses/4Z45_NribOBP3/Bio47/seed_2026,phase5d2_protocol_v1.0,32,20,4,1,21.128;-20.253;1.603,22.254;27.693;26.435,EXPECTED,1,-4.501,docking_v1/production_poses/4Z45_NribOBP3/Bio47/seed_2026/4Z45__Bio47__seed2026__pose1.pdbqt,e503a3c39c102ab84683e9285ee7ed305166a3fdc2e72a43ce303c0faf06dfb4,docking_v1/production_runs/4Z45_NribOBP3/Bio47/seed_2026/4Z45__Bio47__seed2026_raw.pdbqt,phase5d3_pH7_meeko0.7.1_v1,phase5d3_etkdgv3_20conf_meeko0.7.1_v1,2026-10-04T09:30:19.822767+00:00,SUCCESS
4Z45__Bio47__seed104729,NRIB-OBP3__Bio47,4Z45,NRIB-OBP3,NribOBP3,Nasonovia ribisnigri,Bio47,Pentadecane,Tier A,*,104729,docking_v1/production_configs/4Z45_NribOBP3/Bio47/seed_104729.txt,docking_v1/production_runs/4Z45_NribOBP3/Bio47/seed_104729/4Z45__Bio47__seed104729_raw.pdbqt,docking_v1/production_logs/4Z45_NribOBP3/Bio47/seed_104729_attempt1.log,docking_v1/production_poses/4Z45_NribOBP3/Bio47/seed_104729,phase5d2_protocol_v1.0,32,20,4,1,21.128;-20.253;1.603,22.254;27.693;26.435,EXPECTED,1,-4.348,docking_v1/production_poses/4Z45_NribOBP3/Bio47/seed_104729/4Z45__Bio47__seed104729__pose1.pdbqt,d82e5a0b7315c7156c34f71855bfe8a250cae61196790467e53269f2cdef625f,docking_v1/production_runs/4Z45_NribOBP3/Bio47/seed_104729/4Z45__Bio47__seed104729_raw.pdbqt,phase5d3_pH7_meeko0.7.1_v1,phase5d3_etkdgv3_20conf_meeko0.7.1_v1,2026-10-04T09:30:24.825676+00:00,SUCCESS
4Z45__Bio47__seed271828,NRIB-OBP3__Bio47,4Z45,NRIB-OBP3,NribOBP3,Nasonovia ribisnigri,Bio47,Pentadecane,Tier A,*,271828,docking_v1/production_configs/4Z45_NribOBP3/Bio47/seed_271828.txt,docking_v1/production_runs/4Z45_NribOBP3/Bio47/seed_271828/4Z45__Bio47__seed271828_raw.pdbqt,docking_v1/production_logs/4Z45_NribOBP3/Bio47/seed_271828_attempt1.log,docking_v1/production_poses/4Z45_NribOBP3/Bio47/seed_271828,phase5d2_protocol_v1.0,32,20,4,1,21.128;-20.253;1.603,22.254;27.693;26.435,EXPECTED,1,-4.569,docking_v1/production_poses/4Z45_NribOBP3/Bio47/seed_271828/4Z45__Bio47__seed271828__pose1.pdbqt,eae418b62f3d589150509f8e4dee7dd93ef325f6b9fb247058a860a7910378d5,docking_v1/production_runs/4Z45_NribOBP3/Bio47/seed_271828/4Z45__Bio47__seed271828_raw.pdbqt,phase5d3_pH7_meeko0.7.1_v1,phase5d3_etkdgv3_20conf_meeko0.7.1_v1,2026-10-04T09:31:27.059409+00:00,SUCCESS
4Z45__Bio47__seed314159,NRIB-OBP3__Bio47,4Z45,NRIB-OBP3,NribOBP3,Nasonovia ribisnigri,Bio47,Pentadecane,Tier A,*,314159,docking_v1/production_configs/4Z45_NribOBP3/Bio47/seed_314159.txt,docking_v1/production_runs/4Z45_NribOBP3/Bio47/seed_314159/4Z45__Bio47__seed314159_raw.pdbqt,docking_v1/production_logs/4Z45_NribOBP3/Bio47/seed_314159_attempt1.log,docking_v1/production_poses/4Z45_NribOBP3/Bio47/seed_314159,phase5d2_protocol_v1.0,32,20,4,1,21.128;-20.253;1.603,22.254;27.693;26.435,EXPECTED,1,-4.154,docking_v1/production_poses/4Z45_NribOBP3/Bio47/seed_314159/4Z45__Bio47__seed314159__pose1.pdbqt,3e9d119059b2dc499a4b28597ff91ae3b876dcae918dbb93dd48191f21746378,docking_v1/production_runs/4Z45_NribOBP3/Bio47/seed_314159/4Z45__Bio47__seed314159_raw.pdbqt,phase5d3_pH7_meeko0.7.1_v1,phase5d3_etkdgv3_20conf_meeko0.7.1_v1,2026-10-04T09:31:37.372775+00:00,SUCCESS
4Z45__Bio49__seed42,NRIB-OBP3__Bio49,4Z45,NRIB-OBP3,NribOBP3,Nasonovia ribisnigri,Bio49,1-Tetradecanol,Tier B,?,42,docking_v1/production_configs/4Z45_NribOBP3/Bio49/seed_42.txt,docking_v1/production_runs/4Z45_NribOBP3/Bio49/seed_42/4Z45__Bio49__seed42_raw.pdbqt,docking_v1/production_logs/4Z45_NribOBP3/Bio49/seed_42_attempt1.log,docking_v1/production_poses/4Z45_NribOBP3/Bio49/seed_42,phase5d2_protocol_v1.0,32,20,4,1,21.128;-20.253;1.603,22.254;27.693;26.435,EXPECTED,1,-4.168,docking_v1/production_poses/4Z45_NribOBP3/Bio49/seed_42/4Z45__Bio49__seed42__pose1.pdbqt,a1e85351de1a9de704c8b117035120cbf0a886fb44b6bec2690eac924acbdfec,docking_v1/production_runs/4Z45_NribOBP3/Bio49/seed_42/4Z45__Bio49__seed42_raw.pdbqt,phase5d3_pH7_meeko0.7.1_v1,phase5d3_etkdgv3_20conf_meeko0.7.1_v1,2026-10-04T09:36:54.155271+00:00,SUCCESS
4Z45__Bio49__seed2026,NRIB-OBP3__Bio49,4Z45,NRIB-OBP3,NribOBP3,Nasonovia ribisnigri,Bio49,1-Tetradecanol,Tier B,?,2026,docking_v1/production_configs/4Z45_NribOBP3/Bio49/seed_2026.txt,docking_v1/production_runs/4Z45_NribOBP3/Bio49/seed_2026/4Z45__Bio49__seed2026_raw.pdbqt,docking_v1/production_logs/4Z45_NribOBP3/Bio49/seed_2026_attempt1.log,docking_v1/production_poses/4Z45_NribOBP3/Bio49/seed_2026,phase5d2_protocol_v1.0,32,20,4,1,21.128;-20.253;1.603,22.254;27.693;26.435,EXPECTED,1,-4.282,docking_v1/production_poses/4Z45_NribOBP3/Bio49/seed_2026/4Z45__Bio49__seed2026__pose1.pdbqt,e088d16eb000b9a53b97e4142e2dabc3b8dc89afa15d371b1cb30bc4b310f621,docking_v1/production_runs/4Z45_NribOBP3/Bio49/seed_2026/4Z45__Bio49__seed2026_raw.pdbqt,phase5d3_pH7_meeko0.7.1_v1,phase5d3_etkdgv3_20conf_meeko0.7.1_v1,2026-10-04T09:36:56.074541+00:00,SUCCESS
4Z45__Bio49__seed104729,NRIB-OBP3__Bio49,4Z45,NRIB-OBP3,NribOBP3,Nasonovia ribisnigri,Bio49,1-Tetradecanol,Tier B,?,104729,docking_v1/production_configs/4Z45_NribOBP3/Bio49/seed_104729.txt,docking_v1/production_runs/4Z45_NribOBP3/Bio49/seed_104729/4Z45__Bio49__seed104729_raw.pdbqt,docking_v1/production_logs/4Z45_NribOBP3/Bio49/seed_104729_attempt1.log,docking_v1/production_poses/4Z45_NribOBP3/Bio49/seed_104729,phase5d2_protocol_v1.0,32,20,4,1,21.128;-20.253;1.603,22.254;27.693;26.435,EXPECTED,1,-4.706,docking_v1/production_poses/4Z45_NribOBP3/Bio49/seed_104729/4Z45__Bio49__seed104729__pose1.pdbqt,f8dfd3dfbc4eafbe5a9dce6ae4eef9a36a759e905267092bbf23574448dc3125,docking_v1/production_runs/4Z45_NribOBP3/Bio49/seed_104729/4Z45__Bio49__seed104729_raw.pdbqt,phase5d3_pH7_meeko0.7.1_v1,phase5d3_etkdgv3_20conf_meeko0.7.1_v1,2026-10-04T09:37:07.225792+00:00,SUCCESS
4Z45__Bio49__seed271828,NRIB-OBP3__Bio49,4Z45,NRIB-OBP3,NribOBP3,Nasonovia ribisnigri,Bio49,1-Tetradecanol,Tier B,?,271828,docking_v1/production_configs/4Z45_NribOBP3/Bio49/seed_271828.txt,docking_v1/production_runs/4Z45_NribOBP3/Bio49/seed_271828/4Z45__Bio49__seed271828_raw.pdbqt,docking_v1/production_logs/4Z45_NribOBP3/Bio49/seed_271828_attempt1.log,docking_v1/production_poses/4Z45_NribOBP3/Bio49/seed_271828,phase5d2_protocol_v1.0,32,20,4,1,21.128;-20.253;1.603,22.254;27.693;26.435,EXPECTED,1,-4.455,docking_v1/production_poses/4Z45_NribOBP3/Bio49/seed_271828/4Z45__Bio49__seed271828__pose1.pdbqt,9af1178ec9b523996ff4ece96c54885bcc0d03fb793c01a733d3078894f613ca,docking_v1/production_runs/4Z45_NribOBP3/Bio49/seed_271828/4Z45__Bio49__seed271828_raw.pdbqt,phase5d3_pH7_meeko0.7.1_v1,phase5d3_etkdgv3_20conf_meeko0.7.1_v1,2026-10-04T09:37:22.071624+00:00,SUCCESS
4Z45__Bio49__seed314159,NRIB-OBP3__Bio49,4Z45,NRIB-OBP3,NribOBP3,Nasonovia ribisnigri,Bio49,1-Tetradecanol,Tier B,?,314159,docking_v1/production_configs/4Z45_NribOBP3/Bio49/seed_314159.txt,docking_v1/production_runs/4Z45_NribOBP3/Bio49/seed_314159/4Z45__Bio49__seed314159_raw.pdbqt,docking_v1/production_logs/4Z45_NribOBP3/Bio49/seed_314159_attempt1.log,docking_v1/production_poses/4Z45_NribOBP3/Bio49/seed_314159,phase5d2_protocol_v1.0,32,20,4,1,21.128;-20.253;1.603,22.254;27.693;26.435,EXPECTED,1,-4.443,docking_v1/production_poses/4Z45_NribOBP3/Bio49/seed_314159/4Z45__Bio49__seed314159__pose1.pdbqt,ec6ea194b0c172a2a1129d6e7a7bcfda9aea282a3e182660b4d8765c9420b337,docking_v1/production_runs/4Z45_NribOBP3/Bio49/seed_314159/4Z45__Bio49__seed314159_raw.pdbqt,phase5d3_pH7_meeko0.7.1_v1,phase5d3_etkdgv3_20conf_meeko0.7.1_v1,2026-10-04T09:37:20.419631+00:00,SUCCESS
4Z45__Bio51__seed42,NRIB-OBP3__Bio51,4Z45,NRIB-OBP3,NribOBP3,Nasonovia ribisnigri,Bio51,trans-Raphasatin,Tier B,?,42,docking_v1/production_configs/4Z45_NribOBP3/Bio51/seed_42.txt,docking_v1/production_runs/4Z45_NribOBP3/Bio51/seed_42/4Z45__Bio51__seed42_raw.pdbqt,docking_v1/production_logs/4Z45_NribOBP3/Bio51/seed_42_attempt1.log,docking_v1/production_poses/4Z45_NribOBP3/Bio51/seed_42,phase5d2_protocol_v1.0,32,20,4,1,21.128;-20.253;1.603,22.254;27.693;26.435,EXPECTED,1,-3.373,docking_v1/production_poses/4Z45_NribOBP3/Bio51/seed_42/4Z45__Bio51__seed42__pose1.pdbqt,ada428a5ff4349ea2d0b616d4ae312d5606c9c9b37f36b7c2b012de8d3bd9769,docking_v1/production_runs/4Z45_NribOBP3/Bio51/seed_42/4Z45__Bio51__seed42_raw.pdbqt,phase5d3_pH7_meeko0.7.1_v1,phase5d3_etkdgv3_20conf_meeko0.7.1_v1,2026-10-04T09:33:27.583870+00:00,SUCCESS
4Z45__Bio51__seed2026,NRIB-OBP3__Bio51,4Z45,NRIB-OBP3,NribOBP3,Nasonovia ribisnigri,Bio51,trans-Raphasatin,Tier B,?,2026,docking_v1/production_configs/4Z45_NribOBP3/Bio51/seed_2026.txt,docking_v1/production_runs/4Z45_NribOBP3/Bio51/seed_2026/4Z45__Bio51__seed2026_raw.pdbqt,docking_v1/production_logs/4Z45_NribOBP3/Bio51/seed_2026_attempt1.log,docking_v1/production_poses/4Z45_NribOBP3/Bio51/seed_2026,phase5d2_protocol_v1.0,32,20,4,1,21.128;-20.253;1.603,22.254;27.693;26.435,EXPECTED,1,-3.497,docking_v1/production_poses/4Z45_NribOBP3/Bio51/seed_2026/4Z45__Bio51__seed2026__pose1.pdbqt,c198ceacf77c8dc2e6a4103617c61a3f52531bd273d86ae5a1adb3c780e5c085,docking_v1/production_runs/4Z45_NribOBP3/Bio51/seed_2026/4Z45__Bio51__seed2026_raw.pdbqt,phase5d3_pH7_meeko0.7.1_v1,phase5d3_etkdgv3_20conf_meeko0.7.1_v1,2026-10-04T09:33:29.092543+00:00,SUCCESS
4Z45__Bio51__seed104729,NRIB-OBP3__Bio51,4Z45,NRIB-OBP3,NribOBP3,Nasonovia ribisnigri,Bio51,trans-Raphasatin,Tier B,?,104729,docking_v1/production_configs/4Z45_NribOBP3/Bio51/seed_104729.txt,docking_v1/production_runs/4Z45_NribOBP3/Bio51/seed_104729/4Z45__Bio51__seed104729_raw.pdbqt,docking_v1/production_logs/4Z45_NribOBP3/Bio51/seed_104729_attempt1.log,docking_v1/production_poses/4Z45_NribOBP3/Bio51/seed_104729,phase5d2_protocol_v1.0,32,20,4,1,21.128;-20.253;1.603,22.254;27.693;26.435,EXPECTED,1,-3.563,docking_v1/production_poses/4Z45_NribOBP3/Bio51/seed_104729/4Z45__Bio51__seed104729__pose1.pdbqt,a9eef795025c1c16f5133b90755a8c9d4637bba39d76282a0a74bcabdfd48ca3,docking_v1/production_runs/4Z45_NribOBP3/Bio51/seed_104729/4Z45__Bio51__seed104729_raw.pdbqt,phase5d3_pH7_meeko0.7.1_v1,phase5d3_etkdgv3_20conf_meeko0.7.1_v1,2026-10-04T09:33:29.205293+00:00,SUCCESS
4Z45__Bio51__seed271828,NRIB-OBP3__Bio51,4Z45,NRIB-OBP3,NribOBP3,Nasonovia ribisnigri,Bio51,trans-Raphasatin,Tier B,?,271828,docking_v1/production_configs/4Z45_NribOBP3/Bio51/seed_271828.txt,docking_v1/production_runs/4Z45_NribOBP3/Bio51/seed_271828/4Z45__Bio51__seed271828_raw.pdbqt,docking_v1/production_logs/4Z45_NribOBP3/Bio51/seed_271828_attempt1.log,docking_v1/production_poses/4Z45_NribOBP3/Bio51/seed_271828,phase5d2_protocol_v1.0,32,20,4,1,21.128;-20.253;1.603,22.254;27.693;26.435,EXPECTED,1,-3.476,docking_v1/production_poses/4Z45_NribOBP3/Bio51/seed_271828/4Z45__Bio51__seed271828__pose1.pdbqt,31904a0f5d055d5d1115130134fef8c78376ee9066af613daa2120c52027a574,docking_v1/production_runs/4Z45_NribOBP3/Bio51/seed_271828/4Z45__Bio51__seed271828_raw.pdbqt,phase5d3_pH7_meeko0.7.1_v1,phase5d3_etkdgv3_20conf_meeko0.7.1_v1,2026-10-04T09:34:21.553720+00:00,SUCCESS
4Z45__Bio51__seed314159,NRIB-OBP3__Bio51,4Z45,NRIB-OBP3,NribOBP3,Nasonovia ribisnigri,Bio51,trans-Raphasatin,Tier B,?,314159,docking_v1/production_configs/4Z45_NribOBP3/Bio51/seed_314159.txt,docking_v1/production_runs/4Z45_NribOBP3/Bio51/seed_314159/4Z45__Bio51__seed314159_raw.pdbqt,docking_v1/production_logs/4Z45_NribOBP3/Bio51/seed_314159_attempt1.log,docking_v1/production_poses/4Z45_NribOBP3/Bio51/seed_314159,phase5d2_protocol_v1.0,32,20,4,1,21.128;-20.253;1.603,22.254;27.693;26.435,EXPECTED,1,-3.452,docking_v1/production_poses/4Z45_NribOBP3/Bio51/seed_314159/4Z45__Bio51__seed314159__pose1.pdbqt,f8969e6e18f0a363e8f12a09eac8f22bd378ea621ecc02e3d995fff8d5817da3,docking_v1/production_runs/4Z45_NribOBP3/Bio51/seed_314159/4Z45__Bio51__seed314159_raw.pdbqt,phase5d3_pH7_meeko0.7.1_v1,phase5d3_etkdgv3_20conf_meeko0.7.1_v1,2026-10-04T09:34:23.122112+00:00,SUCCESS
4Z45__Bio53__seed42,NRIB-OBP3__Bio53,4Z45,NRIB-OBP3,NribOBP3,Nasonovia ribisnigri,Bio53,α-Guaiene,Tier B,?,42,docking_v1/production_configs/4Z45_NribOBP3/Bio53/seed_42.txt,docking_v1/production_runs/4Z45_NribOBP3/Bio53/seed_42/4Z45__Bio53__seed42_raw.pdbqt,docking_v1/production_logs/4Z45_NribOBP3/Bio53/seed_42_attempt1.log,docking_v1/production_poses/4Z45_NribOBP3/Bio53/seed_42,phase5d2_protocol_v1.0,32,20,4,1,21.128;-20.253;1.603,22.254;27.693;26.435,EXPECTED,1,-4.497,docking_v1/production_poses/4Z45_NribOBP3/Bio53/seed_42/4Z45__Bio53__seed42__pose1.pdbqt,fc5a365dd5c71f899dd6346650d76309cb618f9a98122c4242e15d09f9618853,docking_v1/production_runs/4Z45_NribOBP3/Bio53/seed_42/4Z45__Bio53__seed42_raw.pdbqt,phase5d3_pH7_meeko0.7.1_v1,phase5d3_etkdgv3_20conf_meeko0.7.1_v1,2026-10-04T09:37:01.761990+00:00,SUCCESS
4Z45__Bio53__seed2026,NRIB-OBP3__Bio53,4Z45,NRIB-OBP3,NribOBP3,Nasonovia ribisnigri,Bio53,α-Guaiene,Tier B,?,2026,docking_v1/production_configs/4Z45_NribOBP3/Bio53/seed_2026.txt,docking_v1/production_runs/4Z45_NribOBP3/Bio53/seed_2026/4Z45__Bio53__seed2026_raw.pdbqt,docking_v1/production_logs/4Z45_NribOBP3/Bio53/seed_2026_attempt1.log,docking_v1/production_poses/4Z45_NribOBP3/Bio53/seed_2026,phase5d2_protocol_v1.0,32,20,4,1,21.128;-20.253;1.603,22.254;27.693;26.435,EXPECTED,1,-4.454,docking_v1/production_poses/4Z45_NribOBP3/Bio53/seed_2026/4Z45__Bio53__seed2026__pose1.pdbqt,cae54980cc1728f03312570a4d24b5fb8639f1281f6471227c53e673a3f08a81,docking_v1/production_runs/4Z45_NribOBP3/Bio53/seed_2026/4Z45__Bio53__seed2026_raw.pdbqt,phase5d3_pH7_meeko0.7.1_v1,phase5d3_etkdgv3_20conf_meeko0.7.1_v1,2026-10-04T09:38:04.523549+00:00,SUCCESS
4Z45__Bio53__seed104729,NRIB-OBP3__Bio53,4Z45,NRIB-OBP3,NribOBP3,Nasonovia ribisnigri,Bio53,α-Guaiene,Tier B,?,104729,docking_v1/production_configs/4Z45_NribOBP3/Bio53/seed_104729.txt,docking_v1/production_runs/4Z45_NribOBP3/Bio53/seed_104729/4Z45__Bio53__seed104729_raw.pdbqt,docking_v1/production_logs/4Z45_NribOBP3/Bio53/seed_104729_attempt1.log,docking_v1/production_poses/4Z45_NribOBP3/Bio53/seed_104729,phase5d2_protocol_v1.0,32,20,4,1,21.128;-20.253;1.603,22.254;27.693;26.435,EXPECTED,1,-4.564,docking_v1/production_poses/4Z45_NribOBP3/Bio53/seed_104729/4Z45__Bio53__seed104729__pose1.pdbqt,d36531433e8a6c01a1af24b33848af1b286748bddf793c90f1f99f28f5ff36c2,docking_v1/production_runs/4Z45_NribOBP3/Bio53/seed_104729/4Z45__Bio53__seed104729_raw.pdbqt,phase5d3_pH7_meeko0.7.1_v1,phase5d3_etkdgv3_20conf_meeko0.7.1_v1,2026-10-04T09:37:57.012236+00:00,SUCCESS
4Z45__Bio53__seed271828,NRIB-OBP3__Bio53,4Z45,NRIB-OBP3,NribOBP3,Nasonovia ribisnigri,Bio53,α-Guaiene,Tier B,?,271828,docking_v1/production_configs/4Z45_NribOBP3/Bio53/seed_271828.txt,docking_v1/production_runs/4Z45_NribOBP3/Bio53/seed_271828/4Z45__Bio53__seed271828_raw.pdbqt,docking_v1/production_logs/4Z45_NribOBP3/Bio53/seed_271828_attempt1.log,docking_v1/production_poses/4Z45_NribOBP3/Bio53/seed_271828,phase5d2_protocol_v1.0,32,20,4,1,21.128;-20.253;1.603,22.254;27.693;26.435,EXPECTED,1,-4.516,docking_v1/production_poses/4Z45_NribOBP3/Bio53/seed_271828/4Z45__Bio53__seed271828__pose1.pdbqt,fb09c3848308d16da951742412a39d6bd83cc12fc63ca3e4aac3b104270a7db5,docking_v1/production_runs/4Z45_NribOBP3/Bio53/seed_271828/4Z45__Bio53__seed271828_raw.pdbqt,phase5d3_pH7_meeko0.7.1_v1,phase5d3_etkdgv3_20conf_meeko0.7.1_v1,2026-10-04T09:40:50.925992+00:00,SUCCESS
4Z45__Bio53__seed314159,NRIB-OBP3__Bio53,4Z45,NRIB-OBP3,NribOBP3,Nasonovia ribisnigri,Bio53,α-Guaiene,Tier B,?,314159,docking_v1/production_configs/4Z45_NribOBP3/Bio53/seed_314159.txt,docking_v1/production_runs/4Z45_NribOBP3/Bio53/seed_314159/4Z45__Bio53__seed314159_raw.pdbqt,docking_v1/production_logs/4Z45_NribOBP3/Bio53/seed_314159_attempt1.log,docking_v1/production_poses/4Z45_NribOBP3/Bio53/seed_314159,phase5d2_protocol_v1.0,32,20,4,1,21.128;-20.253;1.603,22.254;27.693;26.435,EXPECTED,1,-4.543,docking_v1/production_poses/4Z45_NribOBP3/Bio53/seed_314159/4Z45__Bio53__seed314159__pose1.pdbqt,a030578a9942773a6fd5a0119dbc7384439968aa4cc5212ec1e475094c2782df,docking_v1/production_runs/4Z45_NribOBP3/Bio53/seed_314159/4Z45__Bio53__seed314159_raw.pdbqt,phase5d3_pH7_meeko0.7.1_v1,phase5d3_etkdgv3_20conf_meeko0.7.1_v1,2026-10-04T09:40:53.535211+00:00,SUCCESS
4Z45__Bio55__seed42,NRIB-OBP3__Bio55,4Z45,NRIB-OBP3,NribOBP3,Nasonovia ribisnigri,Bio55,Humulene,Tier B,?,42,docking_v1/production_configs/4Z45_NribOBP3/Bio55/seed_42.txt,docking_v1/production_runs/4Z45_NribOBP3/Bio55/seed_42/4Z45__Bio55__seed42_raw.pdbqt,docking_v1/production_logs/4Z45_NribOBP3/Bio55/seed_42_attempt1.log,docking_v1/production_poses/4Z45_NribOBP3/Bio55/seed_42,phase5d2_protocol_v1.0,32,20,4,1,21.128;-20.253;1.603,22.254;27.693;26.435,EXPECTED,1,-4.389,docking_v1/production_poses/4Z45_NribOBP3/Bio55/seed_42/4Z45__Bio55__seed42__pose1.pdbqt,f965a305c6732ffce661a7d864e38a82c478799464c1cccced23377c2d8a69da,docking_v1/production_runs/4Z45_NribOBP3/Bio55/seed_42/4Z45__Bio55__seed42_raw.pdbqt,phase5d3_pH7_meeko0.7.1_v1,phase5d3_etkdgv3_20conf_meeko0.7.1_v1,2026-10-04T09:41:01.657865+00:00,SUCCESS
4Z45__Bio55__seed2026,NRIB-OBP3__Bio55,4Z45,NRIB-OBP3,NribOBP3,Nasonovia ribisnigri,Bio55,Humulene,Tier B,?,2026,docking_v1/production_configs/4Z45_NribOBP3/Bio55/seed_2026.txt,docking_v1/production_runs/4Z45_NribOBP3/Bio55/seed_2026/4Z45__Bio55__seed2026_raw.pdbqt,docking_v1/production_logs/4Z45_NribOBP3/Bio55/seed_2026_attempt1.log,docking_v1/production_poses/4Z45_NribOBP3/Bio55/seed_2026,phase5d2_protocol_v1.0,32,20,4,1,21.128;-20.253;1.603,22.254;27.693;26.435,EXPECTED,1,-4.086,docking_v1/production_poses/4Z45_NribOBP3/Bio55/seed_2026/4Z45__Bio55__seed2026__pose1.pdbqt,a2b98dc71d1326199d7472fea08d26b96117401f161d272d8e8f46b3b25d53ca,docking_v1/production_runs/4Z45_NribOBP3/Bio55/seed_2026/4Z45__Bio55__seed2026_raw.pdbqt,phase5d3_pH7_meeko0.7.1_v1,phase5d3_etkdgv3_20conf_meeko0.7.1_v1,2026-10-04T09:41:07.609010+00:00,SUCCESS
4Z45__Bio55__seed104729,NRIB-OBP3__Bio55,4Z45,NRIB-OBP3,NribOBP3,Nasonovia ribisnigri,Bio55,Humulene,Tier B,?,104729,docking_v1/production_configs/4Z45_NribOBP3/Bio55/seed_104729.txt,docking_v1/production_runs/4Z45_NribOBP3/Bio55/seed_104729/4Z45__Bio55__seed104729_raw.pdbqt,docking_v1/production_logs/4Z45_NribOBP3/Bio55/seed_104729_attempt1.log,docking_v1/production_poses/4Z45_NribOBP3/Bio55/seed_104729,phase5d2_protocol_v1.0,32,20,4,1,21.128;-20.253;1.603,22.254;27.693;26.435,EXPECTED,1,-4.343,docking_v1/production_poses/4Z45_NribOBP3/Bio55/seed_104729/4Z45__Bio55__seed104729__pose1.pdbqt,9b87eee764899bec54611c27e698e0b1177a7cd30691aaaa7191de86bd4bfd5c,docking_v1/production_runs/4Z45_NribOBP3/Bio55/seed_104729/4Z45__Bio55__seed104729_raw.pdbqt,phase5d3_pH7_meeko0.7.1_v1,phase5d3_etkdgv3_20conf_meeko0.7.1_v1,2026-10-04T09:41:18.481187+00:00,SUCCESS
4Z45__Bio55__seed271828,NRIB-OBP3__Bio55,4Z45,NRIB-OBP3,NribOBP3,Nasonovia ribisnigri,Bio55,Humulene,Tier B,?,271828,docking_v1/production_configs/4Z45_NribOBP3/Bio55/seed_271828.txt,docking_v1/production_runs/4Z45_NribOBP3/Bio55/seed_271828/4Z45__Bio55__seed271828_raw.pdbqt,docking_v1/production_logs/4Z45_NribOBP3/Bio55/seed_271828_attempt1.log,docking_v1/production_poses/4Z45_NribOBP3/Bio55/seed_271828,phase5d2_protocol_v1.0,32,20,4,1,21.128;-20.253;1.603,22.254;27.693;26.435,EXPECTED,1,-4.322,docking_v1/production_poses/4Z45_NribOBP3/Bio55/seed_271828/4Z45__Bio55__seed271828__pose1.pdbqt,0c4eb71ce7c7dfceb936b7e817ecdace342351eea97755d5a4492d5e712a63ff,docking_v1/production_runs/4Z45_NribOBP3/Bio55/seed_271828/4Z45__Bio55__seed271828_raw.pdbqt,phase5d3_pH7_meeko0.7.1_v1,phase5d3_etkdgv3_20conf_meeko0.7.1_v1,2026-10-04T09:41:20.003689+00:00,SUCCESS
4Z45__Bio55__seed314159,NRIB-OBP3__Bio55,4Z45,NRIB-OBP3,NribOBP3,Nasonovia ribisnigri,Bio55,Humulene,Tier B,?,314159,docking_v1/production_configs/4Z45_NribOBP3/Bio55/seed_314159.txt,docking_v1/production_runs/4Z45_NribOBP3/Bio55/seed_314159/4Z45__Bio55__seed314159_raw.pdbqt,docking_v1/production_logs/4Z45_NribOBP3/Bio55/seed_314159_attempt1.log,docking_v1/production_poses/4Z45_NribOBP3/Bio55/seed_314159,phase5d2_protocol_v1.0,32,20,4,1,21.128;-20.253;1.603,22.254;27.693;26.435,EXPECTED,1,-4.348,docking_v1/production_poses/4Z45_NribOBP3/Bio55/seed_314159/4Z45__Bio55__seed314159__pose1.pdbqt,8126adc32e398f432d3b53a9070211802a44f922aef936fffcab8f5779719388,docking_v1/production_runs/4Z45_NribOBP3/Bio55/seed_314159/4Z45__Bio55__seed314159_raw.pdbqt,phase5d3_pH7_meeko0.7.1_v1,phase5d3_etkdgv3_20conf_meeko0.7.1_v1,2026-10-04T09:41:52.514904+00:00,SUCCESS
4Z45__Bio56__seed42,NRIB-OBP3__Bio56,4Z45,NRIB-OBP3,NribOBP3,Nasonovia ribisnigri,Bio56,(E)-β-Farnesene,Tier A,*,42,docking_v1/production_configs/4Z45_NribOBP3/Bio56/seed_42.txt,docking_v1/production_runs/4Z45_NribOBP3/Bio56/seed_42/4Z45__Bio56__seed42_raw.pdbqt,docking_v1/production_logs/4Z45_NribOBP3/Bio56/seed_42_attempt1.log,docking_v1/production_poses/4Z45_NribOBP3/Bio56/seed_42,phase5d2_protocol_v1.0,32,20,4,1,21.128;-20.253;1.603,22.254;27.693;26.435,EXPECTED,1,-5.265,docking_v1/production_poses/4Z45_NribOBP3/Bio56/seed_42/4Z45__Bio56__seed42__pose1.pdbqt,58560bcf053016e0d01c11a3917ae0f3938cbbf35cfe5aeb8143d0298b46f1d4,docking_v1/production_runs/4Z45_NribOBP3/Bio56/seed_42/4Z45__Bio56__seed42_raw.pdbqt,phase5d3_pH7_meeko0.7.1_v1,phase5d3_etkdgv3_20conf_meeko0.7.1_v1,2026-10-04T09:29:37.991604+00:00,SUCCESS
4Z45__Bio56__seed2026,NRIB-OBP3__Bio56,4Z45,NRIB-OBP3,NribOBP3,Nasonovia ribisnigri,Bio56,(E)-β-Farnesene,Tier A,*,2026,docking_v1/production_configs/4Z45_NribOBP3/Bio56/seed_2026.txt,docking_v1/production_runs/4Z45_NribOBP3/Bio56/seed_2026/4Z45__Bio56__seed2026_raw.pdbqt,docking_v1/production_logs/4Z45_NribOBP3/Bio56/seed_2026_attempt1.log,docking_v1/production_poses/4Z45_NribOBP3/Bio56/seed_2026,phase5d2_protocol_v1.0,32,20,4,1,21.128;-20.253;1.603,22.254;27.693;26.435,EXPECTED,1,-5.26,docking_v1/production_poses/4Z45_NribOBP3/Bio56/seed_2026/4Z45__Bio56__seed2026__pose1.pdbqt,7abb50021de7ba3dda01c89bdde777bb904b03d5411dae553c34c3aa3db4198e,docking_v1/production_runs/4Z45_NribOBP3/Bio56/seed_2026/4Z45__Bio56__seed2026_raw.pdbqt,phase5d3_pH7_meeko0.7.1_v1,phase5d3_etkdgv3_20conf_meeko0.7.1_v1,2026-10-04T09:29:38.905666+00:00,SUCCESS
4Z45__Bio56__seed104729,NRIB-OBP3__Bio56,4Z45,NRIB-OBP3,NribOBP3,Nasonovia ribisnigri,Bio56,(E)-β-Farnesene,Tier A,*,104729,docking_v1/production_configs/4Z45_NribOBP3/Bio56/seed_104729.txt,docking_v1/production_runs/4Z45_NribOBP3/Bio56/seed_104729/4Z45__Bio56__seed104729_raw.pdbqt,docking_v1/production_logs/4Z45_NribOBP3/Bio56/seed_104729_attempt1.log,docking_v1/production_poses/4Z45_NribOBP3/Bio56/seed_104729,phase5d2_protocol_v1.0,32,20,4,1,21.128;-20.253;1.603,22.254;27.693;26.435,EXPECTED,1,-4.904,docking_v1/production_poses/4Z45_NribOBP3/Bio56/seed_104729/4Z45__Bio56__seed104729__pose1.pdbqt,bd78d88fc78c405c245b6c990c551258a0ece616423fde22268f9f1d83fa09aa,docking_v1/production_runs/4Z45_NribOBP3/Bio56/seed_104729/4Z45__Bio56__seed104729_raw.pdbqt,phase5d3_pH7_meeko0.7.1_v1,phase5d3_etkdgv3_20conf_meeko0.7.1_v1,2026-10-04T09:30:00.837260+00:00,SUCCESS
4Z45__Bio56__seed271828,NRIB-OBP3__Bio56,4Z45,NRIB-OBP3,NribOBP3,Nasonovia ribisnigri,Bio56,(E)-β-Farnesene,Tier A,*,271828,docking_v1/production_configs/4Z45_NribOBP3/Bio56/seed_271828.txt,docking_v1/production_runs/4Z45_NribOBP3/Bio56/seed_271828/4Z45__Bio56__seed271828_raw.pdbqt,docking_v1/production_logs/4Z45_NribOBP3/Bio56/seed_271828_attempt1.log,docking_v1/production_poses/4Z45_NribOBP3/Bio56/seed_271828,phase5d2_protocol_v1.0,32,20,4,1,21.128;-20.253;1.603,22.254;27.693;26.435,EXPECTED,1,-4.914,docking_v1/production_poses/4Z45_NribOBP3/Bio56/seed_271828/4Z45__Bio56__seed271828__pose1.pdbqt,55bdfa1b60de03a8104daa3a61493cd6a4142c5e4a6231c991585984088c7fbe,docking_v1/production_runs/4Z45_NribOBP3/Bio56/seed_271828/4Z45__Bio56__seed271828_raw.pdbqt,phase5d3_pH7_meeko0.7.1_v1,phase5d3_etkdgv3_20conf_meeko0.7.1_v1,2026-10-04T09:31:55.218391+00:00,SUCCESS
4Z45__Bio56__seed314159,NRIB-OBP3__Bio56,4Z45,NRIB-OBP3,NribOBP3,Nasonovia ribisnigri,Bio56,(E)-β-Farnesene,Tier A,*,314159,docking_v1/production_configs/4Z45_NribOBP3/Bio56/seed_314159.txt,docking_v1/production_runs/4Z45_NribOBP3/Bio56/seed_314159/4Z45__Bio56__seed314159_raw.pdbqt,docking_v1/production_logs/4Z45_NribOBP3/Bio56/seed_314159_attempt1.log,docking_v1/production_poses/4Z45_NribOBP3/Bio56/seed_314159,phase5d2_protocol_v1.0,32,20,4,1,21.128;-20.253;1.603,22.254;27.693;26.435,EXPECTED,1,-5.394,docking_v1/production_poses/4Z45_NribOBP3/Bio56/seed_314159/4Z45__Bio56__seed314159__pose1.pdbqt,0d798623c4cfe1e539458a60b518b6db28c7e7ffe121404e6a71720e8f7bd6d3,docking_v1/production_runs/4Z45_NribOBP3/Bio56/seed_314159/4Z45__Bio56__seed314159_raw.pdbqt,phase5d3_pH7_meeko0.7.1_v1,phase5d3_etkdgv3_20conf_meeko0.7.1_v1,2026-10-04T09:31:57.020935+00:00,SUCCESS
4Z45__Bio59__seed42,NRIB-OBP3__Bio59,4Z45,NRIB-OBP3,NribOBP3,Nasonovia ribisnigri,Bio59,β-Selinene,Tier B,?,42,docking_v1/production_configs/4Z45_NribOBP3/Bio59/seed_42.txt,docking_v1/production_runs/4Z45_NribOBP3/Bio59/seed_42/4Z45__Bio59__seed42_raw.pdbqt,docking_v1/production_logs/4Z45_NribOBP3/Bio59/seed_42_attempt1.log,docking_v1/production_poses/4Z45_NribOBP3/Bio59/seed_42,phase5d2_protocol_v1.0,32,20,4,1,21.128;-20.253;1.603,22.254;27.693;26.435,EXPECTED,1,-6.428,docking_v1/production_poses/4Z45_NribOBP3/Bio59/seed_42/4Z45__Bio59__seed42__pose1.pdbqt,8650e71d234ce0d06e2e42f23443a2357f5fa6a0cb5158ddc388b31d71c59157,docking_v1/production_runs/4Z45_NribOBP3/Bio59/seed_42/4Z45__Bio59__seed42_raw.pdbqt,phase5d3_pH7_meeko0.7.1_v1,phase5d3_etkdgv3_20conf_meeko0.7.1_v1,2026-10-04T09:38:43.313974+00:00,SUCCESS
4Z45__Bio59__seed2026,NRIB-OBP3__Bio59,4Z45,NRIB-OBP3,NribOBP3,Nasonovia ribisnigri,Bio59,β-Selinene,Tier B,?,2026,docking_v1/production_configs/4Z45_NribOBP3/Bio59/seed_2026.txt,docking_v1/production_runs/4Z45_NribOBP3/Bio59/seed_2026/4Z45__Bio59__seed2026_raw.pdbqt,docking_v1/production_logs/4Z45_NribOBP3/Bio59/seed_2026_attempt1.log,docking_v1/production_poses/4Z45_NribOBP3/Bio59/seed_2026,phase5d2_protocol_v1.0,32,20,4,1,21.128;-20.253;1.603,22.254;27.693;26.435,EXPECTED,1,-6.479,docking_v1/production_poses/4Z45_NribOBP3/Bio59/seed_2026/4Z45__Bio59__seed2026__pose1.pdbqt,4be82b52b48828a248f4927db14c956a952c220eb0c6b05ea043eb5e1376091d,docking_v1/production_runs/4Z45_NribOBP3/Bio59/seed_2026/4Z45__Bio59__seed2026_raw.pdbqt,phase5d3_pH7_meeko0.7.1_v1,phase5d3_etkdgv3_20conf_meeko0.7.1_v1,2026-10-04T09:39:30.505636+00:00,SUCCESS
4Z45__Bio59__seed104729,NRIB-OBP3__Bio59,4Z45,NRIB-OBP3,NribOBP3,Nasonovia ribisnigri,Bio59,β-Selinene,Tier B,?,104729,docking_v1/production_configs/4Z45_NribOBP3/Bio59/seed_104729.txt,docking_v1/production_runs/4Z45_NribOBP3/Bio59/seed_104729/4Z45__Bio59__seed104729_raw.pdbqt,docking_v1/production_logs/4Z45_NribOBP3/Bio59/seed_104729_attempt1.log,docking_v1/production_poses/4Z45_NribOBP3/Bio59/seed_104729,phase5d2_protocol_v1.0,32,20,4,1,21.128;-20.253;1.603,22.254;27.693;26.435,EXPECTED,1,-6.448,docking_v1/production_poses/4Z45_NribOBP3/Bio59/seed_104729/4Z45__Bio59__seed104729__pose1.pdbqt,142521b2d709cf5013a6dd9db5a585f1d222a6f4c3a837b79dc414ea272b4c30,docking_v1/production_runs/4Z45_NribOBP3/Bio59/seed_104729/4Z45__Bio59__seed104729_raw.pdbqt,phase5d3_pH7_meeko0.7.1_v1,phase5d3_etkdgv3_20conf_meeko0.7.1_v1,2026-10-04T09:40:13.326937+00:00,SUCCESS
4Z45__Bio59__seed271828,NRIB-OBP3__Bio59,4Z45,NRIB-OBP3,NribOBP3,Nasonovia ribisnigri,Bio59,β-Selinene,Tier B,?,271828,docking_v1/production_configs/4Z45_NribOBP3/Bio59/seed_271828.txt,docking_v1/production_runs/4Z45_NribOBP3/Bio59/seed_271828/4Z45__Bio59__seed271828_raw.pdbqt,docking_v1/production_logs/4Z45_NribOBP3/Bio59/seed_271828_attempt1.log,docking_v1/production_poses/4Z45_NribOBP3/Bio59/seed_271828,phase5d2_protocol_v1.0,32,20,4,1,21.128;-20.253;1.603,22.254;27.693;26.435,EXPECTED,1,-6.472,docking_v1/production_poses/4Z45_NribOBP3/Bio59/seed_271828/4Z45__Bio59__seed271828__pose1.pdbqt,0f28da0e1e7362d363c070fdacefa951f6d8ac11655f5ef179128927fbd7faf1,docking_v1/production_runs/4Z45_NribOBP3/Bio59/seed_271828/4Z45__Bio59__seed271828_raw.pdbqt,phase5d3_pH7_meeko0.7.1_v1,phase5d3_etkdgv3_20conf_meeko0.7.1_v1,2026-10-04T09:40:59.554770+00:00,SUCCESS
4Z45__Bio59__seed314159,NRIB-OBP3__Bio59,4Z45,NRIB-OBP3,NribOBP3,Nasonovia ribisnigri,Bio59,β-Selinene,Tier B,?,314159,docking_v1/production_configs/4Z45_NribOBP3/Bio59/seed_314159.txt,docking_v1/production_runs/4Z45_NribOBP3/Bio59/seed_314159/4Z45__Bio59__seed314159_raw.pdbqt,docking_v1/production_logs/4Z45_NribOBP3/Bio59/seed_314159_attempt1.log,docking_v1/production_poses/4Z45_NribOBP3/Bio59/seed_314159,phase5d2_protocol_v1.0,32,20,4,1,21.128;-20.253;1.603,22.254;27.693;26.435,EXPECTED,1,-6.461,docking_v1/production_poses/4Z45_NribOBP3/Bio59/seed_314159/4Z45__Bio59__seed314159__pose1.pdbqt,bba769cdfd3270fdeaf72471ad17a91b049e21bd582b48f86ade342bedac0c68,docking_v1/production_runs/4Z45_NribOBP3/Bio59/seed_314159/4Z45__Bio59__seed314159_raw.pdbqt,phase5d3_pH7_meeko0.7.1_v1,phase5d3_etkdgv3_20conf_meeko0.7.1_v1,2026-10-04T09:41:28.115182+00:00,SUCCESS
4Z45__Bio8__seed42,NRIB-OBP3__Bio8,4Z45,NRIB-OBP3,NribOBP3,Nasonovia ribisnigri,Bio8,Benzaldehyde,Tier A,*,42,docking_v1/production_configs/4Z45_NribOBP3/Bio8/seed_42.txt,docking_v1/production_runs/4Z45_NribOBP3/Bio8/seed_42/4Z45__Bio8__seed42_raw.pdbqt,docking_v1/production_logs/4Z45_NribOBP3/Bio8/seed_42_attempt1.log,docking_v1/production_poses/4Z45_NribOBP3/Bio8/seed_42,phase5d2_protocol_v1.0,32,20,4,1,21.128;-20.253;1.603,22.254;27.693;26.435,EXPECTED,1,-4.576,docking_v1/production_poses/4Z45_NribOBP3/Bio8/seed_42/4Z45__Bio8__seed42__pose1.pdbqt,300350b1b1e21c1dc19baaee20afccb0911a570fba8f57cce97308aaa7b56b2c,docking_v1/production_runs/4Z45_NribOBP3/Bio8/seed_42/4Z45__Bio8__seed42_raw.pdbqt,phase5d3_pH7_meeko0.7.1_v1,phase5d3_etkdgv3_20conf_meeko0.7.1_v1,2026-10-04T09:22:31.497431+00:00,SUCCESS
4Z45__Bio8__seed2026,NRIB-OBP3__Bio8,4Z45,NRIB-OBP3,NribOBP3,Nasonovia ribisnigri,Bio8,Benzaldehyde,Tier A,*,2026,docking_v1/production_configs/4Z45_NribOBP3/Bio8/seed_2026.txt,docking_v1/production_runs/4Z45_NribOBP3/Bio8/seed_2026/4Z45__Bio8__seed2026_raw.pdbqt,docking_v1/production_logs/4Z45_NribOBP3/Bio8/seed_2026_attempt1.log,docking_v1/production_poses/4Z45_NribOBP3/Bio8/seed_2026,phase5d2_protocol_v1.0,32,20,4,1,21.128;-20.253;1.603,22.254;27.693;26.435,EXPECTED,1,-4.593,docking_v1/production_poses/4Z45_NribOBP3/Bio8/seed_2026/4Z45__Bio8__seed2026__pose1.pdbqt,1957b627be64fce62272acdabce7c2a2f6769ef349ef97eb25488a4478d80fe0,docking_v1/production_runs/4Z45_NribOBP3/Bio8/seed_2026/4Z45__Bio8__seed2026_raw.pdbqt,phase5d3_pH7_meeko0.7.1_v1,phase5d3_etkdgv3_20conf_meeko0.7.1_v1,2026-10-04T09:22:40.462235+00:00,SUCCESS
4Z45__Bio8__seed104729,NRIB-OBP3__Bio8,4Z45,NRIB-OBP3,NribOBP3,Nasonovia ribisnigri,Bio8,Benzaldehyde,Tier A,*,104729,docking_v1/production_configs/4Z45_NribOBP3/Bio8/seed_104729.txt,docking_v1/production_runs/4Z45_NribOBP3/Bio8/seed_104729/4Z45__Bio8__seed104729_raw.pdbqt,docking_v1/production_logs/4Z45_NribOBP3/Bio8/seed_104729_attempt1.log,docking_v1/production_poses/4Z45_NribOBP3/Bio8/seed_104729,phase5d2_protocol_v1.0,32,20,4,1,21.128;-20.253;1.603,22.254;27.693;26.435,EXPECTED,1,-4.563,docking_v1/production_poses/4Z45_NribOBP3/Bio8/seed_104729/4Z45__Bio8__seed104729__pose1.pdbqt,5551c0011bc2661cb2f601c7b20add1a0e62d5651745753a45b3fdc2f70588af,docking_v1/production_runs/4Z45_NribOBP3/Bio8/seed_104729/4Z45__Bio8__seed104729_raw.pdbqt,phase5d3_pH7_meeko0.7.1_v1,phase5d3_etkdgv3_20conf_meeko0.7.1_v1,2026-10-04T09:22:41.565129+00:00,SUCCESS
4Z45__Bio8__seed271828,NRIB-OBP3__Bio8,4Z45,NRIB-OBP3,NribOBP3,Nasonovia ribisnigri,Bio8,Benzaldehyde,Tier A,*,271828,docking_v1/production_configs/4Z45_NribOBP3/Bio8/seed_271828.txt,docking_v1/production_runs/4Z45_NribOBP3/Bio8/seed_271828/4Z45__Bio8__seed271828_raw.pdbqt,docking_v1/production_logs/4Z45_NribOBP3/Bio8/seed_271828_attempt1.log,docking_v1/production_poses/4Z45_NribOBP3/Bio8/seed_271828,phase5d2_protocol_v1.0,32,20,4,1,21.128;-20.253;1.603,22.254;27.693;26.435,EXPECTED,1,-4.538,docking_v1/production_poses/4Z45_NribOBP3/Bio8/seed_271828/4Z45__Bio8__seed271828__pose1.pdbqt,5987f530bdd0a76b8ad8a0dc11c4344f44fc8d1c966daa0d4d0551d1069fdd59,docking_v1/production_runs/4Z45_NribOBP3/Bio8/seed_271828/4Z45__Bio8__seed271828_raw.pdbqt,phase5d3_pH7_meeko0.7.1_v1,phase5d3_etkdgv3_20conf_meeko0.7.1_v1,2026-10-04T09:22:52.142435+00:00,SUCCESS
4Z45__Bio8__seed314159,NRIB-OBP3__Bio8,4Z45,NRIB-OBP3,NribOBP3,Nasonovia ribisnigri,Bio8,Benzaldehyde,Tier A,*,314159,docking_v1/production_configs/4Z45_NribOBP3/Bio8/seed_314159.txt,docking_v1/production_runs/4Z45_NribOBP3/Bio8/seed_314159/4Z45__Bio8__seed314159_raw.pdbqt,docking_v1/production_logs/4Z45_NribOBP3/Bio8/seed_314159_attempt1.log,docking_v1/production_poses/4Z45_NribOBP3/Bio8/seed_314159,phase5d2_protocol_v1.0,32,20,4,1,21.128;-20.253;1.603,22.254;27.693;26.435,EXPECTED,1,-4.42,docking_v1/production_poses/4Z45_NribOBP3/Bio8/seed_314159/4Z45__Bio8__seed314159__pose1.pdbqt,945a62905f49acda120fea4396d4a4d242b5939e8673690ff7c48c3b27a6bb0a,docking_v1/production_runs/4Z45_NribOBP3/Bio8/seed_314159/4Z45__Bio8__seed314159_raw.pdbqt,phase5d3_pH7_meeko0.7.1_v1,phase5d3_etkdgv3_20conf_meeko0.7.1_v1,2026-10-04T09:23:01.511621+00:00,SUCCESS
4Z45__Bio9__seed42,NRIB-OBP3__Bio9,4Z45,NRIB-OBP3,NribOBP3,Nasonovia ribisnigri,Bio9,Mesitylene,Tier A,*,42,docking_v1/production_configs/4Z45_NribOBP3/Bio9/seed_42.txt,docking_v1/production_runs/4Z45_NribOBP3/Bio9/seed_42/4Z45__Bio9__seed42_raw.pdbqt,docking_v1/production_logs/4Z45_NribOBP3/Bio9/seed_42_attempt1.log,docking_v1/production_poses/4Z45_NribOBP3/Bio9/seed_42,phase5d2_protocol_v1.0,32,20,4,1,21.128;-20.253;1.603,22.254;27.693;26.435,EXPECTED,1,-5.066,docking_v1/production_poses/4Z45_NribOBP3/Bio9/seed_42/4Z45__Bio9__seed42__pose1.pdbqt,231ab976b91ca8e9838fbf061b46c6851297393863105b24e935ad15ce1841ff,docking_v1/production_runs/4Z45_NribOBP3/Bio9/seed_42/4Z45__Bio9__seed42_raw.pdbqt,phase5d3_pH7_meeko0.7.1_v1,phase5d3_etkdgv3_20conf_meeko0.7.1_v1,2026-10-04T09:22:53.497975+00:00,SUCCESS
4Z45__Bio9__seed2026,NRIB-OBP3__Bio9,4Z45,NRIB-OBP3,NribOBP3,Nasonovia ribisnigri,Bio9,Mesitylene,Tier A,*,2026,docking_v1/production_configs/4Z45_NribOBP3/Bio9/seed_2026.txt,docking_v1/production_runs/4Z45_NribOBP3/Bio9/seed_2026/4Z45__Bio9__seed2026_raw.pdbqt,docking_v1/production_logs/4Z45_NribOBP3/Bio9/seed_2026_attempt1.log,docking_v1/production_poses/4Z45_NribOBP3/Bio9/seed_2026,phase5d2_protocol_v1.0,32,20,4,1,21.128;-20.253;1.603,22.254;27.693;26.435,EXPECTED,1,-5.059,docking_v1/production_poses/4Z45_NribOBP3/Bio9/seed_2026/4Z45__Bio9__seed2026__pose1.pdbqt,ab20d94e01ec8c0d84a5ff0c2fa044d9f293df4cd804114c70f2542336a8b05d,docking_v1/production_runs/4Z45_NribOBP3/Bio9/seed_2026/4Z45__Bio9__seed2026_raw.pdbqt,phase5d3_pH7_meeko0.7.1_v1,phase5d3_etkdgv3_20conf_meeko0.7.1_v1,2026-10-04T09:22:58.171189+00:00,SUCCESS
4Z45__Bio9__seed104729,NRIB-OBP3__Bio9,4Z45,NRIB-OBP3,NribOBP3,Nasonovia ribisnigri,Bio9,Mesitylene,Tier A,*,104729,docking_v1/production_configs/4Z45_NribOBP3/Bio9/seed_104729.txt,docking_v1/production_runs/4Z45_NribOBP3/Bio9/seed_104729/4Z45__Bio9__seed104729_raw.pdbqt,docking_v1/production_logs/4Z45_NribOBP3/Bio9/seed_104729_attempt1.log,docking_v1/production_poses/4Z45_NribOBP3/Bio9/seed_104729,phase5d2_protocol_v1.0,32,20,4,1,21.128;-20.253;1.603,22.254;27.693;26.435,EXPECTED,1,-5.065,docking_v1/production_poses/4Z45_NribOBP3/Bio9/seed_104729/4Z45__Bio9__seed104729__pose1.pdbqt,c1d72dba39f728154dfed629f02563eaf4df4c3bfdc360a8e657fbd9399f5c34,docking_v1/production_runs/4Z45_NribOBP3/Bio9/seed_104729/4Z45__Bio9__seed104729_raw.pdbqt,phase5d3_pH7_meeko0.7.1_v1,phase5d3_etkdgv3_20conf_meeko0.7.1_v1,2026-10-04T09:23:01.699602+00:00,SUCCESS
4Z45__Bio9__seed271828,NRIB-OBP3__Bio9,4Z45,NRIB-OBP3,NribOBP3,Nasonovia ribisnigri,Bio9,Mesitylene,Tier A,*,271828,docking_v1/production_configs/4Z45_NribOBP3/Bio9/seed_271828.txt,docking_v1/production_runs/4Z45_NribOBP3/Bio9/seed_271828/4Z45__Bio9__seed271828_raw.pdbqt,docking_v1/production_logs/4Z45_NribOBP3/Bio9/seed_271828_attempt1.log,docking_v1/production_poses/4Z45_NribOBP3/Bio9/seed_271828,phase5d2_protocol_v1.0,32,20,4,1,21.128;-20.253;1.603,22.254;27.693;26.435,EXPECTED,1,-5.067,docking_v1/production_poses/4Z45_NribOBP3/Bio9/seed_271828/4Z45__Bio9__seed271828__pose1.pdbqt,3e2fd42caf768a650f585ec09c7b0334af859953eac252715bbf36f7178fd273,docking_v1/production_runs/4Z45_NribOBP3/Bio9/seed_271828/4Z45__Bio9__seed271828_raw.pdbqt,phase5d3_pH7_meeko0.7.1_v1,phase5d3_etkdgv3_20conf_meeko0.7.1_v1,2026-10-04T09:23:02.181624+00:00,SUCCESS
4Z45__Bio9__seed314159,NRIB-OBP3__Bio9,4Z45,NRIB-OBP3,NribOBP3,Nasonovia ribisnigri,Bio9,Mesitylene,Tier A,*,314159,docking_v1/production_configs/4Z45_NribOBP3/Bio9/seed_314159.txt,docking_v1/production_runs/4Z45_NribOBP3/Bio9/seed_314159/4Z45__Bio9__seed314159_raw.pdbqt,docking_v1/production_logs/4Z45_NribOBP3/Bio9/seed_314159_attempt1.log,docking_v1/production_poses/4Z45_NribOBP3/Bio9/seed_314159,phase5d2_protocol_v1.0,32,20,4,1,21.128;-20.253;1.603,22.254;27.693;26.435,EXPECTED,1,-5.072,docking_v1/production_poses/4Z45_NribOBP3/Bio9/seed_314159/4Z45__Bio9__seed314159__pose1.pdbqt,90e5205ceb821ad66ad6b6ef3c95cb4dfd8d3e6fc8674f975c7abe1a6505ec1d,docking_v1/production_runs/4Z45_NribOBP3/Bio9/seed_314159/4Z45__Bio9__seed314159_raw.pdbqt,phase5d3_pH7_meeko0.7.1_v1,phase5d3_etkdgv3_20conf_meeko0.7.1_v1,2026-10-04T09:23:10.753690+00:00,SUCCESS
